userName,score,tanggal,appVersion,ulasan,sentimen
Pengguna Google,5,05/19/2026 1:40,4.16.1,sangat membantu,negatif
Pengguna Google,1,05/19/2026 1:38,4.16.1,apk tolol ngirim kode verifikasi aja lama banget,negatif
Pengguna Google,1,05/19/2026 1:37,4.16.1,kalau lagi mau digunakan apl nya pasti login ulang terus ehh sekarang malah gak bisa login gimana ini kendala terus dah bukannya ngebantu malam mempersulit jadi nya,negatif
Pengguna Google,1,05/19/2026 1:28,4.16.1,ini gimana ya mau daftar gk bisa dpet kode ferifikasi dari no telepon gagal terus gk guna banget malah ini,negatif
Pengguna Google,1,05/19/2026 1:28,4.16.1,lemottt apliksi buruk,negatif
Pengguna Google,1,05/19/2026 1:27,4.16.1,aplikasi nya tidak berjalan dengan normal masa mau registrasi aja ngga bisa udah masukin nomor yg aktif di tunggu dan coba beberapa kali tetap tidak ada no verifikasi nya tolong diperbaiki,positif
Pengguna Google,1,05/19/2026 1:23,4.16.1,kata nya biar mempermudah daftar nya tapi kenapa ribet banget sih mau berobat di bikin ribet sama system iuran harus tetap di bayar giliran mau berobat di bikin susah,negatif
Pengguna Google,1,05/19/2026 1:22,4.16.1,makin kesini ribet banget heran orang mau cek kesehatan malah di persulit sinyal bagus paketan full masih muter muter aja kalo mau masuk yg bener aja lah,positif
Pengguna Google,2,05/19/2026 1:21,4.16.1,aplikasinya makin hari makin aneh saya mau ngajuin rujukan malah dapat notif permintaan anda belom dapat diproses sinyal padahal gak ada masalah emang aplikasinya aja yang gak jelas,negatif
Pengguna Google,1,05/19/2026 1:17,4.16.1,apk jelek ngak guna,negatif
Pengguna Google,1,05/19/2026 1:17,4.16.1,sering ke logout kasian orang tua saya yang sudah lansia kalo mau kontrol,negatif
Pengguna Google,5,05/19/2026 1:12,4.16.1,bagus,positif
Pengguna Google,5,05/19/2026 1:11,4.16.1,sangat membantu,negatif
Pengguna Google,1,05/19/2026 1:09,4.13.1,gimna solusi kalau mau verifikasi sedangakn orang tua saya tuna netra dan diwajib kan verifikasi wajah berkedip tolong ini aneh sekali,negatif
Pengguna Google,5,05/19/2026 1:09,4.14.0,sangat baik,positif
Pengguna Google,1,05/19/2026 1:02,4.16.1,apk sangat sulit di mengerti,negatif
Pengguna Google,4,05/19/2026 1:02,4.16.1,sangat membantu keren,positif
Pengguna Google,1,05/19/2026 0:57,4.16.1,yg bener lah bikin aplikasi masa gagal diserver mulu,negatif
Pengguna Google,1,05/19/2026 0:51,4.16.1,tambah bobrokkk login aja susah,negatif
Pengguna Google,5,05/19/2026 0:42,4.16.1,terimakasih sangat membantu terlebih dipermudah dengan aplikasi pandawa semoga kita selalu diberi kesehatan,negatif
Pengguna Google,1,05/19/2026 0:36,4.16.1,dipersulit,negatif
Pengguna Google,5,05/19/2026 0:33,4.16.1,aplikasi bagus,positif
Pengguna Google,5,05/19/2026 0:30,4.16.1,gua kasih bintang lima bukan karena ni apk bagus nyet jelek bgt sumpah mempersulit bgt cuma daftar doang ge udah masukin nomer gagal mulu kaga jelas nyuruh daftar online tp apknya burik gajelas mempersulit rakyat kaya president,negatif
Pengguna Google,5,05/19/2026 0:01,4.16.1,aplikasinya bagus memidahkan kepada pengguna dalam mencari informasi yang dibutuhkan,positif
Pengguna Google,5,05/18/2026 23:58,4.16.1,sangat tertolong,negatif
Pengguna Google,5,05/18/2026 23:50,4.16.1,sangat menbantu,negatif
Pengguna Google,1,05/18/2026 23:37,4.16.1,susaahhh banget login padahal smua udah benerr,negatif
Pengguna Google,1,05/18/2026 23:33,4.16.1,aplikasi pembodohan,negatif
Pengguna Google,1,05/18/2026 23:23,4.16.1,mau login error mulu ke dokter gigi berobat cuman bisa sebulan sekali itupun susah daftar jknnya bpjs kesehatan bobrok indog bobrok,negatif
Pengguna Google,5,05/18/2026 23:21,4.16.1,baik,positif
Pengguna Google,5,05/18/2026 23:21,4.16.1,aplikasi gaguna asli aplikasi kaya gini cuma bikin repot mulu verifikasi ga muncul kalo gabecus gausa bikin aplikasi lah woy tua serahin kek ke yang profesional,positif
Pengguna Google,1,05/18/2026 23:19,4.16.1,aplikasi sangat jelek ribet sy gak suka unistal aja,negatif
Pengguna Google,5,05/18/2026 23:11,4.16.1,kenapa yaa selalu ada tulisan anda sedang login di tempat yang berbeda hbis itu malah log out sendiri di hp ku sedangkan tdk ada tau akun jkn mobile ku aneh ini aplikasi tolong perbaiki,positif
Pengguna Google,1,05/18/2026 23:10,4.16.1,buat daftar aja susah,negatif
Pengguna Google,1,05/18/2026 23:05,4.15.0,mempersulit orang awam tidak semua orang paham persi lama lebih mudah,negatif
Pengguna Google,1,05/18/2026 23:05,4.16.1,sering error,negatif
Pengguna Google,1,05/18/2026 23:05,4.16.1,tolonv ya perbaiki sistem kalian itu jelek bener mau daftat buat berobat aja gangguan terus minta otp sms tapi gak masuk buang waktu banget,negatif
Pengguna Google,5,05/18/2026 23:04,4.16.1,untuk kode otp no telpon bagi yang gk masuk caranya cuma no yang mau kalian daftarin tuh harus punya pulsa ya min ribu jadi silahkan isi pulsa kalian dulu aku udh coba dan ternyata berhasil,negatif
Pengguna Google,1,05/18/2026 23:04,4.16.1,tolol,negatif
Pengguna Google,5,05/18/2026 22:47,4.16.1,nih tak kasih bintang tp tolonggg yaaaaa jadwal bookingan untuk kontrol jgn ilang an trusss pdhl udh perpanjang rujukan sudah booking dan dpt no antrian online sebelumnya jd jgn tbtb menghilang gt ajaaaa kasian saya jd mulur trus klo pgn kontrol pleaseeeee diperbaikiiiii yaaaa,negatif
Pengguna Google,1,05/18/2026 22:43,4.16.1,aplikasi pemerintah tapi kok tidak stabil sering bgt eror tidak layak pakai harusnya ada uji kelayakan dulu apalagi skrg kalau periksa dengan bpjs kesehatan wajib melalui aplikasi padahal kita juga bayar iuran tiap bulan tolong diperbaiki aplikasi ini bukan mempermudah tapi malah menghambat,positif
Pengguna Google,5,05/18/2026 22:40,4.16.1,kenapa yaaaaa harus login lagi login lagi padahal sudah bisa diakses iya kalau langsung sukses lah ini nomor nik sesuai pasword sesuai tapi gagal login alasannya nomer nik tidak sesuai pasword tidak sesuai bikin ribet aja,positif
Pengguna Google,1,05/18/2026 22:40,4.16.1,aplkasi nya bikin sulit skrg daftar di mana mana harus online tapi aplikasi sering eror sampe gak jadi kalo harus periksa ke faskes kontrol uda sulit di bikin lebih sulit,negatif
Pengguna Google,1,05/18/2026 22:31,4.16.1,apk jelek nunggu kirim kode verif ke nomor hp kaga masuk mana di wajibin lagi rusak,negatif
Pengguna Google,1,05/18/2026 22:30,4.16.1,sudah daftar sudah punya rujukan tapi tetep pas mau hari h kontrol rujukan belum punya tolong benahi lagi apk nya jangan di bikin ribet dong,negatif
Pengguna Google,3,05/18/2026 22:28,4.16.1,aplikasi sering eror,negatif
Pengguna Google,1,05/18/2026 22:25,4.16.1,udah buat akun tapi ngak bisa masuk itu gimana masa iya setiap saya mau masukin ada kendala terus padahal jaringan bagus sungguh sangat sangat memperihatinkan kalo liat gini kaya ngak niat bukannya mempermudah tapi malah kayak gini,positif
Pengguna Google,5,05/18/2026 22:21,4.16.1,tolong di perbaiki lagi masa pendaftaran faskes rujukan tingkat lanjut sering hilang sedangkan sudah mendaftar,negatif
Pengguna Google,1,05/18/2026 22:19,4.16.1,ga bisa buat aplikasi jangan buat bro ribet ribet,negatif
Pengguna Google,5,05/18/2026 22:17,4.16.1,baik,positif
Pengguna Google,5,05/18/2026 22:07,4.16.1,bagus,positif
Pengguna Google,3,05/18/2026 22:06,4.16.1,kurang puas,positif
Pengguna Google,5,05/18/2026 20:48,4.16.1,ok sekali,negatif
Pengguna Google,5,05/18/2026 20:44,4.16.1,cool,negatif
Pengguna Google,5,05/18/2026 20:04,4.16.1,memudahkan,negatif
Pengguna Google,5,05/18/2026 18:44,4.11.2,mantap,positif
Pengguna Google,2,05/18/2026 18:27,4.16.1,gk masuk akal masa iya rubah data anak baru lahir suruh foto diri beserta memegang ktp iya kali anak th punya ktp,negatif
Pengguna Google,4,05/18/2026 17:53,4.16.1,semoga bermanfaat untuk semua pake mobile jkn,negatif
Pengguna Google,5,05/18/2026 17:43,4.16.1,pelayanan nya sangat bagus dan ramah,positif
Pengguna Google,1,05/18/2026 17:36,4.16.1,g jls bgt ni aplikasi udh ganti no hp g prnh keluar kode verifikasinya,negatif
Pengguna Google,5,05/18/2026 17:22,4.16.1,baik sekali,positif
Pengguna Google,1,05/18/2026 17:19,4.16.1,aplikasi apa ini mau daftar aja susah masukin nomor hp nunggu otp ga ada yg masuk berkali kali payah kali,negatif
Pengguna Google,1,05/18/2026 17:18,4.16.1,lelet,negatif
Pengguna Google,5,05/18/2026 17:18,4.16.1,kok gk bisa download loh,negatif
Pengguna Google,5,05/18/2026 17:02,4.16.1,mamfap,negatif
Pengguna Google,5,05/18/2026 16:38,4.16.1,memudahkan proses kerja,negatif
Pengguna Google,1,05/18/2026 16:16,4.16.1,udah selesai registrasi malah gak bisa masuk tidak dapat di proses silahkan coba lagi mengecewakan,negatif
Pengguna Google,5,05/18/2026 15:59,4.16.1,cepat,positif
Pengguna Google,1,05/18/2026 15:56,4.16.1,woy kodenya lama bgt dikirim tolong yh di perbaiki aplikasi nya jangan menyusahkan orang,negatif
Pengguna Google,1,05/18/2026 15:38,4.16.1,jelek bgt anyingg bnerin lg aplikasi nya masa keluar mlu pdhl data ada pulsa ada pke wifi lemot bangetttt emosi niat mau kontrol kehalang gra ni apk sialan,negatif
Pengguna Google,5,05/18/2026 15:27,4.16.1,lumayan,negatif
Pengguna Google,5,05/18/2026 15:24,4.16.1,sistem online nya sudah lumayan ok,negatif
Pengguna Google,1,05/18/2026 15:21,4.16.1,tadi mau ambil no antrian di app eh harus verifikasi dh di masukin no hp ga masuk no otp nya email juga sama dh diklinik hmpir stgh jam ga bisa dftr offline juga ktnya harus online akhirnya ga jadi berobat beli obat aja lgsg diapotik,negatif
Pengguna Google,1,05/18/2026 15:04,4.16.1,apk apa ini anjerr mau login aja dipersulit mau verivikasi lewat wajah aja dipersulit katanya gagal trus kurang terang dll mau seterang matahari kah trus sekalinya udh dapet wajah nya malah ada notif permintaan anda gagal di akses kek arghh,negatif
Pengguna Google,5,05/18/2026 14:46,4.16.1,bagus,positif
Pengguna Google,4,05/18/2026 14:42,4.16.1,tolong dibaca aku mau verifikasi kode otp gk bisa atau harus kartunya ada pulsa dulu baru bisa terima tuh kode kah kirain daftarnya gratis ternyata kena biaya jg rugi gw download nih apk penuhin penyimpanan hp doang ternyata banyak yg bermasalah sama kode otp nya,negatif
Pengguna Google,5,05/18/2026 14:34,4.16.1,aplikasi sampah mau daftar aja eror trus,negatif
Pengguna Google,5,05/18/2026 14:32,4.16.1,bagus,positif
Pengguna Google,5,05/18/2026 14:18,4.16.1,belum di coba mudahan bermanfaat,negatif
Pengguna Google,5,05/18/2026 14:04,4.16.1,bagus,positif
Pengguna Google,5,05/18/2026 13:52,4.16.0,puas,positif
Pengguna Google,1,05/18/2026 13:46,4.16.1,susah amat mau cek juga,negatif
Pengguna Google,5,05/18/2026 13:43,4.16.1,izin menyampaikan beberapa pertanyaan dan kritik aplikasi ini dibuat dengan tujuan untuk mempermudah atau mempersulit pembuatan bpjs saat diinstruksikan untuk mencatat nomor hp kenapa tidak jadi teruss padahal saya wifi lancar sinyal lancar dan kuota juga ada jika app ini bertujuan mempermudah tolong diperbaiki apakah ada problem dalam penyetingannya malas sekali kalau berurusan sama pemerintah pastinya selalu dipersulit salah satunya ini dan masih banyak lainnya,positif
Pengguna Google,5,05/18/2026 13:42,4.16.1,sangat baik,positif
Pengguna Google,5,05/18/2026 13:36,4.16.1,aplikasi top banget sangat mempermudah,positif
Pengguna Google,5,05/18/2026 13:35,4.16.1,update mulu update mulu gaguna anj benerin noh dalemnya gabisa ngirim otp lewat sms kelola yang bener lh anj,negatif
Pengguna Google,2,05/18/2026 13:33,4.16.1,lama lama aplikasi tidak beres hp nggak di root nggak di apa apain biasa ya bisa kok sekarang nggak bisa katanya hp gara gara di root,negatif
Pengguna Google,1,05/18/2026 13:33,4.16.1,udah gk mau berkata kata lagi komenanya udah negatif semua,negatif
Pengguna Google,1,05/18/2026 13:28,4.16.1,otp sms gagal terus penerimaan otp lama,negatif
Pengguna Google,1,05/18/2026 13:27,4.16.1,susah banget mintak kode otp utuk daptar semoga cepat di perbaiki aplikasinya,positif
Pengguna Google,1,05/18/2026 13:26,4.16.1,otp sms lama jarang masuk,negatif
Pengguna Google,5,05/18/2026 13:16,4.16.1,mudah dan praktis,negatif
Pengguna Google,1,05/18/2026 13:14,4.16.1,susah login,negatif
Pengguna Google,1,05/18/2026 13:13,4.16.1,gabisa login gajelas,negatif
Pengguna Google,5,05/18/2026 13:13,4.16.1,sangat membantu bagi kesehatan keluarga kecil kami,negatif
Pengguna Google,1,05/18/2026 13:08,4.16.1,aduh buat nginstal aja gagal terus parah sih ini,negatif
Pengguna Google,5,05/18/2026 13:08,4.16.1,sangat membantu,negatif
Pengguna Google,1,05/18/2026 12:59,4.16.1,apk buruk sekali sangat buruk busuk nunggu kode verifikasi aja ga ada ada busuk,negatif
Pengguna Google,4,05/18/2026 12:51,4.15.0,alhamdulillah baik,positif
Pengguna Google,1,05/18/2026 12:50,4.16.1,napa kaga bisa daftar online malah di suruh datang langsung ke rs nya terus guna jkn apa haha,negatif
Pengguna Google,4,05/18/2026 12:40,4.16.1,kadang lemot,negatif
Pengguna Google,5,05/18/2026 12:38,4.16.0,okok ok,negatif
Pengguna Google,1,05/18/2026 12:25,4.16.1,udh nyoba berkali kali kodenya ga ke kirim,negatif
Pengguna Google,1,05/18/2026 12:25,4.16.1,aplikasi tidak jelas mau mendaftar susah sekali mempersulit,negatif
Pengguna Google,1,05/18/2026 12:17,4.16.1,iya allah mau daftar aja harus pake ekstra sabar udh registrasi di otp sms kaga masuk tapi kalo pake email langsung masuk mbok iya jangan di persulit ngapa sih,negatif
Pengguna Google,5,05/18/2026 12:15,4.16.1,oke lah,positif
Pengguna Google,5,05/18/2026 12:15,4.16.1,membantu dan memudah kan kita saat periksa kesehatan,negatif
Pengguna Google,1,05/18/2026 12:11,4.16.1,sistem otp nya jelek kode otp berulang kali dicoba tapi gaada sms masuk harusnya dibuat aja verifikasi nomor hp setelah bisa daftar akun dan juga harusnya dibuat opsi pengiriman otp by wa atau sms,negatif
Pengguna Google,5,05/18/2026 12:09,4.16.1,sangat membantu,negatif
Pengguna Google,1,05/18/2026 12:06,4.16.1,otp tidak muncul,negatif
Pengguna Google,5,05/18/2026 11:59,4.16.1,mntap,negatif
Pengguna Google,1,05/18/2026 11:58,4.16.1,aplikasi gajelas percuma adanya antrian online tetep aja dibuat nunggu jam,negatif
Pengguna Google,5,05/18/2026 11:58,4.16.1,cukup lancar saat berselancar andaikan ada fasilitas mendaftarkan antrian untuk peserta lain seperti orangtua atau nenek yang sudah jompo,positif
Pengguna Google,1,05/18/2026 11:57,4.16.1,apk buruk daftar aja susah dikit dikit keluar ngulang terus,negatif
Pengguna Google,1,05/18/2026 11:49,4.15.0,gak jelas apk nya udh di suruh update malah ngak bisa,negatif
Pengguna Google,1,05/18/2026 11:48,4.16.1,susah sekali mau buka jkn ruwet,negatif
Pengguna Google,1,05/18/2026 11:44,4.16.1,aplikasi abal abal menyusahkan orang sakit yg mau berobat padahal sudah ada kartu tapi harus screening harus isi capta di aplikasi dll nggak kebayang klo yg sakit adalah nenek kakek kakek dan darurat sungguh aplikasi ini bukan membahagiakan tapi menyusahkan orang sakit apalagi semua keluarga ada dalam satu aplikasi dan satu hp jadi keluarga yg sakit harus di daftarkan oleh pemegang hp sekali lagi ini aplikasi menyusahkan pasien,negatif
Pengguna Google,1,05/18/2026 11:43,4.13.1,pas ada apk ini mau berobat aja susahnya minta ampun harus dan wajib menggunakan apk ini sedangkan tidak semua hp mensuport tolong dong adain versi webnya biar tidak memakan memori,negatif
Pengguna Google,5,05/18/2026 11:33,4.16.1,goood,negatif
Pengguna Google,2,05/18/2026 11:26,4.16.1,mobile jkn apakah harus update untuk update hp saya sudah full harus hapus hapus kalau tidak update apakah memang tidak bisa dibuka digunakan,negatif
Pengguna Google,5,05/18/2026 11:25,4.16.1,cepat langsung dan mudah,positif
Pengguna Google,5,05/18/2026 11:19,4.16.1,sip top markotop,positif
Pengguna Google,5,05/18/2026 11:18,4.16.1,kren bisa langsung terupdate,negatif
Pengguna Google,5,05/18/2026 10:59,4.16.1,sangat membantu,negatif
Pengguna Google,1,05/18/2026 10:50,4.16.1,aplikasi rusak daftar make nomor telepon kaga masuk pesannya lolot,negatif
Pengguna Google,1,05/18/2026 10:48,4.16.1,aplikasi aneh jaringan lancar tapi tidak bisa memesan antrian untuk ke faskes,positif
Pengguna Google,5,05/18/2026 10:36,4.16.1,good aplication and simple,negatif
Pengguna Google,5,05/18/2026 10:34,4.16.1,terbaik,positif
Pengguna Google,5,05/18/2026 10:34,4.16.1,kerennnn,positif
Pengguna Google,1,05/18/2026 10:29,4.16.1,apk anehh verifikasi lewat sms tapi kode otp nya ga masuk ke sms uda dicoba berkali sama aja uda menghubungi call center pandawa tapi balesnya pake chat bot yg ga jelas,negatif
Pengguna Google,5,05/18/2026 10:21,4.16.1,sangat membantu,negatif
Pengguna Google,5,05/18/2026 10:16,4.16.1,untuk antrian online sudah di cencel tetapi status tidak berubah,negatif
Pengguna Google,5,05/18/2026 10:15,4.16.1,ok,negatif
Pengguna Google,5,05/18/2026 10:09,4.16.1,memudahkan pengguna bpjs,negatif
Pengguna Google,5,05/18/2026 10:02,4.16.1,cepat tanggap,positif
Pengguna Google,1,05/18/2026 9:52,4.16.1,masa gak update data sih antara aplikasi sama pcare gak jelas bgt,negatif
Pengguna Google,5,05/18/2026 9:50,4.16.1,tolong benerin lagi untuk map nya nggak jelas sekali klinik kok yang di tunjukin warung makan edan banget,negatif
Pengguna Google,5,05/18/2026 9:47,4.16.1,bagus,positif
Pengguna Google,1,05/18/2026 9:34,4.16.1,mohon untuk di perhatikan untuk kode otp sms ny sudah berapa hari nyoba tapi tidak masuk masuk,negatif
Pengguna Google,1,05/18/2026 9:33,4.16.1,data sudah sesuai dengan kk tapi tidak bisa daftar antrean online minus bgttt,positif
Pengguna Google,1,05/18/2026 9:25,4.16.1,aplikasi sangat buruk banyak error nya pas pilih metode verifikasi no hp hanya menampilkan kolom kosong tidak bisa di klik maupun di scroll,negatif
Pengguna Google,2,05/18/2026 9:18,4.13.1,makin update makin ribet mau login pas klik masuk gk bisa dipencet,negatif
Pengguna Google,5,05/18/2026 9:15,4.16.1,lebih nyaman memakai aplikasi mobile jkn,positif
Pengguna Google,2,05/18/2026 9:04,4.16.1,aplikasinya banyak bug dan error rujukan sering hilang sehingga tidak bisa mendaftar lewat aplikasi padahal baru tadi pagi dibuat rujukan belum lewat bulan dan hanya bisa ditrack lewat riwayat pelayanan banyak loading error tidak dapat memuat data,negatif
Pengguna Google,1,05/18/2026 8:59,4.16.1,terlalu ribet buat daftar harus pake otp scan wajah tapi ngulang ngulang terus sering error gimana warga mau cek keanggotaan bpjs nya kalau via app saja ribet dipersulit,negatif
Pengguna Google,1,05/18/2026 8:55,4.16.1,kode otp kok gamasuk masuk,negatif
Pengguna Google,1,05/18/2026 8:52,4.16.1,suka ke log out sendiriiiiiiiii,positif
Pengguna Google,3,05/18/2026 8:49,4.16.1,mau batalin jadwal dan ganti hari malah ditolak apk gak jelas,negatif
Pengguna Google,5,05/18/2026 8:43,4.16.1,memudahkan pendaftaran saat mau priksa,negatif
Pengguna Google,4,05/18/2026 8:32,4.16.1,perubahan data dan penambahan data ga bisa ter pakai trus buat apa tuh tombolnya heran tolong dong di perbaiki lewat jkn jangan kekantornya lagi buat perubahanya,positif
Pengguna Google,5,05/18/2026 8:30,4.16.1,berguna bangettt,negatif
Pengguna Google,5,05/18/2026 8:27,4.16.1,bagus,positif
Pengguna Google,1,05/18/2026 8:12,4.16.1,wifi sinyal bagus tapi suka error mulu jelek apk ini,negatif
Pengguna Google,1,05/18/2026 8:11,4.16.1,bangke skrining gagal terus,negatif
Pengguna Google,1,05/18/2026 8:11,4.16.1,mau daftar online tp gangguan terus balikin aja kaya dulu ga perlu daftar online segala daftar di faskes atau rs langsung kan bisa,negatif
Pengguna Google,5,05/18/2026 8:08,4.16.1,sangat baik,positif
Pengguna Google,4,05/18/2026 8:08,4.16.1,mudah digunakan,negatif
Pengguna Google,5,05/18/2026 7:58,4.16.1,sangat membatu dalam mngecek ke aktifan bpjs ok sihhh,negatif
Pengguna Google,5,05/18/2026 7:55,4.16.1,puasa bgt,positif
Pengguna Google,1,05/18/2026 7:53,4.16.1,tau sendirilah kulitasnya udh gitu tiap instansi punya aplikasinya sendiri buruk bener kata raymond gini saja terus sampai ketinggalan zaman lawak,negatif
Pengguna Google,5,05/18/2026 7:53,4.16.1,sudah bagus jaringan agar dipercepat jangan sering gagal,positif
Pengguna Google,5,05/18/2026 7:37,4.16.1,sejauh ini jkn sangat membantu,negatif
Pengguna Google,5,05/18/2026 7:34,4.16.1,tolong perbaiki pada perubahan data kenapa ganti nomer telpon susah veripikasi,positif
Pengguna Google,5,05/18/2026 7:30,4.16.1,ok,negatif
Pengguna Google,5,05/18/2026 7:29,4.16.1,lupa pasword reply buat kirim otp lama sekali sampainya mungkin banyak mampir ngopi atau masuk gorong gorong,negatif
Pengguna Google,5,05/18/2026 7:27,4.16.1,layanan cepat,positif
Pengguna Google,1,05/18/2026 7:21,4.13.1,gak jelas dan gak mutu,negatif
Pengguna Google,1,05/18/2026 7:21,4.16.1,buruk ngeleg,negatif
Pengguna Google,1,05/18/2026 7:08,4.16.1,diperbaiki lagi dong sistemnyaa gimana sih udah nunggu verifikasi lama banget malah gak dikirim padahal nomer sudah sesuai,positif
Pengguna Google,5,05/18/2026 7:05,4.16.1,sangat termotivasi,negatif
Pengguna Google,5,05/18/2026 6:55,4.13.1,ga bisa up date tolong dibantu,negatif
Pengguna Google,5,05/18/2026 6:53,4.16.1,ok,negatif
Pengguna Google,5,05/18/2026 6:49,4.16.1,bismila semogga dikasih jalan kemuadahan dalam segala urusan,negatif
Pengguna Google,5,05/18/2026 6:47,4.16.1,sangat membantu,negatif
Pengguna Google,5,05/18/2026 6:45,4.16.1,mantap,positif
Pengguna Google,5,05/18/2026 6:44,4.15.0,inovasi yg berkelanjutan,negatif
Pengguna Google,5,05/18/2026 6:37,4.16.1,buat bintang supaya di baca sampah banget ini aplikasi bukannya mempermudah malah mempersulit urusan gw udah kirim kode otp buat nomor telpon tapi gak di kasih kasih gini nih boomer kalo buat aplikasi ga paham it taiiiikkk,negatif
Pengguna Google,1,05/18/2026 6:37,4.16.1,cacat eror terus,negatif
Pengguna Google,5,05/18/2026 6:36,4.16.1,suruh masukin no hp giliran udah di masukin no hp nya malah gak dikirim kode otp nya kan ngelawak,negatif
Pengguna Google,5,05/18/2026 6:36,4.16.1,sangat membantu,negatif
Pengguna Google,1,05/18/2026 6:34,4.12.0,apk macam apa ini setiap mau klik menu muncul notif gagal karena jaringan hadeh,negatif
Pengguna Google,1,05/18/2026 6:30,4.16.1,di indonesia apa gk ada orang pinter semua mempersulittt,negatif
Pengguna Google,5,05/18/2026 6:24,4.16.1,mantap bs di akses kapan saja dan mempermudah kita dalam menggunakan akses kesehatan,positif
Pengguna Google,5,05/18/2026 6:22,4.16.1,sangat baik dan sangat rekomedasi,positif
Pengguna Google,5,05/18/2026 6:21,4.16.1,bagus sgt membantu,positif
Pengguna Google,5,05/18/2026 6:14,4.16.1,lumayan,negatif
Pengguna Google,2,05/18/2026 6:02,4.16.1,ribet aplikasi minggu ga dibuka pasti ke logout sendiri pdhl ga di uninstall jd harus login lagi ga cuma sekali dua kali kaya gini,negatif
Pengguna Google,1,05/18/2026 5:57,4.16.1,aplikasi gkberes mas gkbsa login sma skli,negatif
Pengguna Google,5,05/18/2026 5:57,4.15.0,kenapa tiba tiba gabisa masuk akun ya udah masukin no kk yg bener tapi gagal terus heran aku sekarang gabisa dipake nih app,negatif
Pengguna Google,1,05/18/2026 5:57,4.16.1,aplikasi ga guna banyak ngelag nya lelet bgt,negatif
Pengguna Google,1,05/18/2026 5:48,4.16.1,aplikasi enggak guna,negatif
Pengguna Google,5,05/18/2026 5:26,4.16.1,mantab,negatif
Pengguna Google,1,05/18/2026 5:11,4.16.1,bacalah komennya,negatif
Pengguna Google,5,05/18/2026 5:10,4.16.1,terima kasih sudah menghadirkan verifikasi melalui wajah akhirnya saya bisa verifikasi akun jkn ini,negatif
Pengguna Google,1,05/18/2026 5:09,4.16.1,gajelas,negatif
Pengguna Google,1,05/18/2026 5:06,4.16.1,susah ga berguna,negatif
Pengguna Google,1,05/18/2026 4:54,4.16.1,aplikasi terlalu secure tidak nyaman dipakai,positif
Pengguna Google,1,05/18/2026 4:50,4.16.0,harus selalu di update sementara penyimpanan pengguna kadang habis tidak bisa di update tidak bisa di pakai pula,negatif
Pengguna Google,5,05/18/2026 4:50,4.16.1,sangat membantu,negatif
Pengguna Google,5,05/18/2026 4:49,4.16.1,tdk harus antri lama,negatif
Pengguna Google,5,05/18/2026 4:45,4.16.1,sejauh ini sangat membantu sekali aplikasinya,negatif
Pengguna Google,5,05/18/2026 4:38,4.16.1,bagus gak ada masalah sama sekali,positif
Pengguna Google,1,05/18/2026 4:32,4.16.1,aplikasi gak guna,negatif
Pengguna Google,1,05/18/2026 4:31,4.15.0,aplikasi sering keluar susah utk berobat,negatif
Pengguna Google,5,05/18/2026 4:29,4.16.1,terimakasih atas aplikasinya sangat berguna dan bermanfaat aplikasi mobile jkn sangat membatu buat memfasilitasi kesehatan keluarga terimakasih,negatif
Pengguna Google,5,05/18/2026 4:29,4.16.1,sangat mudah dan membantu,negatif
Pengguna Google,5,05/18/2026 4:28,4.16.1,aman dan yang terbaik,positif
Pengguna Google,5,05/18/2026 4:27,4.16.1,mudah dan pelayanan yang baik,positif
Pengguna Google,5,05/18/2026 4:26,4.16.1,mempermudah sangat membantu,negatif
Pengguna Google,2,05/18/2026 4:21,4.16.1,apk nya ribet banget anjirr udah masukin nik tetep ga bisaa woiii masukin no hp buat verifikasi ga muncul kode verifikasi dari sms perbaiki lagii apk nyaa bangsatt,positif
Pengguna Google,5,05/18/2026 4:19,4.16.1,bagus,positif
Pengguna Google,1,05/18/2026 4:13,4.16.1,aplikasi ribet mau daftar aja perlu login terus gajelas sy udah login ulang,negatif
Pengguna Google,5,05/18/2026 4:03,4.16.1,ok,negatif
Pengguna Google,1,05/18/2026 4:02,4.16.1,biasanya msk mudah bgtu per tgl juni tiap dftr ke poli hrs pke mjkn skrg msk susah dftr ulang jg susah nunggu kode otp smpe detik udh ditggu bknnya bs mlh error coba lg sdh dicoba lg bgtu wktu hbis kode otp gk jg diksi smpe x dftr ini nya kek mana smua dipersulit hrs kek mana yg sakit keburu gk nafas baru bs,negatif
Pengguna Google,1,05/18/2026 4:02,4.16.1,kode otp sms susah masuk padahal nomor masih aktif,negatif
Pengguna Google,1,05/18/2026 4:01,4.16.1,perbaiki dia punya kode otp sms lama masuknya,negatif
Pengguna Google,5,05/18/2026 3:43,4.16.1,asik,negatif
Pengguna Google,5,05/18/2026 3:41,4.16.1,good,negatif
Pengguna Google,1,05/18/2026 3:40,4.16.1,ini aplikasi bukannya mempermudah malah mempersulit peserta bpjs kesehatan,negatif
Pengguna Google,5,05/18/2026 3:36,4.16.1,sangat cocok digunakan bagi smua tmn yg mnjalanin nya dgn baik menjadi kenyataan nya,positif
Pengguna Google,5,05/18/2026 3:35,4.16.1,bagus,positif
Pengguna Google,5,05/18/2026 3:34,4.16.1,sangat membantu masyarakat,negatif
Pengguna Google,1,05/18/2026 3:28,4.16.1,aplikasi mau daftar pas masukin no hp system nya error terus,negatif
Pengguna Google,4,05/18/2026 3:23,4.16.1,aplikasinya bagus hanya saja layanan faskes tidak sebagus layanan aplikasinya,positif
Pengguna Google,3,05/18/2026 3:21,4.16.1,tolong jangan sering di update kami yg hp nya ga cukup ruang ini bingung mau hapus apa lagii,negatif
Pengguna Google,1,05/18/2026 3:21,4.16.1,ngga bisa di buka force close mulu kocak aplikasi ga guna ga bisa di buka sama sekali aplikasi busuk,negatif
Pengguna Google,5,05/18/2026 3:12,4.16.1,cepatt baguss,positif
Pengguna Google,5,05/18/2026 3:08,4.16.1,semoga semakin lebih baik lagi dalam pelayanan nya,positif
Pengguna Google,5,05/18/2026 3:07,4.16.1,ok,negatif
Pengguna Google,1,05/18/2026 3:04,4.16.1,ini gimana ya sudah banyak yang mengeluh tapi belum ada perbaikan juga niat nggak sih bikin aplikasi ini malah tambah mempersulit aja,positif
Pengguna Google,2,05/18/2026 3:02,4.16.1,tolong aplikasinya diperbaiki min sy daftar antrean tdk masuk perintahnya disuruh coba lg lain waktu begitu dicoba lagi perintahnya sama sampai berulang dan anehnya begitu coba datangi faskesnya ternyata sdh dpt antrean maaf sy kasih bintang sj utk apknya krna sy merasa sdh dikerjain,positif
Pengguna Google,5,05/18/2026 2:58,4.16.1,kode otp tidak bisa masuk woyyy,negatif
Pengguna Google,5,05/18/2026 2:56,4.16.1,mantap mudah mengggunakan jkn,positif
Pengguna Google,5,05/18/2026 2:56,4.16.1,ok,negatif
Pengguna Google,1,05/18/2026 2:54,4.16.1,nunggu kode verifikasi nya lama banget sinyal padahal bagus wifi perusahaan juga g tapi di aplikasi tertulis offline kan aneh aplikasi nya sekelas aplikasi punya pemerintah lo padahal,negatif
Pengguna Google,1,05/18/2026 2:52,4.16.1,maksudnya gimana si bikin apk tp ga kepake,negatif
Pengguna Google,5,05/18/2026 2:51,4.16.1,ok,negatif
Pengguna Google,5,05/18/2026 2:46,4.16.1,saya mau down grade kelas karena sudah tdk bekerja lagi dan mau me non aktifkan auto debet petugas dg ramah dan sigap menjelaskan melalui mobile jkn sampai saya paham dan hari itu juga sudah langsung kelar terimakasih mobile jkn,positif
Pengguna Google,1,05/18/2026 2:46,4.16.1,dari sekian ribu yang komen tetep aja kasusnya sama min kenapa gak buru ditangani verifikasi lewat nomer hp selalu gagal tolong kasih alternatif lain misal lewat email saja ini udah dapet verifikasi lewat email tapi dimintain nomer lagi ya sama aja,negatif
Pengguna Google,1,05/18/2026 2:44,4.16.1,aplikasinya cacat banget wkwkkw bagusan juga aplikasi kampus ku wkwk,negatif
Pengguna Google,5,05/18/2026 2:42,4.15.0,kenapa mesti update terus,negatif
Pengguna Google,1,05/18/2026 2:37,4.16.1,apk gila padahal udh dirujuk tetapi ngak muncul di aplikasi bobrok amat sih mendjng hapus aja,negatif
Pengguna Google,3,05/18/2026 2:34,4.16.1,kenapa harus berungkali login padahal dr hp yg sama hampir tiap buka aplikasi harus relogin,negatif
Pengguna Google,1,05/18/2026 2:33,4.16.1,aplikasi sampahhhh banyak kali eror nyaaa mau berobat mau ngurus surat banyak kali persyaratan nyaaa,negatif
Pengguna Google,2,05/18/2026 2:32,4.16.1,baru update malah susah masuk captha eror,negatif
Pengguna Google,3,05/18/2026 2:30,4.16.1,kadang logout sendiri mana lemot lagi kalo buka menu ambil antrean update dulu deh,negatif
Pengguna Google,1,05/18/2026 2:25,4.16.1,tidak bisa untuk daftar online faskes kedua terus apa gunanya aplikasi aplikasi guoblok ga berguna buang waktu dan uang,negatif
Pengguna Google,1,05/18/2026 2:24,4.16.1,ini aplikasinya bagaimana log in susah semua nik password captcha juga benar ttp gak bisa login sekarang kalau periksa suruh daftar lewat jkn tp aplikasinya busuk bagaimana ini update sistem terus malah tambah busuk,negatif
Pengguna Google,1,05/18/2026 2:24,4.16.1,aplikasi sering eror,negatif
Pengguna Google,5,05/18/2026 2:24,4.16.1,puas dengan pelayanan nya,positif
Pengguna Google,5,05/18/2026 2:23,4.16.1,update app malah ga bisa login captcha salah mlu udb bner ngisi tpi salah mlu rusaakk,negatif
Pengguna Google,1,05/18/2026 2:21,4.16.1,apk nya mempersulit urusan sudah beberapa kali masukin nomor handphone kode otpnya ngk muncul padahal cuma mau cetak bpjs ketenagakerjaan dari perusahaan tpi susahnya minta ampun udh paling workit datang langsung ajah datang ke kantor bpjs nya,negatif
Pengguna Google,3,05/18/2026 2:20,4.9.0,apk nya bagus tapi saat saya masuk kenapa login nya captcha nya sama terus padahal udah benar kok di bikin nya kode captcha nya salah terima kasih,positif
Pengguna Google,5,05/18/2026 2:20,4.16.1,memudahkan,negatif
Pengguna Google,1,05/18/2026 2:20,4.16.1,ga bisa dibuka sialan,negatif
Pengguna Google,2,05/18/2026 2:20,4.16.1,kenapa sih aplikasi ini selalu aja keluar sendiri dari akun bpjs ku capek tauh masuk nik nya,negatif
Pengguna Google,1,05/18/2026 2:19,4.16.1,erroorrrr terusss udah berhari hari myoba ambil antrean malah gagal mulu kapan periksanya kalau begini,negatif
Pengguna Google,2,05/18/2026 2:18,4.16.1,di update bukan nya lancar malah eror bikin antrian panjang aja,positif
Pengguna Google,1,05/18/2026 2:17,4.16.1,jelekk capcha sering gagal,negatif
Pengguna Google,5,05/18/2026 2:17,4.16.1,sangat membantu,negatif
Pengguna Google,5,05/18/2026 2:12,4.15.0,memprmudah sekali saay pendaftaran onlen,negatif
Pengguna Google,1,05/18/2026 2:11,4.16.1,parahh bangettt surgaa jalur daftar jkn bikin tensi naekk gilaa mempersulit hidup orng teruss kerjanyaa kaliaan,negatif
Pengguna Google,1,05/18/2026 2:10,4.16.1,jeleke banget mau daftar kode otp gak terkirim lawak banget dah,negatif
Pengguna Google,5,05/18/2026 2:08,4.16.1,good,negatif
Pengguna Google,1,05/18/2026 2:08,4.16.1,aplikasinya lemot kirim kode otp saja lama banget sesuai pelayanannya,negatif
Pengguna Google,5,05/18/2026 2:06,4.16.1,sangat bagus,positif
Pengguna Google,5,05/18/2026 1:59,4.16.1,bagus banget apknya sangat membatu,positif
Pengguna Google,1,05/18/2026 1:55,4.16.1,nth apa root stiap di buka itu trus yg kluar mau chek in pas kontrol aplikasi nya gk bsa d bka,negatif
Pengguna Google,5,05/18/2026 1:55,4.16.1,usefull,negatif
Pengguna Google,1,05/18/2026 1:44,4.16.1,susah masuk,negatif
Pengguna Google,1,05/18/2026 1:44,4.16.1,aplikasinya eror mulu masa sering ke log out sendiri giliran mau masuk ulang server eror ga bisa masuk disuruh nyoba lain kali kan kocak,negatif
Pengguna Google,5,05/18/2026 1:43,4.16.1,cepattt tindakaan nya sekarang lebih vaik,positif
Pengguna Google,4,05/18/2026 1:40,4.16.1,bagus dan mudah dj gunakan,positif
Pengguna Google,5,05/18/2026 1:37,4.16.1,aplikasi baagus,negatif
Pengguna Google,1,05/18/2026 1:36,3.7.1,di update malah ngaco gabisa login,negatif
Pengguna Google,4,05/18/2026 1:36,4.16.1,sangat membantu,negatif
Pengguna Google,5,05/18/2026 1:34,4.16.1,aplikasi mobil jkn sangat praktis mudah digunakan,negatif
Pengguna Google,1,05/18/2026 1:33,4.16.1,aplikasinya sering log out sendiri setiap ngambil antrian log out terus pengen berobat aja di persulit seperti di tolak secara halus,negatif
Pengguna Google,5,05/18/2026 1:30,4.16.1,keren pokok nya,positif
Pengguna Google,1,05/18/2026 1:27,4.16.1,sampah programer nya amatir tampilan burik otp sms ngk bisa email bisa tapi harus sms otp sms menit sementara sms ngk masuk masuk dan pastinya apps ngk guna,negatif
Pengguna Google,2,05/18/2026 1:25,4.16.1,aplikasi lemot ferivikasi lama,negatif
Pengguna Google,5,05/18/2026 1:25,4.16.1,jika berjalan sesuai bagus,positif
Pengguna Google,1,05/18/2026 1:19,4.16.1,ciri khas aplikasi milik pemerintah error always,negatif
Pengguna Google,4,05/18/2026 1:12,4.16.1,sangat membantu,negatif
Pengguna Google,5,05/18/2026 1:10,4.16.1,bagus sekali,positif
Pengguna Google,5,05/18/2026 1:05,4.16.1,bagus,positif
Pengguna Google,5,05/18/2026 1:05,4.16.1,good apps,negatif
Pengguna Google,5,05/18/2026 1:00,4.16.1,ramah santun dan mudah dimengerti dalam pemaparan,positif
Pengguna Google,5,05/18/2026 0:58,4.16.1,sangat memuaskan respon juga cepat,positif
Pengguna Google,1,05/18/2026 0:56,4.16.1,lambat kali respon otp,negatif
Pengguna Google,5,05/18/2026 0:53,4.13.1,sangat membantu,negatif
Pengguna Google,5,05/18/2026 0:38,4.16.1,sangat membantu,negatif
Pengguna Google,1,05/18/2026 0:37,4.16.1,minta ganti sandi melalui sms malah gangguan sinyal padahal nomor kartu masih aktif di ulang ulang tetep aja ga bisa gimana sih ini apk nya,negatif
Pengguna Google,1,05/18/2026 0:32,4.16.1,aplikasi sering eror login akun pun sering tidak bisa,negatif
Pengguna Google,5,05/18/2026 0:30,4.16.1,apk ini memudahkan dan sangat bermanfaat,negatif
Pengguna Google,2,05/18/2026 0:30,4.16.1,nyusahin rajyat aja sering log out sering eror,negatif
Pengguna Google,5,05/18/2026 0:29,4.8.1,lumayan,negatif
Pengguna Google,1,05/18/2026 0:29,4.16.1,jelek kode otp saja tidak dikirim kirim,negatif
Pengguna Google,5,05/18/2026 0:28,4.16.1,saya kasih bintang tapi tolong jangan mempersulit masa ia setiap mau daptar kuota penuh terus sampai berapa hari langsung juga nggak bisa harus melalui jkn ini maksudnya apa ya bukan mempermudah tapi semakin mempersulit,negatif
Pengguna Google,5,05/18/2026 0:19,4.16.1,cepat dan akurat,positif
Pengguna Google,5,05/18/2026 0:11,4.16.1,terbaik pokonya semuanya jadi mudah dengan mobile jkn,positif
Pengguna Google,5,05/18/2026 0:03,4.16.1,terimakasih sangat mudah dan tidak perlu ke kantor nya untuk mengubah faskes,negatif
Pengguna Google,1,05/18/2026 0:01,4.16.1,aplikasi ta k kendala mulu gagal terhubung mulu jaringan kenceng hp ip mau kontrol gigi ga bisa daftar manual ke rs juga ga bisa gmn si ini aplikasi bobrok bat,negatif
Pengguna Google,5,05/18/2026 0:00,4.16.1,memuaskan,positif
Pengguna Google,1,05/17/2026 23:51,4.16.1,apk kunyuk log out mlu bnrin server tolol lu itu,negatif
Pengguna Google,1,05/17/2026 23:51,4.16.1,apk rusak nyusain rakyat aja masukin ke email kode otp ga masuk lewat no sms mesti pakai no yg terdaftar lah kl no hp ny sdah d ganti kok masih minta no lama kerja sesuai gaji kalian woyy,negatif
Pengguna Google,1,05/17/2026 23:48,4.16.1,sering eror ga bisa dibuka padahal lagi buru buru mau daftar ke klinik buat hari ini gjls,negatif
Pengguna Google,5,05/17/2026 23:26,4.16.1,puas,positif
Pengguna Google,5,05/17/2026 22:57,4.16.1,alhamdulillah aplikasi ini sangat membantu,negatif
Pengguna Google,5,05/17/2026 22:49,4.16.1,bermanfaat untuk mengurus kesehatan jarak jauh bisa untuk melakukan pendaftaran ke faskes terdekat,negatif
Pengguna Google,5,05/17/2026 22:44,4.16.1,aplikasi bermanfaat goodjob,negatif
Pengguna Google,5,05/17/2026 22:27,4.16.1,apk ini sangat bermanfaat bagi kita semua,negatif
Pengguna Google,1,05/17/2026 22:14,4.16.1,aplikasi pemerintah lho padahal tpi mau login aja susah nik bener password bener captcha bener tpi salah terossssssss udh gnti sandi nik udh bener bener lihat di ktp captcha bnr tt gabisa masuk bnr tidak bisa diharapkan lagi dan lagi mobile jkn yaampun buat ambil antrean berhari transaksi blm dpt diproses terus kek gaperna optimal ada aja problemnya anjay ayolah dibenahi lah please,negatif
Pengguna Google,5,05/17/2026 22:04,4.16.1,saya sangat senang dengan aplikasinya dan mudah untuk diaplikasikan terimakasih mobile jkn,negatif
Pengguna Google,5,05/17/2026 21:50,4.16.1,maju terua bpjs,negatif
Pengguna Google,5,05/17/2026 21:32,4.16.1,baik dan sangat membantu,positif
Pengguna Google,5,05/17/2026 21:27,4.16.1,bagus,positif
Pengguna Google,5,05/17/2026 19:57,4.16.1,hebat cepat lancar,positif
Pengguna Google,5,05/17/2026 19:50,4.16.1,aplikasi nya bgus sangat membantu,negatif
Pengguna Google,5,05/17/2026 19:04,4.16.1,sangat bermanfaat,negatif
Pengguna Google,5,05/17/2026 18:19,4.16.1,tambahkan akun tutup permanen,negatif
Pengguna Google,5,05/17/2026 18:15,4.16.0,mempermudah utk pendaftaran ke klinik rs,negatif
Pengguna Google,1,05/17/2026 17:42,4.16.1,udah lama nga ngeh tiba tiba aplikasi keluar sendiri pertama ngelihat kok tiba akunku ga aktif baru mau cari solusi dibiarin bbrp wkt krn ga ngeh ternyata ke log out sendiri dong identitas aku maksudnya ini bgmn trus saya udah download apdet apps ulang eh malah gabisa masuk lagi pdhl nomor masih aktif tp otp ga masuk udah hari email katanya ga terdaftar dari banyak review kubaca disini kayanya developer ini emang ga perduli keluhan masyarakat kenapa sih aplikasi pemerintah sllu bapuk,negatif
Pengguna Google,2,05/17/2026 17:35,4.16.1,verifikasi susah banget,negatif
Pengguna Google,4,05/17/2026 17:06,4.14.0,edited untuk level apk pemerintah sudah bagus kekurangan otp verifikasi hanya tersedia sms sering tidak ada coba tambah metode whatsapp dan telepon aplilasi sering tidak bisa di buka karena root padahal hp normal ga di apa in tolong lah perbaiki,positif
Pengguna Google,5,05/17/2026 17:03,4.16.1,kenapa sekarang semakin sulit email tidak terdaftar lah nomer belum terdaftar,negatif
Pengguna Google,1,05/17/2026 16:47,4.16.1,aplikasi apa kek gini udah jelas nik dimasukan betul bisa pulak di bilang salah,positif
Pengguna Google,5,05/17/2026 16:39,4.16.1,alhamdulillah update perubahan data lancar,positif
Pengguna Google,1,05/17/2026 16:32,4.16.1,gajelas bolak balik suruh log in nik tb gabisa bikin log in apk gajelas,negatif
Pengguna Google,5,05/17/2026 16:30,4.14.0,sangat membantu sekali terimakasih,negatif
Pengguna Google,5,05/17/2026 16:15,4.16.1,bagus,positif
Pengguna Google,5,05/17/2026 15:53,4.16.1,alhamdulillaah good,negatif
Pengguna Google,1,05/17/2026 15:23,4.16.1,aplikasi paling jelek bukan mempermudah malah mempersulit mau verifikasi no tlp aja harus ada pulsa dulu sekali ngirim otp plsa k habisssss dan pengirimannya lama banget jadi harus konfirmasi berkali kali,negatif
Pengguna Google,5,05/17/2026 15:02,4.16.1,bagus,positif
Pengguna Google,5,05/17/2026 15:00,4.16.1,bagus,positif
Pengguna Google,1,05/17/2026 14:13,4.9.0,gak bisa di buka aplikasinya katanya hp di root pdhl hp standar pabrik ga di apa apain,negatif
Pengguna Google,1,05/17/2026 13:46,4.16.1,aplikasi buruk gabisa verivikasi wajah apa masalahnya sih huh,negatif
Pengguna Google,5,05/17/2026 13:46,4.16.1,rata masalahnya di kode otp sms ternyata kita sama apk sampah,negatif
Pengguna Google,5,05/17/2026 13:32,4.16.1,oke bgttttt,positif
Pengguna Google,3,05/17/2026 13:25,4.16.1,kurang simpel masih banyak yg perlu di benahi,negatif
Pengguna Google,1,05/17/2026 13:17,4.16.1,memang aplikasi pan ek ini siapa yang menciptakan aplikasi ini,negatif
Pengguna Google,5,05/17/2026 13:16,4.16.1,bagus,positif
Pengguna Google,5,05/17/2026 13:06,4.16.1,sangat membantu,negatif
Pengguna Google,5,05/17/2026 13:04,4.16.1,ini gw kasih bintang cuma karena mau di baca akun suka keluar sendiri najis bet aplikasi,negatif
Pengguna Google,5,05/17/2026 12:53,4.16.1,bagus membantu mempermudah cm kenapa y katanya pegawai rmh skit nya yg daftarin jkn bilang klo pin paswordnya hrs huruf bsar kecil n angka tp sy pas buka apl nya kok pinnya pas dimasukan g bs macet ngetiknya sy ulng trs ttp g bs memasukkan pin nya tp stlh sy tutup aplnya trs buka lg tanpa memasukkan pin lgsg bs msuk sendiri balik sperti awlnya lg,positif
Pengguna Google,5,05/17/2026 12:48,4.13.1,mantap,positif
Pengguna Google,5,05/17/2026 12:43,4.16.1,ini pesan buat developer aplikasinya kalo buat aplikasi jkn biar mempermudah masyarakat ya harus mudah jangan buat aplikasi yang memaksa para pengguna bolak balik login please banyak orang susah dan gak semuanya ngerti it harapan mereka download aplikasi karena ngikutin aturan dari rumah sakit yang kalo mau daftar harus ada jkn sedangkan aplikasi jkn sendiri masih banyak celahnya masih banyak minusnya buatlah aplikasi sekali login selsai tanpa perlu logout dan login lagi,negatif
Pengguna Google,5,05/17/2026 12:31,4.16.1,mantabs,negatif
Pengguna Google,5,05/17/2026 12:21,4.16.1,sangat aman di gunakan apa aja,positif
Pengguna Google,5,05/17/2026 12:12,4.16.1,bagussss,positif
Pengguna Google,5,05/17/2026 12:10,4.16.1,mantaapp,negatif
Pengguna Google,5,05/17/2026 12:10,4.16.1,ook,negatif
Pengguna Google,1,05/17/2026 12:08,4.16.1,apaan bgt si gajelas segala daftar ginian aja dipersulit kamera miror sms ga dikirim kode otp pdhl ada pulsa mlh susah bgt perkara daftar gini doang bad bgt si,negatif
Pengguna Google,1,05/17/2026 11:59,4.16.1,ak udah pindah pengambilan verifikasi wajah tapi gapernah bisa,negatif
Pengguna Google,5,05/17/2026 11:58,4.16.1,sangat bermanfaat aplikasi nya,negatif
Pengguna Google,1,05/17/2026 11:57,4.16.1,otp ga masuk ribet ni aplikasi,negatif
Pengguna Google,5,05/17/2026 11:55,4.16.1,bagus aplikasi mendukung,positif
Pengguna Google,1,05/17/2026 11:46,4.16.1,kebanyakan minta update aplikasi yg d update prosedur pelayanannya dong dipermudah prosedurnya jgn yg d update aplikasinya aja hihi bekerjadenganhati,negatif
Pengguna Google,3,05/17/2026 11:24,4.16.1,aplikasi selalu error waktu log in signal g sudah bagus diindonesia ini apakah mobile jkn ini harus signal g,negatif
Pengguna Google,5,05/17/2026 11:19,4.16.1,memudahkan,negatif
Pengguna Google,1,05/17/2026 11:15,4.16.1,setelah update akun saya otomatis keluar dan tidak bisa login lagi padahal saya harus pakai aplikasi buat daftar kontrol,negatif
Pengguna Google,5,05/17/2026 10:54,4.16.1,mantap,positif
Pengguna Google,5,05/17/2026 10:52,4.16.1,aplikasi ga jelas pengisian data bolak balik aja macam setrikaan parah jelek sekali,negatif
Pengguna Google,1,05/17/2026 10:48,4.16.1,gak bisa masuk permintaan belum dapat diproses apaan siii,negatif
Pengguna Google,5,05/17/2026 10:26,4.16.1,sangat membantu dalam mengubah faskes,negatif
Pengguna Google,5,05/17/2026 10:25,4.16.1,sangat memuaskan,positif
Pengguna Google,5,05/17/2026 10:25,4.15.0,pelayanan cepat,positif
Pengguna Google,5,05/17/2026 10:16,4.16.1,bagus,positif
Pengguna Google,5,05/17/2026 9:49,4.16.1,terimakasih semuanya,negatif
Pengguna Google,3,05/17/2026 9:44,4.16.1,seharusnya perubahan faskes langsung bisa digunakan,negatif
Pengguna Google,5,05/17/2026 9:34,4.16.1,keren,positif
Pengguna Google,5,05/17/2026 9:25,4.16.1,bagua dan selalu di tingkatkan,negatif
Pengguna Google,5,05/17/2026 9:24,4.16.1,tolong dong ini jangan malah mempersulit orang udah mh mau melakukan hal yang sangat penting udah tau butuh orang mau berobat malah kaya gini gak bisa verifikasi wajah gagal mulu pake email sama no handphone katanya udah tidak aktif padahal masih aktif aktif aja perasaan gimana ini orang mau kontrol harus tepat waktu kalo udah gini yg harus tanggung jawab juga siapa,negatif
Pengguna Google,5,05/17/2026 9:23,4.16.1,membantu sekali buat kesehatan kluarga buat yg tidak mamapu,negatif
Pengguna Google,5,05/17/2026 9:19,4.16.1,sangat bermanfaat,negatif
Pengguna Google,1,05/17/2026 9:19,4.16.1,aplikasi yang bener bener nyusahin mendingan kgk usah make aplikasi kyk gini kalo buat login aja susah,negatif
Pengguna Google,5,05/17/2026 9:02,4.16.1,trimakasih dengan mobile jkn semuanya jadi mudah,negatif
Pengguna Google,5,05/17/2026 8:44,4.16.1,mau loging captchanya nggak muncul kenapa itu mohon admin,negatif
Pengguna Google,5,05/17/2026 8:39,4.16.1,jos,negatif
Pengguna Google,5,05/17/2026 8:22,4.16.1,sangat membantu,negatif
Pengguna Google,5,05/17/2026 8:18,4.16.1,sangat membantu,negatif
Pengguna Google,3,05/17/2026 8:12,4.16.1,server lemot,negatif
Pengguna Google,3,05/17/2026 8:04,4.16.1,ribet,negatif
Pengguna Google,5,05/17/2026 8:00,4.16.1,sangat bagus sekali,positif
Pengguna Google,5,05/17/2026 7:50,4.16.1,sangat membantu,negatif
Pengguna Google,1,05/17/2026 7:41,4.15.0,ribet bngt ni aplikasinya mau daftar buat betobat hrs di update lg lm bngt ga bisa krn hpnya memori nya kecil bisa ga sih ga bikin susah rakyat kecil orang mau berobat di bikin susah,negatif
Pengguna Google,5,05/17/2026 7:17,4.16.1,aplikasi ini bagus,positif
Pengguna Google,5,05/17/2026 7:12,4.16.1,sangat membantu,negatif
Pengguna Google,5,05/17/2026 7:07,4.16.1,sangat membantu,negatif
Pengguna Google,5,05/17/2026 6:57,4.16.1,ok,negatif
Pengguna Google,5,05/17/2026 6:43,4.16.1,sangatlah membantu,negatif
Pengguna Google,3,05/17/2026 6:12,4.9.0,lupa sandi kok g bisa login udh ganti ktp,negatif
Pengguna Google,5,05/17/2026 5:51,4.16.1,bagus,positif
Pengguna Google,5,05/17/2026 5:49,4.16.1,berguna,negatif
Pengguna Google,4,05/17/2026 5:44,4.16.1,us the best cum klu d download lagu agak susah,positif
Pengguna Google,5,05/17/2026 5:42,4.16.1,pelayanan cepat,positif
Pengguna Google,5,05/17/2026 5:38,4.16.1,sangat bermanfaat sekali,negatif
Pengguna Google,5,05/17/2026 5:36,4.13.1,sangat membantu,negatif
Pengguna Google,2,05/17/2026 5:18,4.16.1,apk t sulit daftar apa ini layanan konoha,negatif
Pengguna Google,3,05/17/2026 5:06,4.16.1,nggak ngerti lagi ribet banget asli mau ganti faskes jateng ke jabar katanya harus nunggu bulan dulu udah bulan lewat pas diganti iya berhasil tapi baru bisa dipake bulan kemudian bayar tiap bulan tapi pas mau dipake ribetnya ampun deh,positif
Pengguna Google,5,05/17/2026 5:00,4.16.1,ok,negatif
Pengguna Google,5,05/17/2026 4:55,4.16.1,good jd lbh mudah,negatif
Pengguna Google,5,05/17/2026 4:54,4.16.1,mantap,positif
Pengguna Google,1,05/17/2026 4:43,4.16.1,gimana aplikasi kau tu kode sms gak masuk ganti tiga no pun ga bisa aplikasi taik gak jelas,negatif
Pengguna Google,1,05/17/2026 4:26,4.16.1,kode otp ga masuk masuk apk nya ga di urus,negatif
Pengguna Google,5,05/17/2026 4:18,4.16.1,bagus sekali,positif
Pengguna Google,1,05/17/2026 4:13,4.16.1,aplikasii mempersulit hidup setiap kali daftar selalu di persulit gimanaaa sih,negatif
Pengguna Google,1,05/17/2026 4:08,4.16.1,susah daftar e gagal terus padahal jaringan memadai pencahayaan juga oke masukin nomer susah mempersulit syekaliiii tolong perbaiki laaah aplikasinyaaaaaaa,positif
Pengguna Google,5,05/17/2026 4:05,4.16.1,mantapppp kerennnnnnnnnnn,positif
Pengguna Google,1,05/17/2026 4:01,4.16.1,bikin berat ke hp,negatif
Pengguna Google,4,05/17/2026 3:57,4.16.1,pokonya mantap,positif
Pengguna Google,5,05/17/2026 3:54,4.16.1,ok,negatif
Pengguna Google,5,05/17/2026 3:48,4.16.1,ok,negatif
Pengguna Google,5,05/17/2026 3:43,4.16.1,bagus,positif
Pengguna Google,1,05/17/2026 3:27,4.16.1,adanya aplikasi bukannya mempermudah malahan makin nyusahin kode otp ga masuk masuk segala harus isi pulsa dulu lah dll ribet bgttt harusnya dengan adanya aplikasi atau sistem online tuh untuk mempermudah bukan mempersulit evaluasi deh tuh untuk penggunaan selanjutnya ya kali mau kaya gini terus wkwk,negatif
Pengguna Google,5,05/17/2026 3:25,4.16.1,bagus bermanfaat,positif
Pengguna Google,5,05/17/2026 3:23,4.16.1,bagus,positif
Pengguna Google,5,05/17/2026 3:18,4.16.1,mantaplah,positif
Pengguna Google,5,05/17/2026 3:16,4.16.1,apk nya sangat membantu,negatif
Pengguna Google,5,05/17/2026 3:15,4.16.1,alhamdulillaah keluarga saya tertolong terdaftar dibpjs,negatif
Pengguna Google,5,05/17/2026 3:11,4.16.1,aman,positif
Pengguna Google,5,05/17/2026 3:07,4.16.1,good,negatif
Pengguna Google,1,05/17/2026 2:55,4.16.1,app terburuk daftar ssh masuk akun lama ga bisa padahal sudah terdaftar,negatif
Pengguna Google,5,05/17/2026 2:54,4.16.1,semoga pelayanannya lbh cepat lg,positif
Pengguna Google,5,05/17/2026 2:49,4.16.1,terimakasih jkn,negatif
Pengguna Google,1,05/17/2026 2:45,4.16.1,ga bisa masuk dengan peringatan maaf permintaan kamu tidak dapat diproses padahal sebelumnya bisa,negatif
Pengguna Google,1,05/17/2026 2:41,4.16.1,aplikasi busuk,negatif
Pengguna Google,5,05/17/2026 2:40,4.16.1,sangat membantu mengakses kesehatan,negatif
Pengguna Google,3,05/17/2026 2:36,4.16.1,saya daftar gak bisa bisa pas saya masukin nomer hp apakah sedang eror atau bagaimana tolong informasinya,negatif
Pengguna Google,5,05/17/2026 2:31,4.16.1,susah bngttt ui nya gada apa di suruh kembali apasalahnya di suruh coba lagi juga verifikasi wajah itu lohh ribett bngttt susah lgi dan selebihnya sama ky orang yg di keluhan otp ga masuk semua dll ribett cuma buat cek kesehatan harus ambil antrian segala make aplikasi yg seribet ini,negatif
Pengguna Google,5,05/17/2026 2:06,4.16.1,semoga bisa membantu walaupun sedikit ribet,negatif
Pengguna Google,1,05/17/2026 2:03,4.16.1,ribet amat daftar nya pake verifikasi muka susah nya minta uninstal aja nih aplikasi gagal mulu apalagi daftar buat anak saya,negatif
Pengguna Google,5,05/17/2026 1:58,4.16.0,pelayanan bagus selama saya dalam pemeriksaan dan maupun waktu opnam waktu oprasi juga nol rupiyah dalam pembayaran,negatif
Pengguna Google,5,05/17/2026 1:52,4.16.1,selalu tingkatkan prestasi anda,negatif
Pengguna Google,5,05/17/2026 1:50,4.16.1,bagus,positif
Pengguna Google,5,05/17/2026 1:50,4.16.1,sengaja kasih bintang udah enak login malah disuruh update update malah ke logout otomatis dan gak bisa login kebetulan ini hari minggu mungkin dicoba besok senin mudah an bisa,negatif
Pengguna Google,5,05/17/2026 1:46,4.16.1,nice app,negatif
Pengguna Google,2,05/17/2026 1:33,4.16.1,terlalu sering log out dan login tbtb ke log out pas sakit sdh di faskes ternyata harus login dulu bikin riweh,negatif
Pengguna Google,1,05/17/2026 1:32,4.16.1,log in terus,negatif
Pengguna Google,2,05/17/2026 1:11,4.16.1,aplikasi aneh bukannya mempermudah orang sakit malah dipersulit klo begini terus yg pada sakit keburu dead manual gk bisa apa hrus lewat aplikasi tolonglah buat sehat aja dipersulit,negatif
Pengguna Google,5,05/17/2026 1:03,4.16.1,udah ke download gak bisa dibuka udah uninstal dan download ulang tetep gak bisa dibaca gimana sih ini,negatif
Pengguna Google,1,05/17/2026 0:53,4.16.1,aplikasi sampah sudah x di download gak bisa instal terus ngabisin waktu dan kuota hapus saja program bpjs kesehatan ini cuma ngabisin gaji doang rugi uang besar tapi kagak kepake,negatif
Pengguna Google,5,05/17/2026 0:43,4.16.1,dengan aplikasi mobile jkn bisa mempermudah akses layanan kesehatan secara online,negatif
Pengguna Google,5,05/17/2026 0:29,4.16.1,sangat membantu,negatif
Pengguna Google,5,05/17/2026 0:15,4.16.1,bagus,positif
Pengguna Google,1,05/17/2026 0:01,3.4.0,sudah masuk data benar masih aja salah program pemerintah aplikasi busuk padahal setiap bulan biaya terpotong jng mempersulit hidup orang semoga hidup kalian akan lebih di persulit oleh allah amin ya allah,negatif
Pengguna Google,5,05/16/2026 22:55,4.16.1,ok,negatif
Pengguna Google,5,05/16/2026 22:52,4.16.1,alhamdulillah semoga mempermudah warga indonesia,negatif
Pengguna Google,5,05/16/2026 21:29,4.16.1,simple praktis dan sangat membantu,negatif
Pengguna Google,5,05/16/2026 21:17,4.14.0,mudah an bermanfaat bagi seluruh masyarakat indonesia amiiiin,negatif
Pengguna Google,3,05/16/2026 20:50,4.16.1,parah juga ini aplikasi tidak ada fitur pembayaran iuran yang bisa dilakukan secara mandiri virtual account,negatif
Pengguna Google,5,05/16/2026 20:33,4.16.1,sangat membantu,negatif
Pengguna Google,5,05/16/2026 20:17,4.16.1,luar biasa,negatif
Pengguna Google,5,05/16/2026 19:44,4.16.1,semuanya jadi mudah asal jaringannya mantap,positif
Pengguna Google,5,05/16/2026 19:37,4.16.1,sangat membantu,negatif
Pengguna Google,5,05/16/2026 18:01,4.16.1,good job,negatif
Pengguna Google,5,05/16/2026 17:43,4.16.1,tolong bpjs itu ada sistem isi saldo tanpa minimal agar ketika punya tunggakan bisa di cicil tanpa harus langsung melunasi sekian bulan agar sistem iurannya terasa ringan kalau nunggak bulan atau lebih harus langsung lunas udah kaya punya cicilan motor aja,negatif
Pengguna Google,5,05/16/2026 17:23,4.16.1,bagus,positif
Pengguna Google,1,05/16/2026 16:20,4.16.1,daftar susah otp sms tidak muncul sulit sekali ni program pemerintah negara anjink emang,negatif
Pengguna Google,5,05/16/2026 15:38,4.16.1,bagus,positif
Pengguna Google,5,05/16/2026 14:43,4.16.1,sangat membantu sekali,negatif
Pengguna Google,1,05/16/2026 14:40,4.16.1,tolong perbaiki sistem verifikasi nomor hp nunggu hampir detik tpi pas uda selesi waktunya ga bisa ke kirim nomor yg dicantumkan,positif
Pengguna Google,1,05/16/2026 14:16,4.16.1,sever nya kek apa lah buat verivikasi nomer telpon aja gk bisa semoga bisa di perbaiki agar yg menggunakan merasa lebih nyaman,positif
Pengguna Google,5,05/16/2026 14:09,4.16.1,alhamdulillah sejauh sangat puas karena memudahkan kan dan tidak di persulit,positif
Pengguna Google,1,05/16/2026 14:08,4.16.1,tolong untuk developernya suruh benerin apk jkn nya masak kode otp ga masuk scan wajah eror mulu benerin lah dulu tu apk sblmdi publish,negatif
Pengguna Google,4,05/16/2026 13:48,4.16.1,ok membanyu,negatif
Pengguna Google,5,05/16/2026 13:42,4.16.1,bagus,positif
Pengguna Google,5,05/16/2026 13:35,4.16.1,mantap,positif
Pengguna Google,1,05/16/2026 13:34,4.16.1,mau bikin akun aja susah bgt stiap msukin no hp malah gabisa terus suruh coba lagi nanti gimana sih,negatif
Pengguna Google,4,05/16/2026 13:34,4.16.1,buruk sekali setiap ada pembharuan keluar trus jdi harus masuk lg,negatif
Pengguna Google,5,05/16/2026 13:14,4.16.1,bagus,positif
Pengguna Google,1,05/16/2026 13:13,4.16.1,aplikasi pemerintah gini amat suruh verifikasi kode via sms ga muncul padahal pake email bisa napa sih kudu verifikasi dua duanya kalo satu aja bisa,negatif
Pengguna Google,5,05/16/2026 13:09,4.16.1,hasil sangat memuaskan cepat,positif
Pengguna Google,2,05/16/2026 12:58,4.16.1,gak bisa login harusnya bisa dong kalau udah pakai email gak harus terima otp sms kalau ternyata suaah buat dapet pensanya lewat sms tolong diperbaiki,positif
Pengguna Google,5,05/16/2026 12:44,4.16.1,top lah,positif
Pengguna Google,1,05/16/2026 12:40,4.16.1,maaf untuk aplikasi kurang memuaskan ketika verifikasi akun kode nya gada terus anehh tolong diperbaiki,positif
Pengguna Google,5,05/16/2026 12:30,4.16.1,bagus,positif
Pengguna Google,4,05/16/2026 12:23,4.16.1,ok,negatif
Pengguna Google,5,05/16/2026 12:22,4.16.1,good,negatif
Pengguna Google,5,05/16/2026 12:18,4.13.1,keren abis,positif
Pengguna Google,5,05/16/2026 12:08,4.16.1,untuk saat ini bagus semoga tidak ribet soalnya emak ini sudah diribetkan sm anak,positif
Pengguna Google,5,05/16/2026 12:00,4.16.1,sangat baik,positif
Pengguna Google,5,05/16/2026 11:50,4.16.1,bagus,positif
Pengguna Google,5,05/16/2026 11:47,4.16.1,mantab,negatif
Pengguna Google,5,05/16/2026 11:39,4.16.1,mobile jkn makin terdepan,negatif
Pengguna Google,1,05/16/2026 11:33,4.16.1,ribet banget cuman verifikasi wajah aja ga bisa harus ke kantor bpjs dulu itu orang mau berobat klo udah sekarat gimana,negatif
Pengguna Google,5,05/16/2026 11:26,4.16.1,oke,positif
Pengguna Google,1,05/16/2026 11:10,4.16.1,niat bikin apk ga sih,negatif
Pengguna Google,5,05/16/2026 10:41,4.16.1,mantap,positif
Pengguna Google,5,05/16/2026 10:28,4.16.1,pas aku isi pulsa rb langsung cepat muncul kode otpnya,positif
Pengguna Google,5,05/16/2026 10:14,4.16.1,bikin aplikasi yang niat ini tuh dipake sama masyarakat luas dari hasil pajak masyarakat indonesia buat bikin aplikasi sampah nunggu otp kaga muncul muncul pulsa ada jaringan tersedia,negatif
Pengguna Google,1,05/16/2026 10:13,4.16.1,ribet,negatif
Pengguna Google,5,05/16/2026 10:02,4.16.1,sangat membantu untuk mendaftar berobat dan merubah data,negatif
Pengguna Google,5,05/16/2026 9:44,4.16.1,nih bintang padahal aslinya mengecewakan masalahnya saat masukin nomor telepon tidak ada muncul kode verifikasinya mau daftar aja susah,negatif
Pengguna Google,1,05/16/2026 9:38,4.16.1,apknya ribet menyusahkan pengguna masyarakat yg harusnya dipermudah karena urgent malah jdi lambat dan tidak segera menyulitkan saja apk nya juga tidak jelas yg hrusnya transparan dengan profil pengguna malah tidak memperlihatkan data profil pribadi sgt tidak ramah pengguna,negatif
Pengguna Google,5,05/16/2026 9:34,4.16.1,sangat membantunya,negatif
Pengguna Google,5,05/16/2026 9:17,4.16.1,bagus dan nyaman,positif
Pengguna Google,5,05/16/2026 9:08,4.16.1,bagus,positif
Pengguna Google,5,05/16/2026 8:59,4.16.1,diperbaiki aplikasinya ketika verifikasi wajah,positif
Pengguna Google,2,05/16/2026 8:58,4.16.1,tolong untuk verifikasi nomor telfon nya ada pilihan wa dan sms mana sms masuk harus potong pulsa lagi,negatif
Pengguna Google,5,05/16/2026 8:54,4.16.1,mantap men,positif
Pengguna Google,3,05/16/2026 8:50,4.16.1,untuk apa ada mobile jkn jika sulit dipake sering log out sendiri udah gitu kdang sulit buat masuk,negatif
Pengguna Google,5,05/16/2026 8:43,4.16.1,sangat membantu,negatif
Pengguna Google,5,05/16/2026 8:38,4.16.1,alhamdulillah sangat sangat membantu dengan adanya aplikasi jkn ini terimakasih,negatif
Pengguna Google,5,05/16/2026 8:18,4.16.1,pelayanan bagus,positif
Pengguna Google,5,05/16/2026 8:12,4.14.0,masih belajar,negatif
Pengguna Google,1,05/16/2026 7:54,4.16.1,aplikasi tolol di indonesia otp sms nunggu sampe kiamat,negatif
Pengguna Google,5,05/16/2026 7:51,4.16.1,mobile jkn yesss you,negatif
Pengguna Google,1,05/16/2026 7:48,4.16.1,kok gk bis masukk,negatif
Pengguna Google,4,05/16/2026 7:37,4.16.1,membantu sudah pernah berobat x,negatif
Pengguna Google,1,05/16/2026 7:35,4.16.1,di suruh update malah masuk lagunya susah,negatif
Pengguna Google,1,05/16/2026 7:12,4.16.1,ribet banget mau masuk banyak persyaratan apalagi muka belum terferikasi terus capek,negatif
Pengguna Google,2,05/16/2026 7:06,4.16.1,saya kasih bintang dulu soal nya aplikasi nya saat ini belum bisa di buka,negatif
Pengguna Google,5,05/16/2026 7:00,4.16.1,terbaik,positif
Pengguna Google,5,05/16/2026 6:51,4.16.1,cukup mudah,negatif
Pengguna Google,5,05/16/2026 6:41,4.16.1,sangat amat baik,positif
Pengguna Google,1,05/16/2026 6:27,4.16.1,mau masuk gabisa terus,negatif
Pengguna Google,5,05/16/2026 6:27,4.16.1,keren,positif
Pengguna Google,5,05/16/2026 6:19,4.16.1,bagus terimakasih,positif
Pengguna Google,5,05/16/2026 6:16,4.16.1,sangat membantu,negatif
Pengguna Google,1,05/16/2026 6:11,4.16.1,apaansih masa udah dirujuk harus ambil antrian offline juga nggak bisa daftar lewat jkn untuk kunjungan pertama anehh,negatif
Pengguna Google,5,05/16/2026 6:05,4.14.0,bagus,positif
Pengguna Google,4,05/16/2026 5:15,4.16.1,aplikasi mobile jkn sangat membantu,negatif
Pengguna Google,1,05/16/2026 4:57,4.16.1,verivikasi no hp susah,negatif
Pengguna Google,5,05/16/2026 4:38,4.16.1,ok,negatif
Pengguna Google,5,05/16/2026 4:34,4.15.0,ok,negatif
Pengguna Google,5,05/16/2026 4:30,4.16.1,cepat,positif
Pengguna Google,5,05/16/2026 4:27,4.15.0,mantap,positif
Pengguna Google,5,05/16/2026 4:21,4.16.1,bagus aplikasinya sangat membantu,positif
Pengguna Google,3,05/16/2026 4:18,4.16.1,aplikasi nya kurang memuaskan dikit dikit harus login mulu mana proses nya kadang susah,positif
Pengguna Google,5,05/16/2026 4:15,4.16.1,aplikasi sangat membantu,negatif
Pengguna Google,5,05/16/2026 4:15,4.16.1,tidak perlu repot antri ke kantor utk perubahan data,negatif
Pengguna Google,4,05/16/2026 4:13,4.16.1,kenapa dari pagi saya gak bisa login,negatif
Pengguna Google,1,05/16/2026 4:03,4.16.1,sialannn org lagi sakit malah dipersulit perkara kode sms ga masuk padahal kuota lancar jaringan oke beralih ke wifi tetep aja ga masuk gblk,positif
Pengguna Google,5,05/16/2026 3:45,4.16.1,sangat cepat tanggap semakin bagus,positif
Pengguna Google,5,05/16/2026 3:42,4.16.1,sangat berguna terimakasih mobil jkn,negatif
Pengguna Google,5,05/16/2026 3:37,4.16.1,sangat membantu untuk bisa melihat masih aktif atau tidak nya,negatif
Pengguna Google,5,05/16/2026 3:33,4.16.1,untuk merubah faskes lebih cepat dan gak perlu antri dikantor bpjs,positif
Pengguna Google,5,05/16/2026 3:30,4.16.0,terima kasih banyak atas kerja keras anda,negatif
Pengguna Google,5,05/16/2026 3:27,4.16.1,jkn lebih mudah,negatif
Pengguna Google,5,05/16/2026 3:19,4.16.1,tuh binatang aplikasi suka nuduh saya offline padahal saya nyambung wifi ga bisa daftar tolong kerja yang bener,positif
Pengguna Google,1,05/16/2026 3:16,4.16.1,kenapa sekarang perpanjang rujukan pasien hrs diperiksa lagi di fktp pdhl kan udah jelas diagnosanya di rs rujukan sistem bukan di permudah malah dipersulit kasian pasien yg udah parah penyakitnya mau perpanjang rujukan doang harus dateng dang ngantri lama layaknya orang berobat tau sendiri pelayanan puskesmas masih lambat dan pasienya jg banyak,negatif
Pengguna Google,1,05/16/2026 3:13,4.16.1,koplokkkkk nunggu verifikasi nomor hp mesti seharian,negatif
Pengguna Google,1,05/16/2026 3:09,4.16.1,gaje banget mau daftar aja dipersulit gini kode ga masuk pdhal sinyal bagus bnget gajelas,positif
Pengguna Google,3,05/16/2026 2:58,4.16.1,lagi libur kah koo gangguan mulu mau login wong ya d bayar tapi libar libur ae luhh dasar,negatif
Pengguna Google,5,05/16/2026 2:53,4.16.1,sangat membantu,negatif
Pengguna Google,5,05/16/2026 2:53,4.16.1,verifikasi wajah gagal terus tanpa ada alasan buat aplikasi nya yang bisa verifikasi wajah tanpa ribet gagal terus,negatif
Pengguna Google,5,05/16/2026 2:44,4.16.1,mau menanggapi yg kode otp lewat sms nya gak masuk isi dulu pulsa nya kakak kalau gaada pls gaakan masuk notif sms nyaaa sekian,negatif
Pengguna Google,1,05/16/2026 2:40,4.16.1,aplikasi terburuk mau masuk aja susah bgt ga bisa bisa,negatif
Pengguna Google,5,05/16/2026 2:37,4.16.1,keren dan mudah digunakan,positif
Pengguna Google,5,05/16/2026 2:31,4.16.0,bagus,positif
Pengguna Google,5,05/16/2026 2:30,4.14.0,mantap,positif
Pengguna Google,5,05/16/2026 2:28,4.16.1,bagus sangat membantu,positif
Pengguna Google,5,05/16/2026 2:28,4.16.1,mantap,positif
Pengguna Google,2,05/16/2026 2:22,4.16.1,gabisa verifikasi by sms udh ditunggu lama krn urgent malah ga berfungsi,negatif
Pengguna Google,1,05/16/2026 2:21,4.16.1,aplikasi mempersulit banyak gangguan yg tidak jelas,negatif
Pengguna Google,5,05/16/2026 2:20,4.16.1,bagus terbantu,positif
Pengguna Google,5,05/16/2026 2:14,4.16.1,informasi lengkap,negatif
Pengguna Google,5,05/16/2026 2:05,4.16.1,mantap,positif
Pengguna Google,5,05/16/2026 2:00,4.16.1,sangat terbantu dengan adanya aplikasi jkn,negatif
Pengguna Google,5,05/16/2026 1:57,4.16.1,tks aplikasinya membantu kemudahan saya pribadi,negatif
Pengguna Google,2,05/16/2026 1:55,4.16.1,verifikasi wajah sangat sulit dan menyusahkan sudah coba berulang kali sudah melaksanakan sesuai instruksi tapi tetap gagal kondisi darurat malah menyusahkan pasien hanya karna waktu habis untuk verifikasi wajah,positif
Pengguna Google,5,05/16/2026 1:49,4.16.1,aplikasi nya bagus,positif
Pengguna Google,1,05/16/2026 1:46,4.16.1,ribet banget ga jelas,negatif
Pengguna Google,5,05/16/2026 1:46,4.16.1,dengan mobile jkn mempermudah urusan pendaftaran dan sebagainya yang berhubungan dengan aplikasi ini termasuk informasi,negatif
Pengguna Google,1,05/16/2026 1:43,4.16.1,aneh bgt nunggu verifikasi sms nya kg muncul mulu verifikasi gmail bisa sms susah ga jelas bgt,negatif
Pengguna Google,5,05/16/2026 1:20,4.16.1,ayoo bisaa,negatif
Pengguna Google,5,05/16/2026 1:15,4.16.1,untuk pelayanan cepat dan mudah,positif
Pengguna Google,1,05/16/2026 1:11,4.16.1,aplikasi kocakk padahal nik sudah bener tapi masuk x tulisannya salah terus kalian bumn bisa kerja nggak sih,negatif
Pengguna Google,5,05/16/2026 1:07,4.16.1,bagus,positif
Pengguna Google,5,05/16/2026 0:57,4.16.1,kenapa aplikasinya selalu terbaca untuk ulasan keamanan aplikasi tidak dapat berjalan pada perangkat yang dilakukan root,positif
Pengguna Google,3,05/16/2026 0:41,4.16.1,masih suka eror,positif
Pengguna Google,1,05/16/2026 0:41,4.16.1,parah ini kode otp udah gua tungguin tahun lebih gak ada pesan sama sekali dari sms parah,negatif
Pengguna Google,5,05/16/2026 0:36,4.16.1,mantap,positif
Pengguna Google,1,05/16/2026 0:29,4.16.1,mau pake aplikasinya saat mau masuk ribet giliran mau verifikasi nomer hp di kirim lewat sms ga nongol tuh verifikasi jd mau masuk ke aplikasi melalui nomer hp anak sy ga bisa masukin bpjs anak sy coba tolonglah di perbaiki lg sistem nya,positif
Pengguna Google,5,05/16/2026 0:28,4.16.1,mohon maaf kenapa ya setelah di update jadi gabisa daftar online susah muluuuu,negatif
Pengguna Google,4,05/16/2026 0:23,4.16.1,ok,negatif
Pengguna Google,1,05/16/2026 0:22,4.16.1,hapus aja lah ni aplikasi soak,negatif
Pengguna Google,5,05/16/2026 0:16,4.16.1,menyenangkan,negatif
Pengguna Google,5,05/16/2026 0:07,4.16.1,sangat amat membantu,negatif
Pengguna Google,5,05/15/2026 23:53,4.16.1,gooood,negatif
Pengguna Google,1,05/15/2026 23:48,4.16.1,apk guna proyek gagal masukkan registrasi data lemot kek momotnya yang buat apk ini perbaiki lgi bugnya bejibun kek semut celah keamanannya gmpang dibobol ingat disini bnyk data penting riwayat kesehatan masyarakat apabila disalah gunakan akan berdampak merugikan masyarakat,positif
Pengguna Google,1,05/15/2026 23:43,4.16.1,mana kode verifikasinya udah sejam nunggu gak dikirim kirim,negatif
Pengguna Google,5,05/15/2026 23:39,4.16.1,bagus sekali,positif
Pengguna Google,1,05/15/2026 23:34,4.16.1,aplikasi busuk,negatif
Pengguna Google,5,05/15/2026 23:26,4.16.1,baik,positif
Pengguna Google,5,05/15/2026 23:22,4.16.1,sangat membantu,negatif
Pengguna Google,5,05/15/2026 23:09,4.16.1,aplikasi mobile jkn mempermudah peserta,negatif
Pengguna Google,4,05/15/2026 22:54,4.16.1,agak bingung menggunakan aplikasi ini tidak pernah bisa selesai krn di tengah penggunaan selalu balik lagi ke menu sebelumnya,negatif
Pengguna Google,5,05/15/2026 22:52,4.15.0,bagus,positif
Pengguna Google,5,05/15/2026 22:49,4.16.1,sangat membaantu,negatif
Pengguna Google,5,05/15/2026 22:33,4.16.1,sengaja kasih bintang biar kebaca kendala yg saya alami sudah daftar pas dtg ke rs katanya blm masuk dan blm terdaftar antriann nama saya,negatif
Pengguna Google,5,05/15/2026 22:11,4.16.1,cepat dan lancar apabila kita membuka situs jkn,positif
Pengguna Google,1,05/15/2026 20:37,4.16.1,dari malam sampe pagi daftar akun baru gak masuk masuk otp sms nya kocak kocak,negatif
Pengguna Google,1,05/15/2026 20:08,4.15.0,tiba banget ga bisa dibuka ni aplikasi terdeteksi root katanya hp saya padahal ga pernah di apa in kacau emang padahal udah cek lewat aplikasi rootbeer dan hp saya tidak ada indikasi root dan memang tidak root aneh jkn,negatif
Pengguna Google,5,05/15/2026 18:30,4.16.1,mantap tidak di persulit,positif
Pengguna Google,5,05/15/2026 17:21,4.16.1,mudah di akses dan mantap,positif
Pengguna Google,1,05/15/2026 17:15,4.16.1,aplikasi pemotong saldo otp masuk giliran mau dimasukan aplikasi close berkali saldo kepotong terus,positif
Pengguna Google,1,05/15/2026 16:43,4.16.1,jelek,negatif
Pengguna Google,1,05/15/2026 16:35,4.16.1,gak niat buat aplikasi,negatif
Pengguna Google,5,05/15/2026 16:18,4.16.1,sangat membantu,negatif
Pengguna Google,3,05/15/2026 15:40,4.16.1,astaga kenapa sekarang setiap kali buka aplikasi harus login ulang alasan dipake device lain terus padahal cm pake di satu hp bukan enak nuliskan no ktp atau bpjs berkali,negatif
Pengguna Google,1,05/15/2026 15:08,4.16.1,bintang yaaaa diiperbaiki lagi min buat registrasi diawal aja dipersulit maksudnya daftar jkn mobile itu biar lebih mudah malah dibikin ribet lhoo,positif
Pengguna Google,5,05/15/2026 14:49,4.9.0,thanks aja lah,negatif
Pengguna Google,5,05/15/2026 14:48,4.16.1,oke boss,positif
Pengguna Google,5,05/15/2026 14:48,4.16.1,sangat membantu dan tidak ribet,negatif
Pengguna Google,5,05/15/2026 14:47,4.16.1,terimakasih jkn sangat membantu keluarga kami dalam berobat semoga masyarakat indonesia sehat terus dan kalau sakit di permudah dalam berobat aamin,negatif
Pengguna Google,1,05/15/2026 14:32,4.16.1,apknya emg bermasalah masukin data gbisa pdhl udh sesuai smpe ke kantor bpjs meriksa,positif
Pengguna Google,3,05/15/2026 14:32,4.16.1,terlalu sering di update,negatif
Pengguna Google,3,05/15/2026 14:27,4.16.1,otp sms ga masuk masuk setres,negatif
Pengguna Google,5,05/15/2026 14:13,4.16.1,dengan adanya apk mobile jkn ini sangat membatu,negatif
Pengguna Google,5,05/15/2026 14:10,4.16.1,lebih baik,positif
Pengguna Google,5,05/15/2026 13:57,4.16.1,makasih buat bpjs sangat membantu,negatif
Pengguna Google,5,05/15/2026 13:55,4.16.1,the best,positif
Pengguna Google,5,05/15/2026 13:39,4.14.0,maksih,negatif
Pengguna Google,5,05/15/2026 13:39,4.16.1,terbaik,positif
Pengguna Google,5,05/15/2026 13:38,4.16.1,jkn semakin maju,negatif
Pengguna Google,1,05/15/2026 13:37,4.16.1,kalo ambil antrian malam untuk antrian besok servernya selalu sibuk sudah saya coba unintal download lagi tapi tetap sama aplikasinya masih kurang uprage saya akan ubah penilaiannya jika aplikasinya sdh di perbaiki,positif
Pengguna Google,1,05/15/2026 13:34,4.16.1,mau login susah bagaimana pelayanannya masih terlalu jauh untuk indonesia menjadi negara maju klo pelayanan dan penangan apk aja sulit untuk di akses masyarakat,negatif
Pengguna Google,5,05/15/2026 13:27,4.16.1,good,negatif
Pengguna Google,1,05/15/2026 13:26,4.16.1,daftar aj gabisa ngirim otp gapernah masuk,negatif
Pengguna Google,1,05/15/2026 13:25,4.16.1,aplikasi tidak jelas saya mau daftar tidak bisa untuk menerima sms,negatif
Pengguna Google,5,05/15/2026 13:24,4.16.1,mantaaappp,negatif
Pengguna Google,1,05/15/2026 13:22,4.16.1,aplikasi ga berguna apus aj,negatif
Pengguna Google,5,05/15/2026 13:18,4.16.1,sangat membantu,negatif
Pengguna Google,1,05/15/2026 13:15,4.16.1,kode verifikasi nya gak dikirim,negatif
Pengguna Google,5,05/15/2026 13:08,4.14.0,sangat bermanfaat,negatif
Pengguna Google,5,05/15/2026 13:03,4.16.1,sangat bermanfaat,negatif
Pengguna Google,5,05/15/2026 13:01,4.16.1,memudahkan untuk daftar atau pindah faskes,negatif
Pengguna Google,3,05/15/2026 12:56,4.15.0,terlalu sering minta update,negatif
Pengguna Google,4,05/15/2026 12:46,4.16.1,good,negatif
Pengguna Google,4,05/15/2026 12:35,4.15.0,bagus cuman ad kendala setiap masuk,positif
Pengguna Google,5,05/15/2026 12:34,4.16.1,nggak bisa daftar nggak bisa masuk kode verifikasi lewat sms tidak dikirim mohon bantuannya pak bu,negatif
Pengguna Google,1,05/15/2026 12:28,4.16.1,butut,negatif
Pengguna Google,1,05/15/2026 12:16,4.16.1,kocag bgt lu aplikasi apaan ni regristasi aja kaga bisa mulu heran deh,negatif
Pengguna Google,5,05/15/2026 12:06,4.16.1,oke pake banget,positif
Pengguna Google,5,05/15/2026 12:03,4.16.1,tolong lebih diperjelas lagi dong info kartu peserta bpjs nya kk masa cuma yg muncul,negatif
Pengguna Google,1,05/15/2026 11:34,4.16.1,pendaftaran susah,negatif
Pengguna Google,3,05/15/2026 11:33,4.16.1,kadang banyak eror nya pas ngisi keluhan padahal gak ada angka tetep ga bisa isi keluhan,negatif
Pengguna Google,1,05/15/2026 10:56,4.16.1,aplikasinya burik web nya juga burik mau lupa sandi kok email tidak sesuai giliran mau daftar kok email sudah terdaftar padahal email sudah benar ditambah peraturan baru kalau mau berobat wajib daftar di aplikasi mobile jkn sedangkan aplikasinya aja develop nya asal jadi parah sih emang,negatif
Pengguna Google,5,05/15/2026 10:46,4.16.1,oke,positif
Pengguna Google,5,05/15/2026 10:35,4.16.1,mudah cepat,positif
Pengguna Google,5,05/15/2026 10:33,4.16.1,mempermudah proses pengobatan dirumah sakit,negatif
Pengguna Google,5,05/15/2026 10:33,4.16.1,bagus aplikasinya sangat membantu,positif
Pengguna Google,5,05/15/2026 10:22,4.16.1,oke,positif
Pengguna Google,3,05/15/2026 10:15,4.16.1,tolong diperbaiki lagi mau daftar aplikasi saja susah mau masukin kode referal gak bisa buat foto,positif
Pengguna Google,1,05/15/2026 10:15,4.16.1,benerin nih aplikasi verifikasi nomor handphone aja kaga masuk masuk ga recommended,positif
Pengguna Google,1,05/15/2026 10:11,4.16.1,mau registrasi udah masukin no hp udah nunggu lama ga muncul sms tentang kode otp nya padahal no hp nya sudah benar loh,negatif
Pengguna Google,5,05/15/2026 10:10,4.16.1,udah dikasi bintang klo masih gak bisa diganti bintang,negatif
Pengguna Google,5,05/15/2026 10:08,4.16.1,bagus dan mudah,positif
Pengguna Google,1,05/15/2026 10:06,4.16.1,aplikasi sangat ribet tdk memberi kemudahan dan selalu minta update uplikasi setelah update ga bisa dibuka harus regis ulang pas uda regis malah data ga sesuai pdhal ga pernah ganti nik no hp apalagi email,positif
Pengguna Google,5,05/15/2026 9:46,4.16.1,mantap,positif
Pengguna Google,1,05/15/2026 9:29,4.16.1,mobile jkn begok mau daftar disuruh skrining saat skrining yang susahnya luar biasa gak pula bisa disimpan,negatif
Pengguna Google,1,05/15/2026 9:19,4.16.1,bpjs kelas pasilitas yg di depat kelas truss manfaat dari kelas apa coba gini amat hidup jd wni,negatif
Pengguna Google,5,05/15/2026 9:07,4.16.1,puas dgn layanan jkn trus lah berinovasi dan lebih baik lagi,positif
Pengguna Google,1,05/15/2026 9:02,4.16.1,mau ganti faskes tingkat pertama gabisa bisa saat verifikasi wajah gagal terus padahal kamera jernih cahaya terang muka jelas aplikasi ga becus,negatif
Pengguna Google,2,05/15/2026 8:56,4.16.1,saat ingin verifikasi foto kesalahan mulu nunggu beberapa menit di cba lagi gabisa lama trus tiba bisa setelah itu suru masukin nomor telepon pake pulsa trus pulsa udh ada kirim sms ga muncul muncul nunggu detik tunggu lagi msukin nomor lagi tetep gaada no verifikasi nya mohon kerjasamanya,negatif
Pengguna Google,3,05/15/2026 8:46,4.16.1,mental terus gimana mau registrasi,negatif
Pengguna Google,4,05/15/2026 8:27,4.16.1,cara daftar antrian yang pasti untuk rsu siloam hospital karawaci gedung b,negatif
Pengguna Google,5,05/15/2026 8:12,4.16.1,solusi terbaik,positif
Pengguna Google,5,05/15/2026 8:04,4.16.1,sangat membantu,negatif
Pengguna Google,2,05/15/2026 7:54,4.16.1,sms kode otp nya mana kok gk masuk di tungguin smsnya,negatif
Pengguna Google,5,05/15/2026 7:54,4.16.1,bagus,positif
Pengguna Google,2,05/15/2026 7:25,4.16.1,syukur kasih bintang ini yg kelola aplikasinya siapa lulusan pgsd kh aplikasi tolol kenapa harus privasi saat mau download kartu orang waras mana yg mau bajak retas kartu bpjs bonga,negatif
Pengguna Google,1,05/15/2026 7:16,4.16.1,aplikasi jelek bgt ribet deh,negatif
Pengguna Google,1,05/15/2026 7:04,4.16.1,babi banget gua udh registrasi masa suka keluar sendiri udh didaftarin biometrik masa pas login belum terdaftar gblk banget ngehambat bgt tau gak,positif
Pengguna Google,1,05/15/2026 7:01,4.16.1,aplikasi sampah menyusahkan rakyat,negatif
Pengguna Google,1,05/15/2026 7:01,4.16.1,heh fitur scan wajahlu gmn sih internet gw lancar tulisanya gada internet mulu bisa bikin fitur yg bener yg ga nyusahin masyarakat bisa gasih,positif
Pengguna Google,1,05/15/2026 7:01,4.16.1,pendaftaran otp sms tidak masuk nunggu sampe jam gak masuk selain otp gmail cepet otp nya eh lupa inikan jkn bpjs kan,negatif
Pengguna Google,3,05/15/2026 6:57,4.16.1,sebenernya udah bagus buat memudahkan orang yang ingin daftar tanpa ribet tapi gatau kenapa pas daftar sering error perkara daftar aja sampe jam gabisa bisa pdhl udah nyoba pake wifi data udah di refresh berkali tetep gabisa mohon untuk direvisi terkait bug dalam aplikasi,negatif
Pengguna Google,5,05/15/2026 6:46,4.16.1,aplikasi korup nyawit emang ribet bgt dahlah benahi woi,negatif
Pengguna Google,1,05/15/2026 6:46,4.16.1,apalah ini mau daftar aja gk bisa bisa,negatif
Pengguna Google,1,05/15/2026 6:41,4.16.1,ribet,negatif
Pengguna Google,1,05/15/2026 6:39,4.16.1,susah mau masuk ke dalam usa daftar nya,negatif
Pengguna Google,1,05/15/2026 6:38,4.16.1,mau bikin aja verivikasi muka ga bisa payahhhhh,negatif
Pengguna Google,1,05/15/2026 6:32,4.16.1,aplikasi pemerintah ga guna mau daftar aja alasan tidak ada internet tidak bisa dipakai sekarang otak otak korupsi negara ga bener apa apa buatan pemerintah ga bener aplikasi ga guna,negatif
Pengguna Google,5,05/15/2026 6:30,4.16.0,aplikasi membantu masyarakat,negatif
Pengguna Google,1,05/15/2026 6:25,4.16.1,aplikasi bodoh gagal verivikasi terus,negatif
Pengguna Google,5,05/15/2026 6:22,4.16.1,sangat baik,positif
Pengguna Google,1,05/15/2026 6:16,4.16.1,mau daftar aja ga bisa eror sinyal bagus segala bagus masih masalah,positif
Pengguna Google,5,05/15/2026 6:15,4.16.1,mantap,positif
Pengguna Google,1,05/15/2026 6:15,4.16.1,error terus,negatif
Pengguna Google,1,05/15/2026 6:14,4.16.1,sering log out sendiri,negatif
Pengguna Google,1,05/15/2026 5:52,4.15.0,sumpah susah bangat update nya,negatif
Pengguna Google,5,05/15/2026 5:49,4.16.1,top,positif
Pengguna Google,5,05/15/2026 5:49,4.15.0,jkn ilang melulu cape tiap mau kontrol selalu jkn nya harus buat lagi,negatif
Pengguna Google,5,05/15/2026 5:45,4.16.1,baik,positif
Pengguna Google,1,05/15/2026 5:45,4.16.1,mau daftar aja dipersulit,negatif
Pengguna Google,4,05/15/2026 5:41,4.16.1,sangat membantu,negatif
Pengguna Google,1,05/15/2026 5:33,4.16.1,mau daftar online faskes lanjut susah nya minta ampun,negatif
Pengguna Google,5,05/15/2026 5:29,4.16.1,sangat bagus,positif
Pengguna Google,1,05/15/2026 5:07,4.16.1,ribet,negatif
Pengguna Google,5,05/15/2026 4:56,4.16.1,sangat membantu saya,negatif
Pengguna Google,1,05/15/2026 4:55,4.16.1,apk gk jelas daftar gagal terus pas vermuk payah pdhal hp kamera dan jarinhan bner ngaco apk gk mutu,negatif
Pengguna Google,1,05/15/2026 4:55,4.16.1,aplikasi nya lemot gak ramah samsek,negatif
Pengguna Google,1,05/15/2026 4:52,4.16.1,cara daftar anda susah,negatif
Pengguna Google,1,05/15/2026 4:48,4.16.1,apk tai,negatif
Pengguna Google,1,05/15/2026 4:37,4.16.1,bosok,negatif
Pengguna Google,1,05/15/2026 4:34,4.16.1,update nya lama kocakkk,negatif
Pengguna Google,5,05/15/2026 4:32,4.16.1,sangat membantu,negatif
Pengguna Google,5,05/15/2026 4:30,4.16.1,cepat dan mudah,positif
Pengguna Google,5,05/15/2026 4:29,4.16.1,semoga aplikasi nya selalu optimal dan lancar,positif
Pengguna Google,3,05/15/2026 4:25,4.16.1,mau cek atau buka masuknya susah,negatif
Pengguna Google,1,05/15/2026 4:22,4.16.1,app pemerintah mana sih yang berguna perbaiki skriningnya wajib slrining tapi eror disimpan,positif
Pengguna Google,5,05/15/2026 4:17,4.16.1,bagus,positif
Pengguna Google,1,05/15/2026 4:14,4.16.1,jkn butut,negatif
Pengguna Google,1,05/15/2026 4:07,4.16.1,biometrik nya bikin capek org daftar,negatif
Pengguna Google,1,05/15/2026 4:06,4.16.1,kenapa mengirim kode alam sekal yah saya butuh cepat,positif
Pengguna Google,5,05/15/2026 3:51,4.16.1,fitur sangat lengkap dan sangat membantu,negatif
Pengguna Google,1,05/15/2026 3:49,4.16.1,daftar akun jkn di jam libur gagal terus bagai mana ini jika keadaan darurat dimana harus terdaftar dulu di jkn jika ke rs,negatif
Pengguna Google,5,05/15/2026 3:44,4.16.1,membantu banget,negatif
Pengguna Google,5,05/15/2026 3:43,4.16.0,sangat puas dengan jkn,positif
Pengguna Google,5,05/15/2026 3:36,4.16.1,sangat membantu,negatif
Pengguna Google,1,05/15/2026 3:26,4.16.1,kok saya mau daftar error terus ya kak,negatif
Pengguna Google,5,05/15/2026 3:25,4.16.1,ok,negatif
Pengguna Google,2,05/15/2026 3:19,4.16.1,mau daftar kok susah sekali,negatif
Pengguna Google,1,05/15/2026 3:18,4.16.1,aplikasi ga guna tolol malah di persulit,negatif
Pengguna Google,5,05/15/2026 3:04,4.16.1,ok,negatif
Pengguna Google,2,05/15/2026 2:59,4.16.1,udh zamannya kuota otp mesti pakai pulsa aneh layanan publik,positif
Pengguna Google,1,05/15/2026 2:59,4.16.1,gak dapat dapat nomer otp nya kalo melalui sms,negatif
Pengguna Google,1,05/15/2026 2:54,4.16.1,minta update terus tapi ribetnya minta ampun,negatif
Pengguna Google,1,05/15/2026 2:51,4.16.1,apk dengan pelayanan buruk,negatif
Pengguna Google,5,05/15/2026 2:48,4.16.1,baik,positif
Pengguna Google,1,05/15/2026 2:46,4.16.1,aplikasi ribet repot g guna,negatif
Pengguna Google,3,05/15/2026 2:44,4.16.1,saat di klik masuk tidak bisa masuk aplikasi aplikasi eror,negatif
Pengguna Google,1,05/15/2026 2:44,4.16.1,marai emosi,negatif
Pengguna Google,1,05/15/2026 2:42,4.16.1,sudah kirim nomer telpon kenapa ngga di kirim kode verifikasi nya,negatif
Pengguna Google,5,05/15/2026 2:39,4.15.0,bagus,positif
Pengguna Google,5,05/15/2026 2:38,4.16.1,sangat membantu untuk registrasi terima kasih,negatif
Pengguna Google,1,05/15/2026 2:38,4.16.1,indonesa gini amat apk sering ganguan,negatif
Pengguna Google,5,05/15/2026 2:35,4.16.1,aplikasi sangat bagus peserta jkn wajib download,positif
Pengguna Google,1,05/15/2026 2:27,4.16.1,kurang,negatif
Pengguna Google,5,05/15/2026 2:25,4.16.1,sengaja saya kasih bintang biar dibaca saya mau daftar buat ibu saya tapi gak bisa karna gak keliatan kuota nya masih ada apa engak coba pake tanggal lain pun sama aja masih jadwal dokter belum tersedia begitu cek cs rsud ternyata tgl tersebut udah penuh padahal saya sudah nyoba daftar dari awal akhir april tapi ternyata malah gak dapet kuota tolong ya benerin lagi kalo mau bikin aplikasi pelayanan kemaren daftar akun baru aja susah sekarang mau berobat juga susah,negatif
Pengguna Google,1,05/15/2026 2:25,4.16.1,name,negatif
Pengguna Google,4,05/15/2026 2:20,4.16.1,kadang suka keluar sendiri dari akunnya tb tba trs jg kadang susah masukin lagi akunnya padhl sandi sm niknya sudah benar trus juga apknya knp ya selalu sering bgt di update jd aga kesusahan buat yg penyimpanan hpnya sdikit aga memper sulit,positif
Pengguna Google,1,05/15/2026 2:18,4.16.1,tidak bisa menggunakan lebih dari nik tujuannya apa,negatif
Pengguna Google,1,05/15/2026 2:14,4.16.1,helleh bukanya mempermudah ini app malah mempersulit pasien orang tua disuruh daftar by foto diri mana bisaaa x gagal pemerintah ini gak becus buat apk buang anggaran sini biar gen z yang buat,negatif
Pengguna Google,1,05/15/2026 2:09,4.16.1,mobil jkn busuk keluarga saya daftar tahun belum kelar padahal tiap bulan suruh bayar iuran mohon jangan buat sulit orang sakit,negatif
Pengguna Google,1,05/15/2026 2:09,4.16.1,sudah daftar berkali kali gagal terus udh coba hapus data update versi juga tp tetep gbisa mana harus cepet daftar utk daftar kontrol tp apl nya susah,negatif
Pengguna Google,1,05/15/2026 2:01,4.16.1,susah registrasi aplikasi bodoh,negatif
Pengguna Google,1,05/15/2026 2:00,4.16.1,ini aplikasi apa sebenarnya mau daftar saja susahnya minta ampun masukan nomor katanya nomornya udah dipake trus masukin nomer telpon lain kode otpnya tidak masuk verifikasi wajah sering gagal ini aplikasi mempersulit sekali tidak guna,positif
Pengguna Google,1,05/15/2026 1:51,4.3.0,jelek bgt verifikasi wajah ulang aja terus,negatif
Pengguna Google,3,05/15/2026 1:35,4.16.1,apk nya tiba tiba log out sendiri udah masukin nik sama password jkn nya salah terus gak bisa masuk gimana si gajelas apk nya,negatif
Pengguna Google,1,05/15/2026 1:21,4.16.1,aplikasi buruk susah daftar nyaaaa,negatif
Pengguna Google,1,05/15/2026 1:19,4.16.1,apk gajelas mau minta kode verifikasi ga muncul muncul aneh,negatif
Pengguna Google,5,05/15/2026 1:13,4.16.1,ada aplikasi ini sangat membantu jadi kita tidak repot tinggal buka hp saja semuanya beres praktis,negatif
Pengguna Google,5,05/15/2026 1:12,4.16.1,sangat sangat terbaik,positif
Pengguna Google,5,05/15/2026 1:06,4.16.1,usul ya tolong d update biar bs jkn untuk akun karena handle untuk akun orang tua jg d hp yang sama donk biar simple,negatif
Pengguna Google,5,05/15/2026 1:02,4.16.1,terimakasih sudah memudahkan kita untuk mendaftar pada zaman dahulu tp kalo untuk sistem skrg tolong jgn mempersulit ini mau login aja susah banget mau verifikasi muka juga susah banget harus diulang terus astaghfirullah kasian yg sudah renta atau yg tidak pandai teknologi,positif
Pengguna Google,1,05/15/2026 0:56,4.16.1,koq sering logout sendiri login susah sekali,negatif
Pengguna Google,5,05/15/2026 0:47,4.16.1,cukup baik dan mudah,positif
Pengguna Google,1,05/15/2026 0:26,4.16.1,aplikasi tolol mempersulit kenapa kode otp ke sms lama banget,negatif
Pengguna Google,1,05/15/2026 0:26,4.16.1,kode otpnya mana kok gak muncul muncul udah mencet berkali kali minta kode verifikasi malah gak ada yang kekirim,negatif
Pengguna Google,5,05/15/2026 0:25,4.16.1,aplikasinya ga bs dibuka ya,negatif
Pengguna Google,5,05/15/2026 0:23,4.13.1,sangat membantu,negatif
Pengguna Google,1,05/15/2026 0:17,4.15.0,di update g bisa mlu kterangannya ruang penyimpanan sya penuh pdhl msih bnyk ruang untuk update apk ini yg g besar ukurannya hadeh,negatif
Pengguna Google,1,05/14/2026 23:51,4.16.1,aplikasi pemerintah indonesia memang sudah didesain untuk menyulitkan hidup rakyat indonesia krn mereka menerapkan sistem kalo ada yang ribet kenapa harus mudah iykwim,negatif
Pengguna Google,1,05/14/2026 23:49,4.16.1,terlalu ribet prosedurya mau cek kesehatan tertunda prosedurnya harus verifikasi email dan lain sebagainya apalagi daftar dengan fitur kameranya yang rusak sudah sesuai yang diarahkan malah verifikasi wajah gagal kan kocak buat keterlambatannya bisa bisa kambuh dulu penyakitnya ini bukan dipermudah malah dipersulit,negatif
Pengguna Google,5,05/14/2026 23:39,4.16.1,mudah dan bermanfaat terimakasih mobile jkn,negatif
Pengguna Google,1,05/14/2026 23:23,4.16.1,gak dikirim kirim kode otkp nya melalui sms padahal pulsa masih banyak,negatif
Pengguna Google,5,05/14/2026 23:16,4.15.0,bagus banget,positif
Pengguna Google,5,05/14/2026 22:37,4.16.1,membantu sekali,negatif
Pengguna Google,5,05/14/2026 22:19,4.16.0,pelayanan harus lebih baik lagi,positif
Pengguna Google,5,05/14/2026 22:00,4.16.1,mantap,positif
Pengguna Google,5,05/14/2026 21:35,4.15.0,informasi pelayanan lebih cepat,positif
Pengguna Google,5,05/14/2026 18:02,4.14.0,alhamdulilah sangat membantu,negatif
Pengguna Google,4,05/14/2026 17:16,4.16.1,ok biar dekat dari rumah,negatif
Pengguna Google,1,05/14/2026 17:10,4.16.1,mau ambil antrian poli gigi aja bolak balik nggak bisa heran sama aplikasi ini,negatif
Pengguna Google,5,05/14/2026 16:46,4.16.1,mudah digunakan,negatif
Pengguna Google,1,05/14/2026 16:44,4.16.1,ga jelas,negatif
Pengguna Google,4,05/14/2026 16:15,4.16.1,aplikasinya agak ribet kalau harus setiap update aplikasi harus mengulang masuk,negatif
Pengguna Google,5,05/14/2026 15:55,4.16.1,pelayanan memuaskan dokternya baik dan ramah,positif
Pengguna Google,5,05/14/2026 15:23,4.16.1,aplikasi sangat membantu saya untuk melihat data kesehatan saya terima kasih bro sist,negatif
Pengguna Google,5,05/14/2026 15:19,4.16.1,jos,negatif
Pengguna Google,1,05/14/2026 15:11,4.14.0,selalu minta update padahal tidak ada perubahan menyusahkan pengguna,negatif
Pengguna Google,5,05/14/2026 14:52,4.16.1,aplikasi ini cukup baik,positif
Pengguna Google,5,05/14/2026 14:49,4.16.1,sangat membantu,negatif
Pengguna Google,1,05/14/2026 14:48,4.16.1,sangat di persulit pemirsa yg terhormat,negatif
Pengguna Google,1,05/14/2026 14:27,4.16.1,aplikasi buruk tiap update login lagi curiga kebangetan update melulu login melulu jika org sakit harus utak atik aplikasi ini lagi ini aplikasi utk org sehat apa utk org sakit sudah lunas mala dipersulit buruk,negatif
Pengguna Google,5,05/14/2026 14:21,4.16.1,sangat membantu,negatif
Pengguna Google,3,05/14/2026 14:11,4.12.0,aplikasi gk guna login gagal terus semua sudah aktif verifikasi gagal terus heran,negatif
Pengguna Google,5,05/14/2026 13:59,4.16.1,bagus,positif
Pengguna Google,1,05/14/2026 13:48,4.16.1,apk konyol,negatif
Pengguna Google,5,05/14/2026 13:42,4.16.1,bagus,positif
Pengguna Google,1,05/14/2026 13:37,4.16.1,logiknya susah tambah ribet,negatif
Pengguna Google,5,05/14/2026 13:25,4.16.1,kesulitan pas mau cetak kartu semua harus punya imel,negatif
Pengguna Google,1,05/14/2026 13:22,4.16.1,mau daftar jkn aja di persulit kayak daftar cpns apalah apk garapan negara ini,negatif
Pengguna Google,5,05/14/2026 13:14,4.16.1,sangat membantu tidak perlu ke kantor,negatif
Pengguna Google,1,05/14/2026 13:11,4.16.1,apk yang tidak bisa digunakan dengan sebagaimana mestinya hapus aja mobile jkn mending buat apk yang baru dan bisa digunakan dengan mudah,negatif
Pengguna Google,2,05/14/2026 13:09,4.16.1,mau mendaftarkan saja sulit,negatif
Pengguna Google,1,05/14/2026 12:58,4.16.1,apa apaan aplikasi penting gini dikit ke logout padahal gak mencet apa gak hapus data juga mana ribet pula loginnya,negatif
Pengguna Google,5,05/14/2026 12:44,4.16.1,mudah di akses,negatif
Pengguna Google,5,05/14/2026 12:31,4.16.1,bagus,positif
Pengguna Google,1,05/14/2026 12:28,4.16.1,aplikasi tidak ada gunanya masa iya daftar sudah puluhan kali gagal terus data sudah lengkap masi aja gagal,negatif
Pengguna Google,1,05/14/2026 12:27,4.16.1,daftar aja susah banget padahal udh sesuai semua niat gak sih bikin aplikasi udah pertengahan taon nih,positif
Pengguna Google,1,05/14/2026 12:25,4.16.1,ribet,negatif
Pengguna Google,5,05/14/2026 12:25,4.16.1,terimakasih mobile jkn telah membantu masyarakat dengan pelayanan kesehatannya,negatif
Pengguna Google,1,05/14/2026 12:05,4.16.1,tolong untuk developer untuk aplikasi jkn nya diperbaiki lagi bagaimana untuk verifikasi di kamera sudah benar tapi gangguan masa gangguan seharian penuh,positif
Pengguna Google,5,05/14/2026 12:02,4.16.1,merasa sangat terbantu dengan aplikasi ini karena mudah dalam penggunaannya,negatif
Pengguna Google,3,05/14/2026 12:02,4.16.1,tolong segera diperbaiki saat login muncul notifikasi menunggu beberapa saat lagi tolong lahhh diperbaiki secepatnya,positif
Pengguna Google,5,05/14/2026 11:54,4.16.1,ok,negatif
Pengguna Google,1,05/14/2026 11:41,4.16.1,kode otp lewat sms ga dikirim gimana mau verifikasi perbaiki lagi lah,positif
Pengguna Google,5,05/14/2026 11:40,4.16.1,sengat bermanfaat bagi rakyat indonesia,negatif
Pengguna Google,4,05/14/2026 11:25,4.16.1,katanya memudahkan ternyata tetep aja sulit banyak erornya data medis belum terekam llah payah,negatif
Pengguna Google,1,05/14/2026 11:09,4.16.1,ribet nunggu sms otp gak ada zonk padahal pulsa ada ayolah ini aplikasi negara lho,negatif
Pengguna Google,5,05/14/2026 10:58,4.16.1,sangat membantu untuk proses pengobatan dalah hal administrasi,negatif
Pengguna Google,1,05/14/2026 10:50,4.16.1,ini gimana ya udah banyak yang komplain tentang aplikasi ini sy juga mau daftar kok malah gabisa terus udah mulai bulan kapan kok sampe sekarang masih belum bisa gimana sih developernya katanya maintenance masak maintenance lama banget,negatif
Pengguna Google,1,05/14/2026 10:44,4.16.1,jelek jaringan gak stabil kode sms gak masuk ngelag ribet harusnya apk gini tuh gampang jgn di ribet ribet hadh lagi urgent juga nyusahin bgt heran,negatif
Pengguna Google,1,05/14/2026 10:41,4.16.1,mengapa app ini tidak tersedia untuk android lama jujur hp saya cuma satu satunya redmi not saya download app ini tp gak berhasil karena perangkat tidak kompitible apa saya harus beli hp android baru jangan kan untuk beli hp untuk berobat aja minta biaya pemerintah tolong lebih dipermudah jika memang app ini diwajibkan untuk pasien berobat biar semua kalangan bisa lebih mudah menggunakannya,negatif
Pengguna Google,1,05/14/2026 10:17,4.16.1,sangat mengecewakan saya sudah memasukkan alamat email dengan benar kode verivikasi yg dikirim ke saya lambat masuk kemudian saya coba kirim alamat email lagi dan kode nya masalah gagal tidak cocok ini gimana sih payah banget sistem nya orang mau bayar aja dipersulit,negatif
Pengguna Google,5,05/14/2026 10:12,4.16.1,mantab,negatif
Pengguna Google,5,05/14/2026 10:06,4.16.1,padahal apk nya bagus minus nya kalo lagi ke rs rujukan tbtb akun nya suka keluar kadang suka lupa sandi nya jadi kudu rubah lagi lewat email,positif
Pengguna Google,5,05/14/2026 9:57,4.16.1,sangat membantu,negatif
Pengguna Google,1,05/14/2026 9:56,4.16.1,otp lama bgt keluar padahal nomor sudah bnr,negatif
Pengguna Google,5,05/14/2026 9:54,4.14.0,untuk pendaftaran nomor antrian,negatif
Pengguna Google,5,05/14/2026 9:53,4.16.1,bagus cepat dan instan untuk pesan antrian ke rs,positif
Pengguna Google,5,05/14/2026 9:52,4.16.1,alhamdulillah bisa pindah faskes dengan mudah,negatif
Pengguna Google,1,05/14/2026 9:48,4.16.1,ternyata setelah baca ulasan kebanyakan keluhan sama kode otp ga masuk ni aplikasi bukannya mempermudah tapi malah mempersulit,negatif
Pengguna Google,1,05/14/2026 9:41,4.16.1,stuck di verifikasi sms,negatif
Pengguna Google,5,05/14/2026 9:26,4.16.1,di minta pilih salah satu metode verifikasi di bawah ini tapi pilihannya gak muncul longor emang apk a,negatif
Pengguna Google,4,05/14/2026 9:16,4.16.1,ok,negatif
Pengguna Google,5,05/14/2026 9:07,4.16.1,sngaja ksih biar kebaca bukannya memudhkan malah memprsulit udah masukin nomor telepon padahl baru beli krtunya malah kebaca sudh nomor digunkan udah coba nomor masih aja sudah digunakan padahl baru aja beli ke nomor itu dasar mau chat cs nya malah harus masuk daftar dlu daftarx mentok di persoalan nomor dasar aplikasi ngk ngotak,negatif
Pengguna Google,1,05/14/2026 9:01,4.16.1,apps official dari goverment tapi ga update perihal tanggal merah dan hari libur tuh aneh sih jadinya harus reschedule deh padahal butuh kontrolnya hari itu juga,negatif
Pengguna Google,1,05/14/2026 8:50,4.16.1,sering keluar masuk lagi susah salah melulu ribet,negatif
Pengguna Google,5,05/14/2026 8:47,4.16.1,sangat membabtu,negatif
Pengguna Google,1,05/14/2026 8:39,4.16.1,siang malam selama hari coba daftar gak bisa klau gak bisa daftar ngapain aplikasinya dibuat coba,negatif
Pengguna Google,5,05/14/2026 8:37,4.16.1,apk khont l mudah sekali cara daftar akunnya jadi bangga sama negeri konoha ini yg sudah melahirkan pembuat apk ini,negatif
Pengguna Google,1,05/14/2026 8:09,4.16.1,aplikasi tidak berguna sudah periksa berkali kali aplikasi tiba tiba keluar sendiri padahal nik sesuai tidak bisa masuk sangat sangat tidak membantu,positif
Pengguna Google,1,05/14/2026 8:07,4.16.1,apk aneh hp tidak di root muncul tulisan tdak bisa akses di hp di root dri awal bisa saja sekrang tdak bisa ada apa dengan apk mu,negatif
Pengguna Google,5,05/14/2026 8:02,4.16.1,bagus cepat dalam pemindahan faskes diperlukan wkt mingguan,positif
Pengguna Google,2,05/14/2026 8:00,4.16.1,daftar nya sangat susah sekali mubet mubet,negatif
Pengguna Google,5,05/14/2026 7:46,4.16.1,sangat membantu,negatif
Pengguna Google,5,05/14/2026 7:35,4.16.1,terbaik,positif
Pengguna Google,5,05/14/2026 7:31,4.16.1,terima kasih sangat mudah dan cepat,positif
Pengguna Google,5,05/14/2026 7:20,4.16.1,mantap,positif
Pengguna Google,1,05/14/2026 7:00,4.16.1,tolol ni apk mau daftar akun tinggal verifikasi wajah aja susah minta ampun gagal terus padahal kamera bagus jernih,positif
Pengguna Google,1,05/14/2026 6:49,4.16.1,aplikasi sering lemott posting foto udah bener salah trss,negatif
Pengguna Google,5,05/14/2026 6:48,4.16.1,pas untuk bpjs kesehatan terima kasih ya,negatif
Pengguna Google,4,05/14/2026 6:39,4.16.1,daftar online tiba tiba dibatalin seingat saya gk pernah batalin malahan batal sendiri aneh sistem nya,negatif
Pengguna Google,1,05/14/2026 6:37,4.16.1,bagus sih bpjs nya cuman oran orang yang kelola busuk semua,negatif
Pengguna Google,5,05/14/2026 6:37,4.16.1,keren dan mudah,positif
Pengguna Google,5,05/14/2026 6:03,4.16.1,bagus cuma kendalanya di verifikasi dengan vitur photonya gimana ya caranya biar bisa mohon saran nya terima kasih,positif
Pengguna Google,5,05/14/2026 5:57,4.16.1,good,negatif
Pengguna Google,5,05/14/2026 5:53,4.16.1,sudah semakin lebih baik,positif
Pengguna Google,5,05/14/2026 5:48,4.16.1,aplikasinya lumayan memudahkan cuman kekurangan nya ribetnya klo mau minta otp harus ada pulsa udah kek pajak tapi yaudah gpp tetap memudahkan ko kalo bisa sistem harus ada pulsa saat butuh otp di hilangkan sajah pak buk yg terhormat yg terkait trus buat ubah data klo bisa di permudah sajah,negatif
Pengguna Google,1,05/14/2026 5:47,4.16.1,aplikasi tolol mau daftar ga bisa dicoba hari ini otp email ga ada di coba hari besok otp no hp yang ga ada mau nya apa coba,negatif
Pengguna Google,1,05/14/2026 5:43,4.16.1,aplikasi ini tujuannya mempermudah tapi sistem login nya sangat menghambat terlalu banyak step nik password captcha yang sering sulit dibaca hanya untuk sekadar bayar iuran tolong dipermudah prosedurnya demi kenyamanan masyarakat,positif
Pengguna Google,1,05/14/2026 5:41,4.16.1,aplikasi sampah buang buang anggaran,negatif
Pengguna Google,5,05/14/2026 5:34,4.16.1,oke bagus,positif
Pengguna Google,1,05/14/2026 5:28,4.16.1,apaan sih ini sudah verifikasi tetap gabisa login,negatif
Pengguna Google,1,05/14/2026 5:19,4.16.1,eror terus,negatif
Pengguna Google,5,05/14/2026 5:13,4.16.1,ok,negatif
Pengguna Google,1,05/14/2026 5:11,4.16.1,susah banget masuk ke akun sendiri jaringan error padahal kuota masih banyak,negatif
Pengguna Google,5,05/14/2026 5:06,4.16.1,mantap,positif
Pengguna Google,5,05/14/2026 4:58,4.16.1,bagus,positif
Pengguna Google,5,05/14/2026 4:54,4.16.1,pelayanan yg bagus,positif
Pengguna Google,1,05/14/2026 4:53,4.16.1,susaaah bgtt mau pengurangn anggota pun selalu ditolak pdhal persyaratan sudah lengkap pake pandawa katanya membantu nyata nya mempersulitt,negatif
Pengguna Google,5,05/14/2026 4:51,4.16.1,aplikasi biad p verifikasi wajah kagak bisa susah banget ngatur posisi nya,negatif
Pengguna Google,5,05/14/2026 4:51,4.16.1,luar biasa aplikasi yg sangat mudah di pelajari,negatif
Pengguna Google,5,05/14/2026 4:51,4.16.1,sangat membantu,negatif
Pengguna Google,5,05/14/2026 4:28,4.16.1,sangat membantu dan sangat praktis aplikasinya,negatif
Pengguna Google,5,05/14/2026 4:28,4.16.1,bagus,positif
Pengguna Google,1,05/14/2026 4:19,4.16.1,aplikasi ga jelas mau daftar aja susah banget udah kaya mau pengajuan pinjaman bukanya dipermudah pelayanan nya malah mempersulit,positif
Pengguna Google,5,05/14/2026 4:13,4.16.1,urusan bpjs kesehatan menjadi mudah dengan menggunakan aplikasi ini,negatif
Pengguna Google,1,05/14/2026 4:07,4.16.1,perlu dibenerin lagi dehh apk nyaaaa,negatif
Pengguna Google,1,05/14/2026 3:58,4.16.1,apk sampah cmn ngirim kode otp aj lama banget,negatif
Pengguna Google,1,05/14/2026 3:46,4.16.1,biasa kalo sesuatu yang gratis pasti lemot,negatif
Pengguna Google,1,05/14/2026 3:43,4.16.1,bikin emosi aja deh ini aplikasi disuruh verifikasi wajah tapi gak bisa bisa terus mau ganti no hp baru pun juga susah katanya disuruh hub center tapi kok malah mbulet dikasih link tapi gak bisa kebuka haduuuh,negatif
Pengguna Google,1,05/14/2026 3:35,4.16.1,niat bikin aplikasi gak sulit banget dapet kode otp lewat no hp hadeh,negatif
Pengguna Google,1,05/14/2026 3:07,4.16.1,minta kode verifikasi gagal terus hbis itu kode verifikasinya gak ad masuk masuk,negatif
Pengguna Google,1,05/14/2026 3:04,4.16.1,susah dan ribet capta terlalu keriting atau mungkin saya ga bisa baca,negatif
Pengguna Google,2,05/14/2026 3:03,4.16.1,aplikasinya keluar terus pas mau masuk lagi malah gak bisa daftar ulang juga gak bisa cuma bisa sekali daftar,negatif
Pengguna Google,2,05/14/2026 2:58,4.16.1,astagfirullah udh berapa hari ini nyoba nyoba sms otp nomer telpon woiiiii benerin apa apkikasinya,negatif
Pengguna Google,1,05/14/2026 2:51,4.16.1,blokk ga bisa bermuka ribet battt kalo bisa ga di bintang ini ga gw bintangin,negatif
Pengguna Google,2,05/14/2026 2:45,4.16.1,padahal udah bagus tapi ya gitu gangguan mulu,positif
Pengguna Google,1,05/14/2026 2:44,4.16.1,aplikasi apaan sering log out trus,negatif
Pengguna Google,1,05/14/2026 2:40,4.16.1,spam bintang gasih guys aplikasi dari pemerintah emang gk berkualitas ya keknya semuanya deh tampilan boring server lemot kirim otp aja nunggu detik itupun ngga ada muncul padahal di jam kerja pada tidur apa ya niatnya buat apasih bikin apk buat mempermudah kan tapi malah ribet banget inimah jatohnya yang bener dong,negatif
Pengguna Google,1,05/14/2026 2:34,4.16.1,ini aplikasi kenapa kok daftar aja ribet sekali ini mah mempersulit nama nya bukan mempermudah daftar nya udah lama trus mau nya masuk udah ketik no hp yg sudah aktif sinyal bagus kuota juga aktif malah di bilang offline ini kalau ada yg sakit parah di suruh daftar bisa duluan jalan ke alam lain dah yg sakit ini kalau gini,negatif
Pengguna Google,1,05/14/2026 2:33,4.16.1,jgn dipersulit plis lah face id aja susah bgt beda dgn aplikasi lain sekali langsung kenal susah,negatif
Pengguna Google,1,05/14/2026 2:28,4.16.1,aplikasi ruwet cok tingal regitasi no hp susah amat cok ruwet ruwet ruwet,negatif
Pengguna Google,1,05/14/2026 2:28,4.16.1,aplikasi ribet susah masuk mau berobat juga ribet bayar aja ribet apalagi gratis,negatif
Pengguna Google,1,05/14/2026 2:09,4.16.1,mau dftar aja udah seminggu selalu error orang meninggal dulu kah baru bisa sedangkan mau ke puskes daftar pake ini tolonglah,negatif
Pengguna Google,1,05/14/2026 2:06,4.16.1,kalo aplikasi belom siap jangan di pake malah kebanyakan eror ngak jelas kasian ini mau berobat jadi di persulit apalagi di pake wajib instal segala,negatif
Pengguna Google,5,05/14/2026 1:52,4.16.1,membantu banget buat aku yang mager kalau harus ngurus fisikk nya,negatif
Pengguna Google,5,05/14/2026 1:52,4.16.1,respon sangat cepat,positif
Pengguna Google,5,05/14/2026 1:47,4.16.1,bintang biar kebaca dana bikin aplikasi dikorup mulu ya gini daftar aja susahnya minta ampun sinyal udh bagus tetep gabisa data sesuai tetep gabisa maunya apasih bikin emosi doang aplikasi yg katanya mempermudah masyarakat kok malah menyulitkan,positif
Pengguna Google,1,05/14/2026 1:41,4.16.1,ini kenapa sms ea ga masuk padahal no ea aktif tp ga di kirim ea ribet amat ini apk,negatif
Pengguna Google,5,05/14/2026 1:34,4.16.1,bagus,positif
Pengguna Google,1,05/14/2026 1:22,4.16.1,min tolong dong saya mau daftar gak bisa sinyal bagus pdhal,positif
Pengguna Google,1,05/14/2026 1:05,4.16.1,habis pembaruan malah g bisa login pdhal kmren masih bisa masuk skrang lagi urgent mau dpakai periksa ambil antrian mlah g bisa login,negatif
Pengguna Google,5,05/14/2026 0:55,4.16.1,memudahkan semuanya,negatif
Pengguna Google,1,05/14/2026 0:53,4.16.1,aplikasi macam apa ini,negatif
Pengguna Google,5,05/14/2026 0:52,4.16.1,sangat bagus dan membantu,positif
Pengguna Google,1,05/14/2026 0:51,4.16.1,apk cacat otp sms ga masuk,negatif
Pengguna Google,1,05/14/2026 0:45,4.16.1,gimana mau daftar tanggalan ny aj cuma sampe tgl bulan ny cuma sampe bulan mei ud coba hapus downlod lagi sama aj gk berubah tolong lah di perbaiki jgn di persulit,positif
Pengguna Google,5,05/14/2026 0:37,4.16.1,proses mudah dan cepat terimakasih,positif
Pengguna Google,5,05/14/2026 0:16,4.16.1,semua jadi lebih mudah,negatif
Pengguna Google,5,05/14/2026 0:10,4.16.1,ok,negatif
Pengguna Google,1,05/13/2026 23:31,4.16.1,aplikasi busuk ini gimana cara ganti no teleponnya udah diisi bener gabisa verifikasi mau verifikasi email butuhin pin pinnya gabisa disuruh,negatif
Pengguna Google,5,05/13/2026 23:01,4.16.1,good,negatif
Pengguna Google,4,05/13/2026 22:46,4.16.1,ko susah amat ya udah saya masukin kode tapi salah terus,negatif
Pengguna Google,5,05/13/2026 22:41,4.16.1,good,negatif
Pengguna Google,1,05/13/2026 22:06,4.3.0,kenapa setiap buka aplikasi slalu login dulu bikin lama aja b aja lah,negatif
Pengguna Google,5,05/13/2026 22:06,4.16.1,sangat sangat membatu buat saya yang males ngantri,negatif
Pengguna Google,2,05/13/2026 20:53,4.16.1,seharusnya yang membatalkan surat rujukan khususnya untuk lansia dan penyakit degeneratif adalah dokter yang dirujuk bukan dibatasi oleh bpjs yang hanya bulan banyak sekali yang sudah jompo atau tidak mampu mengurus sendiri perpanjangan rujukan sehingga harus meminta tolong orang lain mohon dipertimbangkan tks,negatif
Pengguna Google,4,05/13/2026 18:07,4.16.1,knpa saya gak bisa daftar jkn,negatif
Pengguna Google,1,05/13/2026 17:36,4.16.1,kita mau daftar kenapa di persulit niat ga sih bantu masyarakat,negatif
Pengguna Google,5,05/13/2026 17:04,4.16.1,good,negatif
Pengguna Google,5,05/13/2026 16:54,4.16.1,mantap,positif
Pengguna Google,5,05/13/2026 16:46,4.16.0,sangat baik dan membantu,positif
Pengguna Google,5,05/13/2026 15:41,4.16.1,sangat membantu dan memuaskan trimakasih,positif
Pengguna Google,5,05/13/2026 15:28,4.16.1,memudahkan utk berobat,negatif
Pengguna Google,5,05/13/2026 15:28,4.13.1,membantu banget,negatif
Pengguna Google,5,05/13/2026 14:47,4.16.1,best,positif
Pengguna Google,5,05/13/2026 14:46,4.16.1,apk sampah kode verifikasi gak di kirim,negatif
Pengguna Google,1,05/13/2026 14:34,4.16.1,apk gak jelas untuk masuk saja gak bisa,negatif
Pengguna Google,4,05/13/2026 14:27,4.16.1,sangat membantu rakyat menengah ke bawah,negatif
Pengguna Google,1,05/13/2026 14:12,4.16.1,susah login susah daftar,negatif
Pengguna Google,5,05/13/2026 14:01,4.16.1,mantap,positif
Pengguna Google,5,05/13/2026 13:57,4.16.1,perbaiki kinerjanya,positif
Pengguna Google,1,05/13/2026 13:50,4.16.1,kenapa gacha nya salah trus,negatif
Pengguna Google,5,05/13/2026 13:47,4.16.1,sangat membantu,negatif
Pengguna Google,5,05/13/2026 13:27,4.16.1,keren dan banyak membantu aplikasi mobile jkn,positif
Pengguna Google,5,05/13/2026 13:12,4.16.1,sangat berguna,negatif
Pengguna Google,5,05/13/2026 13:12,4.16.1,mudah dn cepat,positif
Pengguna Google,1,05/13/2026 13:08,4.16.1,malah mempersulit sangat merasa di permainkan pemerintah aplikasi kesehatan malah kek dajal ribet bat anjir segala di suruh ke dukcapil gile,negatif
Pengguna Google,5,05/13/2026 13:08,4.16.1,baik sekali,positif
Pengguna Google,5,05/13/2026 13:01,4.16.1,lumayan baik,positif
Pengguna Google,1,05/13/2026 13:00,4.16.1,jujur aplikasi ini tidak membantu sama sekali karena saya sudah berulang kali daftar tapi tidak bisa dengan alasan tidak terhubung dengan dukcapil kalau seperti ini lebih baik membuat bpjs secara offline saja ketimbang online lebih ribet,positif
Pengguna Google,5,05/13/2026 12:59,4.16.1,nice,negatif
Pengguna Google,5,05/13/2026 12:29,4.16.1,banyak membantu saya dalam pemeriksaan kesehatan,negatif
Pengguna Google,5,05/13/2026 12:26,4.16.1,mantap,positif
Pengguna Google,1,05/13/2026 12:25,4.15.0,kenapa saya kasih karena sudah kali login gak bisa masuk lagi sedangken orngtua saya gak punya hp dipersulit sekalai mohon dikembaliken ke versinl yg dulu bagus versi yg dulu slalu lancar,positif
Pengguna Google,5,05/13/2026 12:23,4.16.1,ok,negatif
Pengguna Google,5,05/13/2026 12:10,4.16.1,daftar e bosok gagal teros,negatif
Pengguna Google,1,05/13/2026 12:03,4.16.1,aplikasi paling yg paling paling terpaling buruk buruk sekali gk ada bagus bagus nya gak ada meringankan nya malah mempersulit sdh login malah di suruh login setelah itu malah gk bisa login,negatif
Pengguna Google,1,05/13/2026 12:01,4.16.1,gabisa login,negatif
Pengguna Google,4,05/13/2026 11:59,4.16.0,saya termasuk peserta yg belum lama bergabung dengan bpjs tapi saat saya berobat saya sangat senang dengan penanganan petugas medisnya,negatif
Pengguna Google,5,05/13/2026 11:44,4.16.1,mantap,positif
Pengguna Google,5,05/13/2026 11:41,4.16.1,pelayan kesehatan mudah di dalam genggaman,positif
Pengguna Google,1,05/13/2026 11:39,4.16.1,ko eror gak bisa daftar hari ini demam,negatif
Pengguna Google,5,05/13/2026 11:36,4.16.1,serba salah y mau masuk login di bilang blm terdaftar ehhh pas ketik daftar udah isi nik dll malahan diblng sdh terdaftar anehhh gk bs msk apl nya,negatif
Pengguna Google,1,05/13/2026 11:31,4.16.1,kalau buat apk yang jelas lah masak dibuat daftar eror mulu udah hari lo ini keadaannya mendesak kalau langsung ke faskes pasti nunggu lama bahkan ada yang ditolak karena harus pakai apk inii tolong dibenerin lagi lahh ini soalnya penting apalagi untuk pemeriksaan,negatif
Pengguna Google,1,05/13/2026 11:31,4.16.1,mau berobat aja di bikin ribet gmn si,negatif
Pengguna Google,5,05/13/2026 11:18,4.16.1,sippp,negatif
Pengguna Google,2,05/13/2026 11:13,4.16.1,susah masuk otp nya aplikasi kyanya ga mantep ini,negatif
Pengguna Google,5,05/13/2026 11:10,4.16.1,memudahkan pengguna,negatif
Pengguna Google,1,05/13/2026 11:08,4.16.1,aplikasi nyusahin rakyat,negatif
Pengguna Google,5,05/13/2026 10:57,4.16.1,membantu bangt buat sy yg ngontrak jdi bisa di pindah lokasi faskesnya buat yg slalu gagal karna jaringannya cba mode pesawat dulu soalnya sy jg begitu udah beberapa kali coba koneksi jelek,negatif
Pengguna Google,5,05/13/2026 10:45,4.16.1,good job,negatif
Pengguna Google,1,05/13/2026 10:31,4.16.1,nunggu verif nomber hp susah banget kode verifikasi ga muncul muncul padahal jaringan bagus mau pake layanan aja di persulit ampun,positif
Pengguna Google,1,05/13/2026 10:26,4.16.1,aplikasi tidak dibuka selama bulan otomatis log out sendiri sedangkan tidak mungkin selama bulan rutin kerjaannya buka aplikasi mjkn,negatif
Pengguna Google,1,05/13/2026 10:16,4.16.1,apk k tl,negatif
Pengguna Google,5,05/13/2026 10:11,4.16.1,sangat membantu,negatif
Pengguna Google,1,05/13/2026 10:04,4.16.1,update bikin daftar lagi bikin susah aj ni aplikasi log in gagal mulu hadeh,negatif
Pengguna Google,1,05/13/2026 10:02,4.16.1,daftar aja dusah kgk niat bnr buat apk,negatif
Pengguna Google,5,05/13/2026 9:39,4.16.1,bagus,positif
Pengguna Google,5,05/13/2026 9:33,4.16.1,sangat bagus,positif
Pengguna Google,5,05/13/2026 9:33,4.16.1,baca baca bacaa susah amat mau log in pertama log in harus verifikasi selfie muka udah depan layar tapi wajah ga juga terdeteksi udahlah kameranya ga mirror bikin pusing percobaan log in ke dua kali kesalahan pengajuan data ke dukcapil katanya bikin aplikasi bukannya mempermudah malah bikin emosi,negatif
Pengguna Google,1,05/13/2026 9:14,4.16.1,aplikasi jkn mobile ini jelek sekali mau mendaftar saja sulitnya minta ampun sangat tidak rekomendasi buang buang anggaran negara saja dan menyulitkan hidup masyarakat miskin,negatif
Pengguna Google,4,05/13/2026 8:56,4.16.1,sedikit susah klo suruh foto,negatif
Pengguna Google,1,05/13/2026 8:49,4.16.1,aplikasi negara emang gak ada yang bener,negatif
Pengguna Google,1,05/13/2026 8:39,4.16.1,sangat tidak membantu aku seharian daftar ga bisa bisa sungguh sangat mempersulit orang yang mau berobat,negatif
Pengguna Google,1,05/13/2026 8:27,4.16.1,gagal terus otp ga dikirim daftar lagi berkali kali masalah terus dukcapil jaringan dll,negatif
Pengguna Google,1,05/13/2026 8:16,4.16.1,tolong semua aplikasi pemerintah di benerin error mulu,negatif
Pengguna Google,5,05/13/2026 8:15,4.16.1,okelah,positif
Pengguna Google,1,05/13/2026 8:12,4.16.1,aplikasi payah daftar antrian periksa gagal terus padahal sudah dicoba berulang kali dari pagi sampai sore sambungan internet juga stabil,negatif
Pengguna Google,5,05/13/2026 8:00,4.16.1,jos,negatif
Pengguna Google,5,05/13/2026 7:56,4.16.1,sangat memuaskan,positif
Pengguna Google,1,05/13/2026 7:35,4.16.1,aplikasi macam apa ini di minimize untuk buka kode otp langsung ngulang lagi dari awal pembodohan public ini namanya,positif
Pengguna Google,1,05/13/2026 7:25,4.16.1,aplikasi aneh informasi nomor peserta bpjs jkn tidak ditampilkan ke halaman profil jadinya akun saya tidak aktif karna masalah pembayaran,negatif
Pengguna Google,1,05/13/2026 7:22,4.16.1,indonesian bukan negara kecil apakah tidak ada orang yg pinter yang bisa memperbaiki aplikasi jkn mobile mau daftar ribet proses sulit,positif
Pengguna Google,1,05/13/2026 7:20,4.16.1,gak bisa daftar masukin no hp nya gangguan terus,negatif
Pengguna Google,2,05/13/2026 7:18,4.16.1,aplikasinya bagus banget mau daftar susahnya minta ampun data sudah sesuai tp tetep nggak bisa daftar katanya kesalahan inquiry data ke dukcapil kalau ada kesalahan ya perbaiki lah masa pemakai yg disuruh perbaiki,positif
Pengguna Google,5,05/13/2026 7:14,4.13.1,sangat baik,positif
Pengguna Google,1,05/13/2026 6:52,4.16.1,gak bisa bisa daftar aplikasi banyak makan biaya tapi gak fungsi,negatif
Pengguna Google,1,05/13/2026 6:52,4.14.0,jangan banyakan update,negatif
Pengguna Google,4,05/13/2026 6:51,4.16.1,suka tiba kluar sndiri jd kekunci disuruh masuk atau dftr pas masuk ktny tidak terdaftar gmn y pdhl gaada tunggakan ni sy mau dftr rujukan udh sakit bnget bikin org sakit tambah sakit si jkn ktnya mempermudah udah bayar ni kita kita awas aja tiba d nonaktifkan ga iklas cepet perbaharui ahh,positif
Pengguna Google,5,05/13/2026 6:21,4.16.1,aku sangat puas sekali pelayanan nya,positif
Pengguna Google,3,05/13/2026 6:21,4.16.1,gabisa login trs terjadi kendala pada proses inquiry ke dukcapil hadeh,negatif
Pengguna Google,5,05/13/2026 6:19,4.16.1,sudah ke daftar kok tiba kluar sendiri giliran mau login lagi susah dari kmren gak bisa tolong laaaaaah,negatif
Pengguna Google,5,05/13/2026 6:18,4.16.1,mantap,positif
Pengguna Google,3,05/13/2026 6:14,4.16.1,untuk petangkat samsung j kok masih ga bisa ya mohon agar perangkat ini mendukung nya di perangkat samsung j,negatif
Pengguna Google,1,05/13/2026 6:14,4.16.1,pikir sendiri kapa di kasih bintang satu,negatif
Pengguna Google,5,05/13/2026 6:09,4.16.1,baik,positif
Pengguna Google,1,05/13/2026 6:02,4.16.1,ribeut banget sih masukin poto wajah sama no hp nya udah ganti no hp ampe kali masih aja gk nerima otp keburu mati orang yang sakit tau gk ribeut udah banyak di komen juga bukannya di perbaiki malah makin parah gk niat bantu banget,negatif
Pengguna Google,1,05/13/2026 6:00,4.16.1,kalau ada bintang minus saya kasih minus gak ada acara sengaja kasih bintang aplikasi mempersulit hidup kalau belum siap jangan dipaksakan harus dipakai kode otp lewat sms gak dikirim kirim padahal lewat email langsung terkirim kenapa harus lewat hp juga captcha nya ngajak ribut captcha kok gak kebaca dan harus diulang ulang nyoba berulang akhirnya malah ada notif ada kendala di inquiry dukcapil developer waras,negatif
Pengguna Google,5,05/13/2026 6:00,4.16.1,sangat bermanfaat untuk rakyat,negatif
Pengguna Google,1,05/13/2026 6:00,4.16.1,baru mau daftar aja ribet dan sulitnya setengah mati gagal terus udah berjam jam masih sama ngga ada hasil ntah itu masalah captcha ataupun vermuk sumpah jadi buang buang waktu dibuatnya,negatif
Pengguna Google,5,05/13/2026 5:58,4.16.1,mantap buagus,positif
Pengguna Google,1,05/13/2026 5:53,4.16.1,sering error,negatif
Pengguna Google,3,05/13/2026 5:53,2.9.0,belum maksimal,negatif
Pengguna Google,1,05/13/2026 5:52,4.16.1,update terakhir buat tulisan detail keterangan terpotong seakan harus mode dekstop pdhl di hp sering terlogout sendiri,positif
Pengguna Google,1,05/13/2026 5:50,4.16.1,aplikasi sampah,negatif
Pengguna Google,1,05/13/2026 5:34,4.16.1,perbaiki aplikasi nya jangan tunggu viral baru klarifikasi masyarakat jangan di bikin ribet untuk apa bikin aplikasi ini apakah cuma untuk formalitas aja biar dikira benar benar bekerja untuk masyarakat,positif
Pengguna Google,1,05/13/2026 5:30,4.16.1,semua dipersulit bujang bujang,negatif
Pengguna Google,5,05/13/2026 5:23,4.16.1,emang pragaram dari pemerintah ngak ada yang bner daftar hampir satu minggu ngak bisa trus ke kantor muter muter ngak bisa ngak ada gunayaa,negatif
Pengguna Google,5,05/13/2026 5:14,4.16.0,memudahkan dalam kontrol kesehatan luar biasa,negatif
Pengguna Google,1,05/13/2026 5:09,4.16.1,ribet aplikasi lu mau daftar aja gjls bgt arahan kameranya giliran udh bener koneksi mulu pdhl make wifi cmn hp dibenerin dong bikin ribet aja,negatif
Pengguna Google,1,05/13/2026 5:04,4.16.1,mempersulit banget sih,negatif
Pengguna Google,1,05/13/2026 4:58,4.16.1,aplikasi bejad login ga bisa keterangan nya tidak terdaftar lah kesalahan data dukcapil lah server eror lah kaga jelass,negatif
Pengguna Google,5,05/13/2026 4:54,4.16.1,bagus,positif
Pengguna Google,1,05/13/2026 4:53,4.16.1,app busyuukk verif wajah ga bisa dengan alasan belum dapat di proses tolong di perbaiki jangan nyusahin orang sakit,positif
Pengguna Google,5,05/13/2026 4:50,4.16.1,ok,negatif
Pengguna Google,1,05/13/2026 4:47,4.16.1,perubahan data peserta yg non aktif tidak bisa dan mengaktifkan bpjs yg non aktif juga sangat sulit melewati form pandawa juga tidak berguna pengiriman file selalu gagal terus bagaimana lagi cara aktifkan bpjs apa gunanya app online ini jika di persulit ampun dah indonesia,negatif
Pengguna Google,1,05/13/2026 4:46,4.16.1,kebanyakan update bikin memori penuh masukin nomer tlp di jkn dan pandawa eror mulu,negatif
Pengguna Google,1,05/13/2026 4:43,4.16.1,sehrsnya jgn dipersulit utk daftar online ini membutuhkan x verifikasi terlalu ribet untuk pasien apalgi yg sudah tua yg gaptek ini,negatif
Pengguna Google,5,05/13/2026 4:28,4.16.1,baik,positif
Pengguna Google,5,05/13/2026 4:25,4.16.1,bagus,positif
Pengguna Google,1,05/13/2026 4:24,4.16.1,sudah hampir seminggu tiba tiba akun di aplikasi mobile jkn saya terkena logout sendiri saya sudah coba masuk dan pakai kata sandi yang sama selalu salah sudah saya coba reset kata sandi dan setiap ingin mengirim kode otp verivikasi nomer telepon permintaan anda tidak bisa di proses ini bukannya mempermudah malah mempersulit,negatif
Pengguna Google,5,05/13/2026 4:22,4.14.0,ribett banget,negatif
Pengguna Google,1,05/13/2026 4:21,4.16.1,cuma mau masuk akun aja dipersulit harus autodebit dulu lah pas udh masukin kartu atm dibilang salah lah coba daftar di website buat auto debit nya juga ga bisa memang terbaik aplikasi,positif
Pengguna Google,5,05/13/2026 4:20,4.16.1,sangat puas dengan pelayanan bpjs apa lg petugasnya,positif
Pengguna Google,5,05/13/2026 4:16,4.16.1,aplikasi mudah dipahami dan digunakan,negatif
Pengguna Google,5,05/13/2026 4:14,4.16.1,pelayanan di kantor bpjs kesehatan pancoran jakarta selatan bagus sat set tidak ribet terimakasih,positif
Pengguna Google,5,05/13/2026 4:13,4.16.1,sangat membantu terima kasih,negatif
Pengguna Google,1,05/13/2026 4:13,4.16.1,errorr terus pdahal sudah terdaftar tp tiap mau log in belum terdaftar mulu,negatif
Pengguna Google,1,05/13/2026 4:12,4.16.1,pelayanan sangat buruk lupa password udah pake sms dan email bukannya dikirim malah selalu gagal apakah semua platform plat merah memang selalu buruk dalam pelayanan,negatif
Pengguna Google,1,05/13/2026 4:12,4.16.1,app buluk kgak ada pemeliharaan apaa login nik pw gagal trus pdahal nik pw sama berhasil wktu login blan lalu ribet belibet hrus ke bpjs center huakkk cuih,negatif
Pengguna Google,1,05/13/2026 4:07,4.16.1,perbaikin sistem lu deh nyusahin udh isi smua data dan sesuai coba beberapa hp yg berbeda sempat download ulang jg tp ttp gada perubahan gabisa masuk untuk daftar,positif
Pengguna Google,1,05/13/2026 4:07,4.16.1,aplikasi nya ngerepotin tiap keluar tiba suruh login lagi pake nik bikin ribet,negatif
Pengguna Google,5,05/13/2026 4:04,4.16.1,sangat membantu,negatif
Pengguna Google,5,05/13/2026 4:04,4.16.1,baik sekali,positif
Pengguna Google,1,05/13/2026 4:02,4.16.1,yang susah tetap susah yang mudah jadi susah,negatif
Pengguna Google,5,05/13/2026 3:56,4.16.1,kenapa jadwal kontrol saat mengambil antrian online tertulis dijkn desember sedangkan jadwal kontrol januari saat mendaftar online ada keterangan dokter tidak tersedia dan gagal tapi syukurlah aplikasi jkn sudah bisa screenshot,negatif
Pengguna Google,5,05/13/2026 3:55,4.16.1,sangat membantu efisien waktu,negatif
Pengguna Google,5,05/13/2026 3:52,4.16.1,alhamdulillah sangat membantu masyarakat,negatif
Pengguna Google,1,05/13/2026 3:51,4.16.1,dari tahun sampe sekarang sama aja gak ada perubahan tetep susah daftar nya disuruh pake apk ini tapi apk nya aja gblk nyusahin orang mau berobat aja,negatif
Pengguna Google,5,05/13/2026 3:51,4.16.1,bagus,positif
Pengguna Google,5,05/13/2026 3:51,4.16.1,sangat membantu,negatif
Pengguna Google,1,05/13/2026 3:48,4.16.1,aplikasi payah mau masuk aja baru kode captcha salah terus padahal mata gue gk minus tuw masukin kodenya,negatif
Pengguna Google,5,05/13/2026 3:40,4.16.1,sangat mudah untuk mengakses bpjs,negatif
Pengguna Google,2,05/13/2026 3:39,4.16.1,kamera miror bikin susah verifikasi,negatif
Pengguna Google,5,05/13/2026 3:38,4.16.1,saya lupa password tapi minta kode verifikasi nya lama banget tolong di perbaiki,negatif
Pengguna Google,1,05/13/2026 3:28,4.16.1,aplikasi apaan ini siapa yang buat aplikasi ini aku dh masukin nomor hp gk bisa mulu permintaan blm dapat di proses padahal email udah masuk semua gas semuanya kasih bintang,negatif
Pengguna Google,5,05/13/2026 3:26,4.16.1,puas,positif
Pengguna Google,5,05/13/2026 3:24,4.16.1,mudahkan dalam hal login min pake sidik jari ngga usah pake pasword suka lupa ama pasword soalnya,positif
Pengguna Google,4,05/13/2026 3:19,4.16.1,bikin pusing selalu setiap mau buka jkn selalu d ada hal baru ini itu,negatif
Pengguna Google,1,05/13/2026 3:17,4.16.1,kenapa kalau habis update aplikasi harus login lagi memangnya login yang kemarin tidak tersimpan dan tiap beberapa bulan harus ganti pin demi keamana memangnya ada orang lain yang mau pakai akun kita buat berobat sedangkan prosedur di rumah sakit saja sudah sebegutu ketatnya mempersulit saja terutama bagi pengguna yang sudah lanjut usia apalagi dengan hp yang seadanya,positif
Pengguna Google,1,05/13/2026 3:11,4.16.1,aplikasi sering keluar sering eror mau login juga susah ditingkatkan lagi aplikasinya sudah make lama tapi tetep seperti itu terus,negatif
Pengguna Google,5,05/13/2026 3:09,4.16.1,membantu sekali ketika sya akan berobat terimakasih,negatif
Pengguna Google,1,05/13/2026 3:09,4.16.1,bukan membantu mempermudah tapi mempersulit,negatif
Pengguna Google,5,05/13/2026 3:01,4.16.1,bermanfaat,negatif
Pengguna Google,1,05/13/2026 2:50,4.16.1,pemerintah kalo buat aplikasi yang kualitasnya bagus dong susah banget loginnya,positif
Pengguna Google,1,05/13/2026 2:45,4.16.1,jkn kenapa sih error terus mending apus aja ini apk apk untk brobat tp mempersulit orang mau brobat,negatif
Pengguna Google,2,05/13/2026 2:43,4.14.0,susah update,negatif
Pengguna Google,1,05/13/2026 2:43,4.16.1,tolong benerin servernya jelek bgt ini mau masuk mobil jkn gak masuk mau berobat ini susah amat,negatif
Pengguna Google,1,05/13/2026 2:38,4.16.1,aplikasi lemot sama ribet orang pada buru mau sehat malah dikasih aplikasi kayak gini tolong diperbaikin ini aplikasi,negatif
Pengguna Google,3,05/13/2026 2:34,4.16.1,aplikasi nya setiap mau daftar gak bisa mulu,negatif
Pengguna Google,3,05/13/2026 2:22,4.16.1,coba daftar lewat aplikasi sehari sebelumnya tapi ga bisa masa jawabannya jadwal dokter belum tersedia padahal disitu ada pilihan jamnya tapi pas diklik pilihan jamnya ko malahan jadwal dokter tidak tersedia dicoba dari pagi sampe sore masih sama aja ga membantu memudahkan jadi ujung nya harus daftar lama dirsnya,negatif
Pengguna Google,1,05/13/2026 2:22,4.16.1,aplikasinya nyuruh ganti pin mulu bikin lupa user kalau gini caranya,negatif
Pengguna Google,1,05/13/2026 2:20,4.16.1,apk tolol mau log in ulang juga ribet lol,negatif
Pengguna Google,1,05/13/2026 2:15,4.16.1,seperti biasa aplikasi buatan negara ini sangat sampah sekali,negatif
Pengguna Google,1,05/13/2026 2:09,4.16.1,memang anj apk ini,negatif
Pengguna Google,1,05/13/2026 2:02,4.16.1,ini aplikasi apaan sih masa masukin no hp notif sms nya gak ada udh di ulang ulang seharian masih aja gak bisa mana perlu buat jadwal kontrol klo bikin aplikasi tuh harus nya permudah jgn bikin sulit,negatif
Pengguna Google,1,05/13/2026 2:01,4.16.1,susah banget mau verifikasi juga mau berobat malah dipersulit hadeuhhhhb,negatif
Pengguna Google,1,05/13/2026 1:57,4.16.1,aplikasinya eror atau gimana ini kok ga bisa di buka force close terus,negatif
Pengguna Google,5,05/13/2026 1:54,4.16.1,semoga semakin lebih baik,positif
Pengguna Google,5,05/13/2026 1:54,4.13.1,baik,positif
Pengguna Google,1,05/13/2026 1:54,4.16.1,banyak erornya ga becus yg buat aplikasi harusnya dengan banyak eror server penuh dan bug sering diatasi agar mempermudah pengguna ini seperti aplikasi formalitas doang,negatif
Pengguna Google,5,05/13/2026 1:52,4.15.0,bagus,positif
Pengguna Google,2,05/13/2026 1:49,4.16.1,masuk mobile jkn sush banget ya ngak bisa kalau ngak pas rekam wajah nungguin kode nya aq nyoba masuk bukan sekali dua kali lo ya hampir kali ttp aj ngk bisa,negatif
Pengguna Google,5,05/13/2026 1:47,4.16.1,aplikasinya ribett banyak kendala dari dulu sampe sekarang sama aja aplikasi paling gagal sepanjang sejarah force close terus loading sampai lebaran monyet tiap update bukannya bener malah makin rusak jangan download ini kalau gak mau darah tinggi shame on youu makan tuh bintang,negatif
Pengguna Google,5,05/13/2026 1:46,4.16.1,sangat membantu,negatif
Pengguna Google,1,05/13/2026 1:42,4.16.1,kenapa putih aja layarnya,negatif
Pengguna Google,5,05/13/2026 1:36,4.16.1,terima kasih bagus sekali aplikasi ini,positif
Pengguna Google,5,05/13/2026 1:31,4.16.1,bgus ada nya aplikasi ini kadang suka harus d daptar ulang,positif
Pengguna Google,5,05/13/2026 1:28,4.16.1,mantapp,positif
Pengguna Google,1,05/13/2026 1:25,4.16.1,ini gimana kok eror mau daftar,negatif
Pengguna Google,1,05/13/2026 1:24,4.16.1,tiap update akun nya selalu keluar,negatif
Pengguna Google,2,05/13/2026 1:21,4.16.1,servernya masih sering down tiap mau ngambil antrean ga biea mulu disuruh coba nanti tolong diperbaiki,positif
Pengguna Google,5,05/13/2026 1:14,4.15.0,karna sudah mendapatkan respon dari kantor bpjs meskipun harus bolak balik selama hari dan akhirnya berhasil dapat registrasi ok saya tambah bintangnya smoga makin lbih baik lg kedepannya,negatif
Pengguna Google,1,05/13/2026 1:13,4.16.1,dipersulit mulu pakenya,negatif
Pengguna Google,4,05/13/2026 1:10,4.16.1,baik,positif
Pengguna Google,1,05/13/2026 1:04,4.16.1,masyarakat mau berobat malah di persulit,negatif
Pengguna Google,1,05/13/2026 0:59,4.16.1,gajelas mau ambil antrian malah tulisan nya anda belum memiliki rujukan atau surat dokter padahal secara fisik surat rujukan ada dan belum habis tanggal nya kemarin mau ambil antrian bisa knp skrng gabisa pas mau ubah jadwal antrian saya butuh obat banget ini karena gabisa putus obat tb sehari aduhhh,negatif
Pengguna Google,5,05/13/2026 0:57,4.16.1,bagus,positif
Pengguna Google,5,05/13/2026 0:53,4.16.1,mudh di akses,negatif
Pengguna Google,3,05/13/2026 0:52,2.7.0,loginnya gak bisa di pencet trus mau login gimana ini min,negatif
Pengguna Google,1,05/13/2026 0:51,4.16.1,aplikasi gk guna kita udah ambil antrian ujung ujung nya dri dokternya sendiri yg atur jadwal,negatif
Pengguna Google,1,05/13/2026 0:47,4.16.1,apaan applikasi ini istri saya sdah ambil antrian eh pas sampe di rumah sakit di tolak lagi,negatif
Pengguna Google,1,05/13/2026 0:43,4.16.1,jelek tdk bisa login hr mau konsul gabisaaaa udh dicoba berkala,negatif
Pengguna Google,1,05/13/2026 0:42,4.16.1,tolong perbaikilah aplikasi nya kenapa melarang screenshot orang kesulitan kalau mau menyimpan pin nya kalau screenshot saja di halangi,positif
Pengguna Google,1,05/13/2026 0:27,4.16.1,setelah update kok malah error,negatif
Pengguna Google,5,05/13/2026 0:25,4.14.0,sangat mudah dan membantu,negatif
Pengguna Google,5,05/13/2026 0:25,4.16.1,mintak mohon semoga cepat ngk lambat,negatif
Pengguna Google,5,05/13/2026 0:22,4.16.1,mantap,positif
Pengguna Google,5,05/13/2026 0:11,4.16.1,okke,negatif
Pengguna Google,5,05/13/2026 0:02,4.16.1,luar biasa,negatif
Pengguna Google,5,05/12/2026 23:59,4.16.1,mantap,positif
Pengguna Google,2,05/12/2026 23:55,4.16.1,masih dengan ciri khas aplikasi pemerintah anggaran besar tapi aplikasi busukkk,negatif
Pengguna Google,5,05/12/2026 23:38,4.16.1,pelayanannya bagus,positif
Pengguna Google,5,05/12/2026 23:38,4.16.1,bagus,positif
Pengguna Google,5,05/12/2026 23:13,4.16.1,aplikasi ini sangat bagus,positif
Pengguna Google,5,05/12/2026 23:13,4.16.1,memudahkan,negatif
Pengguna Google,5,05/12/2026 22:37,4.16.1,cukup membantu terimakasih,negatif
Pengguna Google,5,05/12/2026 22:27,4.16.1,mobile jkn sangat membantu dalam pengadminitrasian,negatif
Pengguna Google,5,05/12/2026 22:19,4.16.1,puas banget,positif
Pengguna Google,1,05/12/2026 21:41,4.16.1,tolong kembalikan akun bisa ngambil nomor antrian untuk dirinya dan satu kk nya masa harus buat semua lagi masa harus orang tua lagi buat akun sih sebelumnya sudah bagus ini mala disuruh buat satu persatu akun,positif
Pengguna Google,5,05/12/2026 21:28,4.16.1,sangat puas,positif
Pengguna Google,5,05/12/2026 20:53,4.5.1,sangat membantu untuk berobat dll,negatif
Pengguna Google,1,05/12/2026 20:05,4.16.1,mau daftar sulitnya minta ampun data tidak sama dengan dukcapil padahl udah sesuai ktp pertama verifikasi mukanya yang gagal trus kesalahan sistem mulu terakhir gak bisa daftar lagi,positif
Pengguna Google,5,05/12/2026 19:47,4.16.0,sangat bermanfaat dan menambah wawasan,negatif
Pengguna Google,1,05/12/2026 18:57,4.16.1,mempersulit,negatif
Pengguna Google,4,05/12/2026 17:53,4.16.1,sangat membantu,negatif
Pengguna Google,5,05/12/2026 17:47,4.16.1,sangat membantu kami memudahkan dalam mengetahui proses kesehatan keluarga kami terima kasih jkn mobile,negatif
Pengguna Google,5,05/12/2026 17:43,4.16.1,bagus pelayanannya,positif
Pengguna Google,5,05/12/2026 17:22,4.16.1,bagus aja lah,positif
Pengguna Google,5,05/12/2026 17:12,4.16.1,sangat membantu dan mempermudah dalam segala urusan mengenai kesehatan masyarakat,negatif
Pengguna Google,1,05/12/2026 16:40,4.16.1,aplikasi ga guna pas daftar inquality dukcapil segala mempersulit orang yang mau berobatt lebih baik ngambil antrian manual walaupun lama daripada pake aplikasi ini,negatif
Pengguna Google,5,05/12/2026 16:37,4.16.1,ok,negatif
Pengguna Google,1,05/12/2026 16:33,4.16.1,kenapa aplikasi ini tidak bisa buat ambil antrian rumah sakit,negatif
Pengguna Google,5,05/12/2026 16:23,4.16.1,kalau tau dari dulu bsa semudah ini gnti kelas sudah dri dlu pas bgt mana lg nganggur,negatif
Pengguna Google,5,05/12/2026 16:22,4.16.1,aplikasi ny bagus mudah,positif
Pengguna Google,5,05/12/2026 16:18,4.16.1,sangat mudah dan membantu,negatif
Pengguna Google,5,05/12/2026 15:52,4.16.1,mantap,positif
Pengguna Google,1,05/12/2026 15:50,4.15.0,sekarang susah mau daftar sampe suami q bulan kemaren g kontrol kuota nya penuh terus,negatif
Pengguna Google,5,05/12/2026 15:20,4.16.1,mantap keren pelayanan baik sekali,positif
Pengguna Google,5,05/12/2026 15:11,4.16.0,sangat membantu,negatif
Pengguna Google,5,05/12/2026 15:05,4.16.1,ulasan bersifat publik publik cukup tau ini apk karya anak anak yang dulunya rajin belajar,negatif
Pengguna Google,1,05/12/2026 15:02,4.16.1,data say error,negatif
Pengguna Google,5,05/12/2026 14:52,4.16.1,mantap,positif
Pengguna Google,5,05/12/2026 14:43,4.16.1,ok proses cepat,positif
Pengguna Google,4,05/12/2026 14:38,4.16.1,mantap,positif
Pengguna Google,5,05/12/2026 14:36,4.16.1,mudah dan efektif,negatif
Pengguna Google,2,05/12/2026 14:36,4.16.1,ribet banget tiba tiba keluar karena sesi habis saat login ribet banget yang email belum terdaftar yang nomor belum terdaftar kalau udah login tolong jangan ada sesi berakhir dong kesal banget besok mau kontrol malah dipersulit sama aplikasi ini,negatif
Pengguna Google,5,05/12/2026 14:30,4.16.1,mantaap,negatif
Pengguna Google,1,05/12/2026 14:24,4.16.1,app yang mempersulit ini mau daftar aja ribet banget masukin nik pun bermasalah nunggu otp dikirim juga gk dikirim tolong deh update app nya,negatif
Pengguna Google,2,05/12/2026 14:15,4.16.1,daftar jkn susah dapat otp sms nya padahal no aktif,negatif
Pengguna Google,1,05/12/2026 14:10,4.16.1,aplikasi paling loading paling eror mai daftar masuk aja susah nya minta ampun hadeuh,negatif
Pengguna Google,5,05/12/2026 14:05,4.15.0,kdang ssah dibukanya suruh uptade trus knpa sih mau bukak aja dpersulit,negatif
Pengguna Google,5,05/12/2026 14:03,4.16.1,ok bagus,positif
Pengguna Google,5,05/12/2026 13:58,4.15.0,aplikasi yang sangat membantu,negatif
Pengguna Google,1,05/12/2026 13:55,4.16.1,gajelas mau brobat aja di persulit suruh registrasi online udah download apk nya malah gabisa masuk akun,negatif
Pengguna Google,4,05/12/2026 13:55,4.16.1,baik,positif
Pengguna Google,5,05/12/2026 13:53,4.16.1,praktis mudah digunakan,negatif
Pengguna Google,5,05/12/2026 13:49,4.16.1,alhamdulillah,negatif
Pengguna Google,5,05/12/2026 13:44,4.16.1,siip,negatif
Pengguna Google,1,05/12/2026 13:32,4.16.1,aplikasi nya buruk banget masa salah mlu cuman mau daftar kesehatan aja ribet begini buruk lah aplikasi pemerintah tuh,negatif
Pengguna Google,5,05/12/2026 13:09,4.16.1,mantaaaappp,negatif
Pengguna Google,1,05/12/2026 13:09,4.13.1,keseringan update aplikas dan akun sering keluar sendiri kalau tidak buka jkn sebulan aja tiba akun keluar dan harus masuk ulang pakai no bpjs,negatif
Pengguna Google,5,05/12/2026 13:04,4.16.1,sengaja ngasih bintang biar kebaca mau ambil no antri aja ribet bngt buat apa adain aplikasi online kek gini kalo mempersulit aja ribet amat tiap kau ambil antri dsni malah gak pernh bisa gak guna aplikasi,negatif
Pengguna Google,5,05/12/2026 12:59,4.16.1,semuanyaa baguuss,negatif
Pengguna Google,1,05/12/2026 12:56,4.16.1,kenapa sih apk ini harus masuk ulang terus dalam sebulan ini udah kali saya harus masuk dengan mengisi nik dan kata sandi lagi merepotkan sekali terutama untuk para lansia ini sangat merepotkan cobalah dipermudah kalo sdh masuk sekali ya tetap saja begitu tidak ada lagi notif yang bilang anda sudah kadaluarsa login di versi ini,negatif
Pengguna Google,5,05/12/2026 12:42,4.16.1,ok,negatif
Pengguna Google,5,05/12/2026 12:38,4.16.1,dengan apk jkn mobil bisa mempermudah segala proses kesehatan,negatif
Pengguna Google,1,05/12/2026 12:31,4.16.1,ini kenapa ya saya mau daftarin mobile jkn ibu saya kok dibuat susah udah berkali ketik captca error terus pas ketiban mau verifikasi wajah ibu saya malah di persulit bilangnya tidak sesuai yaelah ibu saya udah tua begini verifikasi wajah aja dipersulit gimana sih orang mau ngeprint biar bisa berobat kok malah dipersulit orang udah tua masih dipersulit tolong dipermudah jangan bertele tele deh ribet amat sih,negatif
Pengguna Google,1,05/12/2026 12:27,4.16.1,gajelas bgtt gabisa masuk atau daftar susah bgt,negatif
Pengguna Google,1,05/12/2026 12:24,4.16.1,aplikasi remek,negatif
Pengguna Google,1,05/12/2026 12:23,4.16.1,aplikasi sngat tidak berguna saya minta d kirim kode otp krna lupa kata sandi tidak d kirim dasar membagongkan,negatif
Pengguna Google,1,05/12/2026 12:17,4.16.1,susah daftarnya eror terus,negatif
Pengguna Google,5,05/12/2026 11:56,4.16.1,good,negatif
Pengguna Google,5,05/12/2026 11:54,4.16.1,bagus sangat memuaskan,positif
Pengguna Google,4,05/12/2026 11:52,4.16.1,agak lemot mungkin juga data saya agak tipis terimakasih,negatif
Pengguna Google,1,05/12/2026 11:48,4.16.1,aplikasi menyengsarakan tidak bisa di gunakan sama sekali,negatif
Pengguna Google,1,05/12/2026 11:37,4.16.1,emang ngeselin kali bah mau ganti no hp aja susah nya mnta ampun data nya udah terisi lengkap malah gagal trus terverifikasi,negatif
Pengguna Google,5,05/12/2026 11:27,4.16.1,sangat membantu utk meringankan oranglain,negatif
Pengguna Google,5,05/12/2026 11:27,4.16.1,tolong di perbaiki lg mau daftar di persulit sms gk masuk masuk pake jaringan wifi gk bisa pake data juga gk bisa padahal sinyal bagus jangan di persulit dong,positif
Pengguna Google,1,05/12/2026 11:27,4.16.1,jelek bukan nya mempermudah malah mempersulit,negatif
Pengguna Google,5,05/12/2026 11:27,4.16.1,membantu,negatif
Pengguna Google,5,05/12/2026 11:20,4.16.1,sangat bagus dan membantu,positif
Pengguna Google,1,05/12/2026 11:09,4.16.1,ga jelas apk ga guna ga bisa daftar sama sskali otp ga masuk lolll,negatif
Pengguna Google,5,05/12/2026 11:02,4.16.1,sangat baik jika mengerti untuk menggunakannya,positif
Pengguna Google,5,05/12/2026 10:43,4.16.1,suka minta update ulang,positif
Pengguna Google,1,05/12/2026 10:35,4.16.1,gajelas sialan setiap mau ambil antrean suruh daftar ulang ribet bangett dimana mana kalo udan sekali daftar ya gausah di suruh daftar ulang bikin ribet pengguna nyusahin bgtt,negatif
Pengguna Google,1,05/12/2026 10:34,4.16.1,apa banget mau daftar aja dipersulit pas masukin captcha nya ini lahh itu lahhh kalo niatnya mempermudah masyarakat ya jangan banyak ina inu lahhh buat apaan ni apk klo serba depersulit,negatif
Pengguna Google,2,05/12/2026 10:11,4.16.1,tolong ubah dari verifikasi sms ke whatsapp saja sms juga gak pernah terkirim bahkan nomor dengan isi pulsa rb gada pesan verifikasi masuk menyulitkan,negatif
Pengguna Google,5,05/12/2026 10:09,4.16.1,pelayanan cepat praktis mudah dimengerti sangat membantu,positif
Pengguna Google,1,05/12/2026 10:03,4.16.1,apk ga jelas kode captha uda bener ttp aja salah kocak apk gak bermanfaat,negatif
Pengguna Google,5,05/12/2026 9:57,4.16.1,ok ini bintang lima mudah an di permudah untuk pendaftaran,negatif
Pengguna Google,5,05/12/2026 9:50,4.15.0,bagus,positif
Pengguna Google,5,05/12/2026 9:49,4.16.1,sangat membantu,negatif
Pengguna Google,1,05/12/2026 9:38,4.16.1,aplikasi nya berbelit suaah buat daftar masuk aja jga aduh,negatif
Pengguna Google,1,05/12/2026 9:37,4.16.1,aplikasi busuk sering bnget tbtb gak isa dibuka dg keterangan sedang offline trs,negatif
Pengguna Google,1,05/12/2026 9:29,4.16.1,susah amat masuk masak terus aja gagal daftar perbaiki lah aplikasi y biar enak,positif
Pengguna Google,2,05/12/2026 9:27,4.16.1,bukan nya lebih cepat malah makin lama udah tau sakit di suruh ngantri lama,negatif
Pengguna Google,5,05/12/2026 9:23,4.14.0,ok,negatif
Pengguna Google,1,05/12/2026 9:21,4.16.1,mau daftar aja di persulit woiiiiii,negatif
Pengguna Google,5,05/12/2026 9:15,4.16.1,mantab,negatif
Pengguna Google,5,05/12/2026 9:02,4.16.1,keren,positif
Pengguna Google,3,05/12/2026 8:59,4.16.0,aneh,negatif
Pengguna Google,5,05/12/2026 8:53,4.16.1,aplikasinya sangat membantu,negatif
Pengguna Google,5,05/12/2026 8:53,4.16.1,top,positif
Pengguna Google,1,05/12/2026 8:39,4.16.1,seperti biasa aplikasi dari pemerintahan selalu bikin emosi,negatif
Pengguna Google,1,05/12/2026 8:37,4.16.1,sejak update aplikasi jadi busuk bgt verifikasi data aja susah bgt kode verifikasi aja ga nongol tolong cepat di perbaiki,positif
Pengguna Google,5,05/12/2026 8:36,4.13.1,kenap perbarui terus yaa,negatif
Pengguna Google,5,05/12/2026 8:25,4.16.1,tuh makan bintang apk ga jelas daftar aja susah bangettt,negatif
Pengguna Google,5,05/12/2026 8:21,4.16.1,ini gmn si mau daftar aja sush bngt mau verifikasi rekam kamera aja gagal mulu heran smpe emosi sndri susu bngt buat masuk aja,negatif
Pengguna Google,5,05/12/2026 8:18,4.16.1,ok mantabbbbbb,negatif
Pengguna Google,5,05/12/2026 8:18,4.16.1,serba mudah makasih,negatif
Pengguna Google,5,05/12/2026 8:14,4.16.1,sangat membantu,negatif
Pengguna Google,5,05/12/2026 8:11,4.16.1,sangat bagus,positif
Pengguna Google,5,05/12/2026 8:08,4.16.0,pelayanan baik semuanya ramah ramah,positif
Pengguna Google,5,05/12/2026 8:05,4.16.1,bagusss,positif
Pengguna Google,1,05/12/2026 8:01,4.16.1,mau ubah data pake drama lagi kirim foto eror terus,negatif
Pengguna Google,5,05/12/2026 7:54,4.16.1,pelayanan yg terbaik,positif
Pengguna Google,1,05/12/2026 7:49,4.16.1,bobrok banget ini aplikasi melakukan pengajuan antrian kok gagal terus,negatif
Pengguna Google,1,05/12/2026 7:47,4.16.1,ribet aplikasi nya ganti no hp harus upload foto yg lucu upload foto ukuran mb gagal mulu parah sekelas negara aplikasi nya macam begini,negatif
Pengguna Google,1,05/12/2026 7:41,4.16.1,aplikasi jelek banget sering kali logout sendiri tiap kali login susahnya minta ampun percuma bikin aplikasi kayak gini hapus aja oee bikin orang esmosi aja,negatif
Pengguna Google,5,05/12/2026 7:36,4.16.1,good,negatif
Pengguna Google,1,05/12/2026 7:32,4.16.1,pokoknya kecewa,negatif
Pengguna Google,1,05/12/2026 7:31,4.16.1,apk rusakkkkkk,negatif
Pengguna Google,5,05/12/2026 7:24,4.16.1,kali upgrade tapi ga bisa bisa,negatif
Pengguna Google,5,05/12/2026 7:13,4.16.1,bagus tapi cara verifikasi nya gimana,positif
Pengguna Google,2,05/12/2026 7:10,4.16.1,mau daftar nomor antrian arahkan ke skrining dulu masuk halaman skrining error terus buset ini tiap bulan bayar lagi,negatif
Pengguna Google,4,05/12/2026 6:57,4.16.1,ok,negatif
Pengguna Google,1,05/12/2026 6:43,4.16.1,kode otp via sms tidak dikirim kirim,negatif
Pengguna Google,5,05/12/2026 6:39,4.16.1,so far oke sih di hp aku nambah anggota baru juga gampang sehari langsung jadi sangat membantu dibandingkan harus ke kantornya langsung,positif
Pengguna Google,5,05/12/2026 6:39,4.16.1,gampang mengerti,negatif
Pengguna Google,5,05/12/2026 6:33,4.16.1,sangat membantu,negatif
Pengguna Google,5,05/12/2026 6:32,4.16.1,baik,positif
Pengguna Google,5,05/12/2026 6:22,4.12.0,upgrade melulu,negatif
Pengguna Google,1,05/12/2026 6:17,4.16.1,kalo bisa akun yang sudah masuk jangan di logout otomatis saya mau masuk jadi susah lagi padahal email dan nomor hp sudah benar mohon diperbaiki lagi,positif
Pengguna Google,5,05/12/2026 6:11,4.16.1,mantap dimudahkan,positif
Pengguna Google,1,05/12/2026 6:07,4.16.1,jelek tida bisa daptar antrian online,negatif
Pengguna Google,3,05/12/2026 6:05,4.16.1,kode otp nya lelett bngtt gk datang datang no aktif pulsa bnyk tetap gk bisa nomor baru juga padahal,negatif
Pengguna Google,2,05/12/2026 5:58,4.16.1,nyusahin log out mulu benerin napa tiap buka aplikasi minta login kalo gabawa ktp gmn coba,negatif
Pengguna Google,1,05/12/2026 5:53,4.16.1,app jelek daftar aja susah verifikasi muka selalu ga akurat gimana mau pakai fitur fitur nya kalau daftar aja gabisa ui ux jelek,negatif
Pengguna Google,5,05/12/2026 5:43,4.16.1,sangat berkesan,negatif
Pengguna Google,5,05/12/2026 5:41,4.16.1,joss apk nya,negatif
Pengguna Google,1,05/12/2026 5:35,4.16.1,aplikasi ga guna ruwet,negatif
Pengguna Google,1,05/12/2026 5:35,4.16.1,aplikasi low,negatif
Pengguna Google,5,05/12/2026 5:33,4.16.1,mantep,negatif
Pengguna Google,1,05/12/2026 5:30,4.16.1,monyet kaga bisa,negatif
Pengguna Google,1,05/12/2026 5:27,4.16.1,aplikasi jelek padahal aplikasi pemerintah memalukan,negatif
Pengguna Google,1,05/12/2026 5:24,4.16.1,mau login verifikasi wajah ga bisa terus min kenapa ya error atau gimana ya udah berkali sampai penat terima kasih,negatif
Pengguna Google,1,05/12/2026 5:17,4.16.1,aplikasi pemerintah ga ada yang benar,negatif
Pengguna Google,5,05/12/2026 5:07,4.16.1,sangat di mudahkan dalam pelayanan,negatif
Pengguna Google,5,05/12/2026 5:04,4.16.1,belajar mudah menggunakan,negatif
Pengguna Google,5,05/12/2026 5:00,4.16.1,sangat membantu,negatif
Pengguna Google,3,05/12/2026 4:53,4.9.0,dicontak lupa akun sangat sulit,negatif
Pengguna Google,1,05/12/2026 4:51,4.16.1,aplikasi ngawur co gue mau daftar gabisa krn koneksi internet ga stabil ini padahal kuota banyak wifi juga stabil tapi kenapa gagal mulu yakk coba di benerin nih sistemnya ngawur cook,negatif
Pengguna Google,5,05/12/2026 4:41,4.15.0,mantaaaaap,negatif
Pengguna Google,5,05/12/2026 4:40,4.16.1,bagus tanpa ribet,positif
Pengguna Google,5,05/12/2026 4:39,4.16.1,pelayanannya sangat bagus,positif
Pengguna Google,1,05/12/2026 4:38,4.16.1,mempersulit banget lawak sekali,negatif
Pengguna Google,5,05/12/2026 4:34,4.16.1,istimewa,negatif
Pengguna Google,5,05/12/2026 4:33,4.16.1,alhamdulillah,negatif
Pengguna Google,5,05/12/2026 4:31,4.16.1,mudah dan cepat,positif
Pengguna Google,1,05/12/2026 4:29,4.16.1,mau pindah faskes aja ribet banget harus selfi giliran selfi gagal mulu,negatif
Pengguna Google,5,05/12/2026 4:23,4.16.1,aplikasi edan verifikasi wajah aja harus muter ky orang gila klw ga niat bikin aplikasi ga usah sok an deh,negatif
Pengguna Google,5,05/12/2026 4:16,4.16.1,mantaaap,negatif
Pengguna Google,5,05/12/2026 4:16,4.16.1,sangat membantu,negatif
Pengguna Google,5,05/12/2026 4:07,4.16.1,ok,negatif
Pengguna Google,5,05/12/2026 4:00,4.13.0,sangat membantu n anti ribet,negatif
Pengguna Google,5,05/12/2026 3:53,4.16.1,sangat puas dngn pelayanan aplikasi inj,positif
Pengguna Google,5,05/12/2026 3:45,4.16.1,membantu,negatif
Pengguna Google,5,05/12/2026 3:43,4.16.1,sangat baik dan memuaskan,positif
Pengguna Google,1,05/12/2026 3:31,4.16.1,gabisa login,negatif
Pengguna Google,2,05/12/2026 3:30,4.16.1,email dapet kode sedangkan no telpon ga dapet kode anehh buat daftar aja sulit,negatif
Pengguna Google,4,05/12/2026 3:20,4.16.1,kenapa saya ud skiring tp d save ga bisa bisa akhirnya ga bs daftar online,negatif
Pengguna Google,5,05/12/2026 3:19,4.16.1,bagus sekali terima kasih jkn sudah membantu kelancaran dan kemudahan dalam mengurus administrasi pengobatan dalam menjaga kesehatan kami,positif
Pengguna Google,1,05/12/2026 3:15,4.16.1,mau daftar verifikasi muka ngulang terus,negatif
Pengguna Google,5,05/12/2026 3:10,4.16.1,baik,positif
Pengguna Google,5,05/12/2026 3:09,4.16.1,sangat membantu,negatif
Pengguna Google,5,05/12/2026 3:04,4.16.1,sangat bagus,positif
Pengguna Google,5,05/12/2026 2:57,4.14.0,ok,negatif
Pengguna Google,5,05/12/2026 2:57,4.16.1,sangat membantu sekali,negatif
Pengguna Google,5,05/12/2026 2:49,4.16.1,mantap,positif
Pengguna Google,3,05/12/2026 2:49,4.16.1,sekarang mau registrasi otp via sms ttp ga muncul padahal kartu aktif dan jaringan bagus padahal lewat email langsung bisa,positif
Pengguna Google,5,05/12/2026 2:47,4.16.1,pelayanan cepat,positif
Pengguna Google,1,05/12/2026 2:46,4.16.1,tidak mengirim kode otp gimana mau daftar mikir,negatif
Pengguna Google,5,05/12/2026 2:44,4.16.1,trmksh merubah gaskes sangat mudah,negatif
Pengguna Google,2,05/12/2026 2:43,4.16.1,sering banget tiba ngelag ga bisa daftar pas mau ke poli gigi padahal kuota kenceng,negatif
Pengguna Google,5,05/12/2026 2:42,4.16.1,terimakasih sangat membantu,negatif
Pengguna Google,5,05/12/2026 2:42,4.16.1,alhamdulillah bagus sangat membantu,positif
Pengguna Google,5,05/12/2026 2:40,4.16.1,sangat mudah digunakan,negatif
Pengguna Google,4,05/12/2026 2:30,4.16.1,alhamdulillah bermanfaat sekali,negatif
Pengguna Google,4,05/12/2026 2:28,4.16.1,agak sulit untuk verifikasi wajah untuk lansia mungkin ada solusi agar lebih mempermudah bagi orang lansia yg ingin mendaftar atau pindah faskes,negatif
Pengguna Google,5,05/12/2026 2:22,4.16.1,sangat membantu,negatif
Pengguna Google,5,05/12/2026 2:19,4.16.1,layanan online benar benar sangat membantu tidak harus repot ke kantor jg cepat banget pokok ee the best sukses selalu ya jkn,positif
Pengguna Google,5,05/12/2026 2:19,4.16.1,resource aplikasi besar sehingga gagal update,negatif
Pengguna Google,4,05/12/2026 2:14,4.16.1,setelah update bukannya lebih stabil apknya malah sering banget keluar sendiri,negatif
Pengguna Google,5,05/12/2026 2:10,4.16.1,ok,negatif
Pengguna Google,1,05/12/2026 2:07,4.16.1,emang aplikasi asu tiba tiba bayaran nunggak gara gara gak kepotong di saldo mbanking tolol emang,negatif
Pengguna Google,1,05/12/2026 2:06,4.16.1,aplikasi ruet,negatif
Pengguna Google,1,05/12/2026 1:59,4.16.1,jelekkkkkkkk bgt,negatif
Pengguna Google,5,05/12/2026 1:50,4.16.1,sangat menbantu,negatif
Pengguna Google,5,05/12/2026 1:45,4.16.1,sangat membantu,negatif
Pengguna Google,1,05/12/2026 1:44,4.16.1,sungguh ribet mau kontrol pun harus masukin nomor dulu padahal di rs gak pakek nomer wa lewat pc rs sudah bisa masuk jadi kalau mau ambil antrian pasti sudah nomor paling terakhir,negatif
Pengguna Google,1,05/12/2026 1:41,4.16.1,apa ini nungguin verifikasi sms sampe jamuran ga pernah muncul muncul,negatif
Pengguna Google,1,05/12/2026 1:17,4.16.1,itu untuk verifikasi wajahnya tolong jangan dikasi miror kita susah buat verifikasinya bikin ribet tau gk,negatif
Pengguna Google,5,05/12/2026 1:15,4.16.1,mantap,positif
Pengguna Google,5,05/12/2026 1:13,4.16.1,ok,negatif
Pengguna Google,1,05/12/2026 1:12,4.16.1,masi aja pake pulsa bukannya dari wa aj kuno kuno,negatif
Pengguna Google,3,05/12/2026 1:09,4.16.1,kenapa suka keluar sendiri dari akun yg udah di daftar kan,positif
Pengguna Google,5,05/12/2026 1:09,4.16.1,smg lancar saat digunakan,positif
Pengguna Google,2,05/12/2026 1:05,4.16.1,mempersulit kehidupan,negatif
Pengguna Google,5,05/12/2026 0:54,4.16.1,sering eror aplikasinya jarang kepake,negatif
Pengguna Google,5,05/12/2026 0:50,4.16.1,sangat agresif,negatif
Pengguna Google,5,05/12/2026 0:47,4.16.1,sangat membantu,negatif
Pengguna Google,5,05/12/2026 0:45,4.16.1,pelayan sangat baik,positif
Pengguna Google,1,05/12/2026 0:29,4.14.0,boleh tanya dengan nada lembut dan sopan duit setoran bpjs saya lari kemana ya,negatif
Pengguna Google,5,05/12/2026 0:22,4.16.0,dokternya ramah dan cepat,positif
Pengguna Google,1,05/12/2026 0:21,4.16.1,sampah perbaiki lagi laaah sistem login apalah,negatif
Pengguna Google,1,05/12/2026 0:12,4.9.0,ga bisa dibuka,negatif
Pengguna Google,2,05/12/2026 0:02,4.16.1,gila mau minta kode verifikasi email sama no hp susah minta ampun belibet kaga ke kirim dan kenapa nomer hp cuma untuk orang sedangkan tidak semua ora jaman dulu pegang hp keluarga,positif
Pengguna Google,1,05/12/2026 0:02,4.16.1,tolong depelover untung mengecek ulang apk nya nasa mau registrasi aja susah di masukan nmor yg sudah benar tapai tdk kunjung di perifikasi,positif
Pengguna Google,5,05/11/2026 23:35,4.15.0,pelayanan yg baik,positif
Pengguna Google,1,05/11/2026 23:24,4.16.1,aplikasi bikin ribet tdk jelas aplikasi manusia yg buat tapi ketika ada kesalahan manusia pasrah dengan ketentuan aplikasi,negatif
Pengguna Google,5,05/11/2026 23:19,4.16.1,sangat membantu masyarakat,negatif
Pengguna Google,4,05/11/2026 22:47,4.16.1,suka eror dan estimasi tidak sesuai,positif
Pengguna Google,3,05/11/2026 22:36,4.16.1,sering error pls sering muncul jaringan lemot padahal internet full lalu mau login juga lemot bgt ya allah lama banget kirim kode otp nya bahkan error pas mau masukin kodenya kaya disuruh nunggu ratusan detik buat apa sih,negatif
Pengguna Google,5,05/11/2026 22:27,4.16.1,sangat membantu,negatif
Pengguna Google,1,05/11/2026 21:30,4.16.1,tidak bisa login,negatif
Pengguna Google,5,05/11/2026 21:29,4.16.1,pemerintah atau emang aplikasi yang bermasalah ya sudah bayar namun tidak bisa diakses,negatif
Pengguna Google,1,05/11/2026 21:11,4.16.1,udah saya tap lupa sandi eh nunggu kode buat reset sandi gk muncul padahal udah bener nomor tujuan buat menerima kode reset nya,negatif
Pengguna Google,1,05/11/2026 21:08,4.16.1,apk ruwet daftar masuk dipersulit,negatif
Pengguna Google,1,05/11/2026 20:58,4.16.1,tiap buka aplikasi selalu login dan memasukkan nik kan ribet hrus lihat ktp kenapa aplikasi pemerintah ngga ada yg benar,negatif
Pengguna Google,5,05/11/2026 20:36,4.16.1,sangat mudah dan cepat tidak di persulit,positif
Pengguna Google,1,05/11/2026 19:56,4.14.0,terlalu sering update,negatif
Pengguna Google,5,05/11/2026 19:34,4.16.1,good,negatif
Pengguna Google,1,05/11/2026 19:20,4.16.1,ini maaf kenapa sy daftar untuk periksa gigi susah terus misalkan hari ini ga bisa padahal untuk jadwal pagi dklik jawabannya sudah maksimal terus sy ambil yang sore juga ga bisa sy coba yang buat besok juga ga bisa sy daftar harus bagaimana sedangkan sy harus bekerja sy terikat dengan pekerjaan datang ke sana kliniknya sudah habis ini bagian gigi sy kesulitan terus apa gunanya aplikasi kalo susah begini klo untuk klinik umum kok gampang klo gigi sy harus bagaimana,negatif
Pengguna Google,5,05/11/2026 19:08,4.16.1,baik,positif
Pengguna Google,1,05/11/2026 17:10,4.16.1,sangat buruk lemot aplikasi murahan tolong diperbaiki bjgdm,negatif
Pengguna Google,5,05/11/2026 17:06,4.16.1,okelah nice,positif
Pengguna Google,2,05/11/2026 17:05,4.16.1,mau daftar aja susah banget kirim otp ke nomor telepon lemot bangett mana gak ada notif sampe kesel sendiri tolong diperbaiki,negatif
Pengguna Google,1,05/11/2026 16:50,4.16.1,aplikasi gendeng,negatif
Pengguna Google,5,05/11/2026 16:32,4.13.1,sangat membantu,negatif
Pengguna Google,2,05/11/2026 16:21,4.16.1,aplikasinya sungguh sangat mengecewakan lupa sandi udah di klik masukan nmr tp kode tdk ada masuk slalu di suruh coba bbrapa saat lagi tp ttep sama aja kode sms tdk masuk,negatif
Pengguna Google,1,05/11/2026 16:02,4.16.1,ini gimana sih pesan otp nya gamasuk gimana bisa regis kalo kaya gini,negatif
Pengguna Google,5,05/11/2026 15:47,4.16.1,mudah,negatif
Pengguna Google,5,05/11/2026 15:45,4.16.1,mudah di gunakan,negatif
Pengguna Google,1,05/11/2026 15:21,4.16.1,mau daftar online dari pagi sampai tengah malam tidak bisa padahal jaringan sudah gonta ganti,negatif
Pengguna Google,1,05/11/2026 15:15,4.16.1,aplikasi lemot mau ajukan keluhan malah error mau cek kepesertaan tidak bisa mau login nik sudah betul password sudah benar malah error aplikasi ngk berguna aplikasi ngk berguna,negatif
Pengguna Google,5,05/11/2026 15:05,4.16.1,good,negatif
Pengguna Google,1,05/11/2026 15:05,4.16.1,mau login aja susah bgt,negatif
Pengguna Google,5,05/11/2026 15:04,4.16.0,ok,negatif
Pengguna Google,5,05/11/2026 15:04,4.16.1,ok,negatif
Pengguna Google,5,05/11/2026 14:54,4.16.1,mudah digunakan aplikasinya,negatif
Pengguna Google,5,05/11/2026 14:50,4.16.1,sangat memuaskan,positif
Pengguna Google,1,05/11/2026 14:49,4.16.1,susah bgt sih,negatif
Pengguna Google,5,05/11/2026 14:47,4.16.1,lebih praktis untuk perubahan data faskes bpjs dll,negatif
Pengguna Google,5,05/11/2026 14:47,4.16.1,pelayanannya sangat memuasakan,negatif
Pengguna Google,1,05/11/2026 14:47,4.16.1,ini kenapa susah banget ya pas mau booking di faskes rujukan tingkat lanjut padahal surat rujukan sudah di perbaharui terus dr rs juga udah di wa kalo reschedule booking dokter a tgl kt a suruh book lewat apk jkn tp giliran mau book malah gk bsa slalu muncul terjadi kegagalan proses simpan data tlg donk jgn malah bikin susah dtg lngsg ke rs suruh book lwt jkn mau book lwt jkn malah gk bsa gmna sih,negatif
Pengguna Google,4,05/11/2026 14:45,4.16.1,tiba tiba gabisa dibuka,negatif
Pengguna Google,1,05/11/2026 13:58,4.16.1,sy gak bisa login karna ada pemberitahuan aplikasi memakai root dan sy mau nanya bagai mana cara mengarasinya,negatif
Pengguna Google,5,05/11/2026 13:56,4.16.1,aplikasinya bagus dan sangat membantu,positif
Pengguna Google,1,05/11/2026 13:53,4.16.1,apaan si mau daftar aja susah banget buat apa bikin aplikasi beginian ga mempermudah,negatif
Pengguna Google,1,05/11/2026 13:44,4.16.1,ini aplikasi bodoh banget sih orang daftar verifikasi nomor hp sampe berkali kali gak bisa padahal nomor ho udah bener verifikasi muka samoe berkali kali aja gak ke baca udah ikutin arah tetep aja gak kebaca aplikasi gak siap kaya gini di luncurkan aja,negatif
Pengguna Google,1,05/11/2026 13:38,4.16.1,aplikasi nya jelek banget buat daftar aja sulit verifikasi wajah bolak balik gagal coba donk di benahi lagi,negatif
Pengguna Google,5,05/11/2026 13:38,4.14.0,kenapa harus ada versi updet nya sih ribet amat,negatif
Pengguna Google,2,05/11/2026 13:21,4.16.1,aplikasi sulit amat setiap mau daftar coba lagi terus apalah ini ini pegawai nya pada ngnttt apa ngapain guguk,negatif
Pengguna Google,1,05/11/2026 13:18,4.16.1,hilangkan itu captcha captcha kebanyakan pengguna app ini kan para lansia yang penglihatannya udah mulai menurun malah disuruh baca captcha captcha yang angkanya fibet setengah mati sederhananya app nya ga semua pengguna paham soal begituan,negatif
Pengguna Google,5,05/11/2026 13:13,4.16.1,baik dan cepat dalam memproses pelayanan kesehatan,positif
Pengguna Google,1,05/11/2026 13:13,4.16.1,aplikasi pengenalan frista wajah yg bosok sekali verifikasi gagal berkali kali patut dicurigai dan audit pengadaan aplikasi ini,negatif
Pengguna Google,1,05/11/2026 13:08,4.16.1,aplikasi busuk,negatif
Pengguna Google,5,05/11/2026 13:06,4.16.1,alhamdulillah semoga diterima dan bisa berobat lancar ya allah,positif
Pengguna Google,5,05/11/2026 12:55,4.16.1,sengaja kasih bintang jaman maju ga malah di permudah ini malah di persulit sama aplikasi ngotak ga semua orang paham sama it perivikasi ini itu skrng perivikasi wajah suruh tengok kanan kiri senyum kedip lu kira orang sakit bisa apa lakuin itu,positif
Pengguna Google,1,05/11/2026 12:47,4.16.1,aplikasi yg mempersulit orang tua apalagi saat verifikasi sudah kali gagal dzolim,negatif
Pengguna Google,5,05/11/2026 12:42,4.16.1,good,negatif
Pengguna Google,5,05/11/2026 12:39,4.16.1,sangat membantu,negatif
Pengguna Google,1,05/11/2026 12:29,4.16.1,app jkn bikin ribet login tiap minggu mau berobat jadi susah tolong di perbaiki jika kalian ikut jadi wakil rakyat yg baik,positif
Pengguna Google,5,05/11/2026 12:29,4.16.1,harus bisa lebih baik,positif
Pengguna Google,2,05/11/2026 12:27,4.16.1,tolong lahhh pacarr sayaa yang cantikk ituu gabisaa loginn teruss moodnya jadi berantakan gara gara mobile jkn nyaa gangguann tolong segera diperbaiki terimakasihh,positif
Pengguna Google,1,05/11/2026 12:25,4.16.1,aplikasi kok begini aneh bat ga ada notif dari sms padahal nomer udh bener ngaco ngaco,negatif
Pengguna Google,1,05/11/2026 12:18,4.16.1,apalah mau daftar di persulit pula tinggal scan wajah buat verivikasi error padahal sudah benar dan pas sama arahan tetap saja error masalah kendala dukcapil terus,negatif
Pengguna Google,1,05/11/2026 12:18,4.16.1,makan tuh bintang no hp bener nik bener dan semua kolom udah diisi tapi sms untuk verifikasi nya gk masuk padahal udah dicoba berulang kali sampe nunggu ratusan detik salahnya dimana coba jawab dong,negatif
Pengguna Google,5,05/11/2026 12:17,4.16.1,trimakasih sudah dimudahkan dengan mobile jkn,negatif
Pengguna Google,5,05/11/2026 12:17,4.16.1,sangat baik,positif
Pengguna Google,5,05/11/2026 12:16,4.15.0,memudahkan lebih praktis,negatif
Pengguna Google,1,05/11/2026 12:16,4.16.1,apk gak jelas nyesel donwload,negatif
Pengguna Google,5,05/11/2026 12:15,4.16.1,selalu gagal buat peripikasi wajah nya,negatif
Pengguna Google,5,05/11/2026 12:11,4.16.1,terbaik,positif
Pengguna Google,1,05/11/2026 12:07,4.16.1,update mulu tp pelayanan masih buruk,negatif
Pengguna Google,5,05/11/2026 12:06,4.16.1,keren banget,positif
Pengguna Google,5,05/11/2026 12:05,4.16.1,cepat layanannya,positif
Pengguna Google,1,05/11/2026 12:03,4.16.1,kalau ada yang sulit kenapa harus di permudah aplikasi pemerintah emang anehhhh no hp belum pernah di gunakan kok katanya udah terpakai,negatif
Pengguna Google,5,05/11/2026 12:02,4.16.1,mudah dan cepat,positif
Pengguna Google,5,05/11/2026 11:58,4.16.1,mantap,positif
Pengguna Google,1,05/11/2026 11:56,4.16.1,burik ga jelas,negatif
Pengguna Google,5,05/11/2026 11:55,4.16.1,terimakasih sudah membantu awalnya masuk daftar lumayan sulit juga daftar yang ketiga kali baru berhasil,negatif
Pengguna Google,5,05/11/2026 11:53,4.16.1,sangat memuaskan,positif
Pengguna Google,5,05/11/2026 11:43,4.16.1,ok,negatif
Pengguna Google,5,05/11/2026 11:39,4.16.1,alhamdulillah manfaatnya,negatif
Pengguna Google,5,05/11/2026 11:33,4.16.1,meski antrean lama alhamdulilah bisa bermanfaat bagi kami orang keci,negatif
Pengguna Google,1,05/11/2026 11:29,4.16.1,aplikasi cacat banyak erornya,negatif
Pengguna Google,2,05/11/2026 11:26,4.16.1,mengapa smkin ksini aplikasi nambah belibet aplg stlh update bukannya nambah efisien mlh tdk bs dibuka aplg di update trkahir trkait peringatan utk hp yg diroot pdhl hp sy tdk diroot tp apps malah freze sdh sy cb reinstall tp msh sj freze mhon mf bintang sy kurangi,negatif
Pengguna Google,5,05/11/2026 11:22,4.16.1,sangat membantu dalam berobat,negatif
Pengguna Google,5,05/11/2026 11:22,4.16.1,aplikasi ini sangat mudah sekali juga cepat bila ingin muatasi,positif
Pengguna Google,5,05/11/2026 11:20,4.16.0,bagus sekali,positif
Pengguna Google,5,05/11/2026 11:06,4.16.1,good,negatif
Pengguna Google,1,05/11/2026 11:04,4.16.1,ribet,negatif
Pengguna Google,5,05/11/2026 11:00,4.14.0,luar biasa,negatif
Pengguna Google,5,05/11/2026 10:59,4.16.1,ok,negatif
Pengguna Google,5,05/11/2026 10:41,4.16.1,lebih akurat,negatif
Pengguna Google,5,05/11/2026 10:39,4.16.1,mantap sangat membantu,positif
Pengguna Google,5,05/11/2026 10:36,4.16.1,memudahkan kita semua,negatif
Pengguna Google,5,05/11/2026 10:35,4.16.1,pelayanan dokter dan perawat yg sangat baik,positif
Pengguna Google,5,05/11/2026 10:32,4.16.1,bagus dan mudah,positif
Pengguna Google,1,05/11/2026 10:29,4.16.1,sejauh iniaplikasi plat merah paling buruk,negatif
Pengguna Google,5,05/11/2026 10:29,4.16.1,bagus dan sangat membantu,positif
Pengguna Google,5,05/11/2026 10:14,4.16.1,semoga memudahkan terfasilitasi kesehatan warga seperti kami ini,negatif
Pengguna Google,5,05/11/2026 10:12,4.16.1,terimakasih,negatif
Pengguna Google,1,05/11/2026 10:12,4.16.1,verifikasi nomor hp nya susah ga masuk masuk aplikasi hama,negatif
Pengguna Google,1,05/11/2026 10:10,4.16.1,tidak menerima sms kode,negatif
Pengguna Google,5,05/11/2026 10:04,4.16.1,mantap,positif
Pengguna Google,1,05/11/2026 10:04,4.13.1,gak bisa di buka harus update tapi di update gak bisa bisa gimana sih konsepnya,negatif
Pengguna Google,1,05/11/2026 9:54,4.16.1,apk bngst lu orang yang bener aja lah bikin aplikasi aplikasi ini tuh tujuan nya buat ngemudahin masyarakat malah di bikin ribet mana pas daftar nomer telpon kaga bisa bae jadi ini kualitas aplikasi pemerintah,negatif
Pengguna Google,5,05/11/2026 9:46,4.14.0,bagus cuma sayang sering loading jg minta update terus,positif
Pengguna Google,4,05/11/2026 9:44,4.16.0,mobile jkn sangat membantu dan memudahkan untuk berobat,negatif
Pengguna Google,5,05/11/2026 9:42,4.16.1,aplikasi mudah di operasikan,negatif
Pengguna Google,5,05/11/2026 9:36,4.15.0,aplikasi yang sangat berguna untuk layanan konsumen jkn,negatif
Pengguna Google,5,05/11/2026 9:35,4.16.1,terimakasih mobile jkn,negatif
Pengguna Google,5,05/11/2026 9:34,4.16.1,alhamdulillah,negatif
Pengguna Google,1,05/11/2026 9:15,4.16.1,aplikasi dah gk bisa di buka,negatif
Pengguna Google,5,05/11/2026 9:13,4.16.1,buangusssss,negatif
Pengguna Google,5,05/11/2026 9:00,4.16.1,sangat bagus dan praktis,positif
Pengguna Google,1,05/11/2026 8:58,4.16.1,kalau ngga niat bikin aplikasi jangan bikin kasihan yang ketipu,negatif
Pengguna Google,5,05/11/2026 8:55,4.16.1,sangat membantu masyarakat,negatif
Pengguna Google,1,05/11/2026 8:46,4.16.1,kenapa waktu ambil antrian cuma ada informasi anda sudah mendapatkan antrian ga kaya biasanya meskipun sudah buat surat rujukan dimohon untuk di perbaiki dong dan jangan di persulit soalnya bingung terimakasih tolong notice ya,positif
Pengguna Google,5,05/11/2026 8:36,4.16.1,sangat membantu,negatif
Pengguna Google,5,05/11/2026 8:35,4.16.1,mudah sekali layanan jkn ini,negatif
Pengguna Google,1,05/11/2026 8:30,4.16.1,mau daftar antrian online selalu eror dalam minggu terakhir saya mau berobat jalan harus daftar manual tetapi fasilitas kesehatan tidak jujur dalam segi pendaftaran kali ini saya kasih bintang karena sistem mobile jkn yang busuk,negatif
Pengguna Google,5,05/11/2026 8:28,4.16.1,baca ini pliss baru daftar apk ini tahun lalu baru tau klo tiap tahun ada skrining kesehatan itupun pas mau ambil atrian udah ngisi skriningnya udah sampe selesai udah sampai konfirmasi buat nyimpan data kali tapi bingung kok halamannya ga berubah aku kira udah otomatis masuk krn udah kali save eh pas mau ambil atrian lagi diminta skrining lagi ini apk lemot apa gimna sih masa udah konfirmasi ampe kali masa ga masuk apk sampah ga perbah puas dgn apk buatan pemerintah,negatif
Pengguna Google,5,05/11/2026 8:25,4.16.1,mudah aman terpercaya,positif
Pengguna Google,1,05/11/2026 8:19,4.16.1,jelek aplikasinya hapus lah ga guna malah ribet emosi yg ada,negatif
Pengguna Google,1,05/11/2026 8:16,4.16.1,kenapa mau download selalu gagal mana keadaan darurat,negatif
Pengguna Google,4,05/11/2026 8:01,4.16.1,kurang responsif,negatif
Pengguna Google,5,05/11/2026 8:00,4.16.1,sangat puas,positif
Pengguna Google,3,05/11/2026 7:59,4.16.1,saya masukin nik udh bener tapi knapa slalu gagal ya dapet keterangan salah nik pdhal yg dimasukin nik nya bner,negatif
Pengguna Google,1,05/11/2026 7:46,4.16.1,aplikasi bapuk sering minta update udah di update harus login ulang mending langsung bisa masuk mh lah ini kaga bisa masuk woy org tuh mau pake berobat urgent banget malah bapuk gini aplikasi nya hadeuuh,negatif
Pengguna Google,1,05/11/2026 7:35,4.16.1,kode verifikasi nomer telepon ga dikirim kirim gimana mau registrasi kocak daritadi daftar ga bisa,negatif
Pengguna Google,5,05/11/2026 7:33,4.16.1,layanannya bagus dan ramah,positif
Pengguna Google,5,05/11/2026 7:30,4.16.1,untuk saat ini memuaskan,positif
Pengguna Google,5,05/11/2026 7:29,4.16.1,sangat membantu semua info mengenai bpjs,negatif
Pengguna Google,5,05/11/2026 7:26,4.16.1,mudah penggunaannya dan lengkap informasinya,negatif
Pengguna Google,5,05/11/2026 7:17,4.16.1,cepat tanggap mantap,positif
Pengguna Google,5,05/11/2026 6:54,4.16.1,ok,negatif
Pengguna Google,2,05/11/2026 6:52,4.16.1,lama menunggu provokasi kode ny,negatif
Pengguna Google,1,05/11/2026 6:50,4.16.1,kenapa apk plat merah sering eror si bilang gaada koneksi padahal bisa tu buat internetan najis banget register sms ditungguin ampe selesai ga masuk relog malah gabisa masuk alasan gaada internet,negatif
Pengguna Google,5,05/11/2026 6:44,4.16.1,ok,negatif
Pengguna Google,4,05/11/2026 6:43,4.16.1,tolong dong nik nama atas nama anak gabisa vermuk gmn itu,negatif
Pengguna Google,5,05/11/2026 6:31,4.16.1,simple,negatif
Pengguna Google,5,05/11/2026 6:30,4.16.1,mantap,positif
Pengguna Google,5,05/11/2026 6:29,4.16.1,mantap,positif
Pengguna Google,1,05/11/2026 6:27,4.16.1,otp sms ga nyampe sudah hari bukan nya mempermudah malah mempersulit,negatif
Pengguna Google,5,05/11/2026 6:14,4.16.1,mantap,positif
Pengguna Google,5,05/11/2026 6:11,4.16.1,puas,positif
Pengguna Google,5,05/11/2026 6:08,4.16.1,mantap,positif
Pengguna Google,1,05/11/2026 6:06,4.16.1,dikit dikit keluar maunya registrasi terus siapa yg bawa ktp setiap waktu tolong diperbaiki,positif
Pengguna Google,4,05/11/2026 6:01,4.16.1,ini kode otp nya dikirim kemana ya min,negatif
Pengguna Google,1,05/11/2026 5:54,4.16.1,menyusahkan sulit untuk mendaftar terutama saat konfirmasi via sms sudah tidak sms lagi kirim ke wa tidak membantu mempercepat kematian hanya untuk sebuah aplikasi,positif
Pengguna Google,1,05/11/2026 5:48,4.16.1,aplikasi nyusahin mau daftar aja ribet kode otp lama dikirimnya sekalinya ada suruh coba lagi,negatif
Pengguna Google,5,05/11/2026 5:48,4.16.1,sangat membantu,negatif
Pengguna Google,1,05/11/2026 5:47,4.16.1,apk kacau tidak bisa masuk sekelas apk wajib bagi jutaan pengguna bpjs kesehatan tapi kwalitas buruk malu,negatif
Pengguna Google,1,05/11/2026 5:34,4.16.1,ya gini kalo aplikasi di korupsi,negatif
Pengguna Google,5,05/11/2026 5:33,4.16.1,mantap sangat membantu,positif
Pengguna Google,5,05/11/2026 5:30,4.16.1,tempat pendaftaran cepat bersih waktu tunggu tdk lama pengambilan obat cepat sangat memuaskan t kasih,positif
Pengguna Google,5,05/11/2026 5:26,4.16.1,penanganan kendala cukup cepat aplikasi cukup ringan dan mudah digunakan,positif
Pengguna Google,5,05/11/2026 5:23,4.16.1,sengaja kasih bintang biar kebaca tolong verifikasi wajah nya di kompir udah gini gitu gak bisa terus harus gmna kesel jdinya gak ke verifikasi trus,negatif
Pengguna Google,5,05/11/2026 5:21,4.16.1,mantap respon cepat saat pergantian email no hp,positif
Pengguna Google,5,05/11/2026 5:20,4.16.1,sangat nyaman dan cepat lebih mudah tanpa harus ke kantor bpjs,positif
Pengguna Google,1,05/11/2026 5:09,4.16.1,tolong banget diperbaiki lagi bener dibikin ribet udah dari rs nya juga gak mau tau kasian yang sudah tua jadi repot terus dikit ke logout trs pake akun lain minta verifikasi yang diverifikasi pun tetep gak mau muncul nomor yang kita juga gak tau nomor siapa mau daftar udah login ga muncul keterangan kontrol nya kasian orang tua di rs dimaki petugas perkara beginian sebagai anak jg sudah berusaha tapi kalau tetep gak bisa harus gimana,positif
Pengguna Google,3,05/11/2026 5:08,4.16.1,mau ambil antrian online eh aplikasi tiba tiba eror,negatif
Pengguna Google,5,05/11/2026 5:06,4.16.1,hebat dan selalu bisa diandalkan,positif
Pengguna Google,4,05/11/2026 5:02,4.16.1,sangat membantu kemudahan data dan sebagainya,negatif
Pengguna Google,3,05/11/2026 4:42,4.16.1,ini gimna sih mau pake aja ribet tiba tiba peserta tidak aktif mau bayar orang ga ada tagihan tp malah ga aktif maksudnya apa ini,negatif
Pengguna Google,5,05/11/2026 4:41,4.16.1,sangat membantu tanpa harus kekantor,negatif
Pengguna Google,3,05/11/2026 4:36,4.16.1,aplikasi jelek sekali ribet mau daftar aja susah ga masuk kode otp nya,negatif
Pengguna Google,1,05/11/2026 4:30,4.16.1,mau daftar saja dapt notif sms susah banget sudah nunggu beberapa jam ga dpt smsnya,negatif
Pengguna Google,5,05/11/2026 4:27,4.16.1,ok,negatif
Pengguna Google,5,05/11/2026 4:25,4.16.1,sangat baik,positif
Pengguna Google,5,05/11/2026 4:23,4.16.1,baik,positif
Pengguna Google,5,05/11/2026 4:21,4.16.1,sangat membantu,negatif
Pengguna Google,5,05/11/2026 4:20,4.16.1,gacor,negatif
Pengguna Google,1,05/11/2026 4:17,4.16.1,aplikasi ini sering trauble ribet bukannya mempersulit ini malah bikin rumit sering log out sendiri pas mau digunain gagal keserver pagi ini tbtb gak bisa dibuka samsek padahal mau buat daftar rujukan besok,negatif
Pengguna Google,4,05/11/2026 4:14,4.16.1,bagusss apk nya,positif
Pengguna Google,5,05/11/2026 3:48,4.16.1,transaksi belum dapat di proses maksudnya apa sih sudah di update pun,negatif
Pengguna Google,5,05/11/2026 3:45,4.14.0,memudahkan para pengguna,negatif
Pengguna Google,5,05/11/2026 3:44,4.16.1,memuaskan,positif
Pengguna Google,5,05/11/2026 3:44,4.16.1,sangat baik,positif
Pengguna Google,5,05/11/2026 3:42,4.16.1,sangat bermanfaat,negatif
Pengguna Google,1,05/11/2026 3:40,4.16.1,pie sih kode otp ra masuk neng sms,negatif
Pengguna Google,5,05/11/2026 3:40,4.16.1,mantap,positif
Pengguna Google,5,05/11/2026 3:38,4.16.1,mudah di akses,negatif
Pengguna Google,5,05/11/2026 3:37,4.16.1,sangat bagus,positif
Pengguna Google,2,05/11/2026 3:33,4.16.1,tidak bisa daftar otp tidak masuk,negatif
Pengguna Google,5,05/11/2026 3:26,4.16.1,sangat membantu bagus,positif
Pengguna Google,5,05/11/2026 3:26,4.16.1,kebutuhan apapun di bidang kesehatan lebih mudah dan prises sangat cepat,positif
Pengguna Google,5,05/11/2026 3:26,4.16.1,best,positif
Pengguna Google,5,05/11/2026 3:17,4.16.0,good,negatif
Pengguna Google,5,05/11/2026 3:17,4.16.1,mantap,positif
Pengguna Google,1,05/11/2026 3:14,4.16.1,aplikasi lokal kebanyakan eror lelet penipu dongo padahal cara daftar sudah benar dan lengkap tpi selalu di anggap salah terus sinyal sudah bagus,negatif
Pengguna Google,5,05/11/2026 3:14,4.16.1,sangat terbantu,negatif
Pengguna Google,4,05/11/2026 3:11,4.16.1,lumayanlah gak perlu ngantri,negatif
Pengguna Google,1,05/11/2026 3:10,4.16.1,suka log out sendiri udah gitu susah log in nya bisa gak sih bikin apk yg bagus gitu,positif
Pengguna Google,1,05/11/2026 3:09,4.16.1,merepotkan,negatif
Pengguna Google,1,05/11/2026 3:07,4.16.1,sampah mempersulit doang verifikasi lama banget pdhal wajah udah didalam kotak gjelas klo ganiat bikin apk mending gausah,negatif
Pengguna Google,1,05/11/2026 3:05,4.16.1,jelek aplikasi jelek pemerintah kalau bikin aplikasi jelek gak seperti swasta ribet udh pernah log in tiba tiba keluar sendiri mau masuk password salah lupa sandi ke email selalu gak bisa padahal udh pernah sinkronisasi terpaksa pakai sms dan harus ada pulsa kirim otpnya lamaaaa bnggt keselll jdi hrus otp ulang kenapa sih gak dibuat simple kasian orang tua yang mau pakai aplikasi ini jdi kesulitan tolong dong di perbaiki pemerintahh jangan menyulitkan rakyat mau berobat aj dipersulit,negatif
Pengguna Google,1,05/11/2026 3:03,4.16.1,apk ni nyusahin ribet loginnya buang waktu bisa ga si ga usah dikit harus login mau berobat aja harus berkelahi sama apk ga jelas ini niatnya mau mempermudah atau mempersulit benci banget benerin dah ni apk,negatif
Pengguna Google,5,05/11/2026 3:02,4.16.1,sengaja b biar bisa di baca kenapa udah ngasih nomor hp no nya udah bener jaringan ok tapi kodenya ga di kirim kirim,negatif
Pengguna Google,3,05/11/2026 3:00,4.16.1,hari ini tgl mei mobile jkn atas nama saya edward pasaribu tidak bisa dibuka mohon diperbaiki trims,positif
Pengguna Google,5,05/11/2026 2:52,4.16.1,excelent,negatif
Pengguna Google,1,05/11/2026 2:50,4.16.1,proses login ribet,negatif
Pengguna Google,5,05/11/2026 2:46,4.16.1,sangat membantu sekali,negatif
Pengguna Google,1,05/11/2026 2:45,4.16.1,app sekelas instansi aja masa gabisa benerin server kasihan para orang tua yg mau pake jadi dikira gabisa daftar alhasil proses pengobatan jadi mundur,negatif
Pengguna Google,2,05/11/2026 2:42,4.16.1,proses perekaman wajah sangat lama sistem seperti lambat memverifikasi walaupun sudah dilakukan berulang ulang tetap gagal,negatif
Pengguna Google,1,05/11/2026 2:41,4.16.1,ribet kamu jkn banyak cengkunek nya mau daftar aja berbelit orang kamu buat,negatif
Pengguna Google,1,05/11/2026 2:38,4.16.1,aplikasi pemerintah gini amat sih mau dapetin kode otp aja lama nya minta ampun malah kagak muncul muncul ini developer tolong di perbaiki dong jangan update apk tapi gak di fiks bug nya,negatif
Pengguna Google,5,05/11/2026 2:37,4.14.0,dengan mobil jkn semua jadi mudah mks,negatif
Pengguna Google,5,05/11/2026 2:33,4.16.1,nich gampang di mengerti,negatif
Pengguna Google,5,05/11/2026 2:27,4.16.1,sangat membantu dg menggunakan aplikasi ini,negatif
Pengguna Google,5,05/11/2026 2:17,4.16.1,ok deh,negatif
Pengguna Google,3,05/11/2026 2:09,4.16.1,kenapa tidak bisa login saya mau ambil antrian,negatif
Pengguna Google,5,05/11/2026 1:58,4.16.1,sangat puas,positif
Pengguna Google,5,05/11/2026 1:55,4.16.1,sangan puas dengan aplikasi ini,positif
Pengguna Google,5,05/11/2026 1:55,4.16.1,lebih ditingkatkan lagi,negatif
Pengguna Google,5,05/11/2026 1:55,4.16.1,tolong keluhan bug yg terjadi segera diatasi,negatif
Pengguna Google,5,05/11/2026 1:54,4.16.1,untuk bpjs tolong tambahkan opsi untuk mendapat verifikasi otp selain sms yang wajib ada pulsa biasa seperti whatsapp dll karena zaman sekarang orang cenderung langsung membeli paket internet dan tidak tersisa pulsa biasa di nomor handphone yang terpakai dan terkendala durasi penerimaan kode otp dari sms yang lebih lama dan tidak secepat email yang langsung instan terima kasih,positif
Pengguna Google,5,05/11/2026 1:51,4.16.0,aplikasinya sangat bagus,positif
Pengguna Google,5,05/11/2026 1:51,4.16.1,good,negatif
Pengguna Google,1,05/11/2026 1:51,4.16.1,tolong di perbaiki di bagian biometrik nya gausah bikin kesel lo developer kalo ga cocok sama gajinya gausah dibuat ini aplikasi,positif
Pengguna Google,4,05/11/2026 1:42,4.16.1,agak sulit bagi orang tua,negatif
Pengguna Google,1,05/11/2026 1:33,4.15.0,kalo lupa kata sandi ya sudah gak bisa dipakai,negatif
Pengguna Google,5,05/11/2026 1:31,4.15.0,lebih mudah pake aplikasi ini,negatif
Pengguna Google,5,05/11/2026 1:19,4.16.1,pelayan bagus satpam ramah,positif
Pengguna Google,2,05/11/2026 1:17,4.16.1,aplikasi buruk login sesusah menjadi tuhan coba kali tetap gagal tidak terverifikasi,negatif
Pengguna Google,5,05/11/2026 1:14,4.16.1,bagus,positif
Pengguna Google,1,05/11/2026 1:10,4.16.1,troble aja mulu met budrekk,negatif
Pengguna Google,1,05/11/2026 1:07,4.16.1,daftar tgl maret batas pembyran tgl maret s d april dah mlk pembyran tgl maret tp bpjs ga bs lgs aktif aktif br bln april eeh la kok awal april dah muncul tagihan lagi akal an bpjs aja ini dan cb komplain telp awalnya nanggepin pembicaraan tp terakhir saat customer warga komplain langsung alibi nya halo halo kami sudah tdk mendengar suara anda maka pembicaraan kami putus bilang aja ga bisa nyelesein masalah dan hanya mempersulit dan meres uang warga,negatif
Pengguna Google,5,05/11/2026 1:07,4.16.1,bismillah,negatif
Pengguna Google,5,05/11/2026 1:02,4.16.1,pelayanan cepat dan mudah,positif
Pengguna Google,5,05/11/2026 0:54,4.16.1,sangat memudahkan utk dpt pelayanan kesehatan terutama bagi yg berusia lanjut krn bnyk pilihan pelayanan yg di butuh kan pasien,negatif
Pengguna Google,1,05/11/2026 0:38,4.16.1,sering eror jelek,negatif
Pengguna Google,5,05/11/2026 0:37,4.16.1,sangat membantu rakyat kecil,negatif
Pengguna Google,1,05/11/2026 0:36,4.16.1,masuk ribet banget aplikasi abal abal,negatif
Pengguna Google,5,05/11/2026 0:34,4.16.1,mantap,positif
Pengguna Google,5,05/11/2026 0:07,4.16.1,siapa ini tim it nya tutor jangan masa ini sekelas nasional kacau isinnnn bozz ahhk otp sim card gak masukk tips aja ya ux nya gak cocok sama masyarakat indo khususnya yg sudah berumur ui serasa tahun an di sederhanakan lagi kalo gak tau caranya tanya ke chtgpt aja ya pakai server yg mumpuni dikit ini menyangkut masalah kesehatan masyarakat indo harusnya kesehatan warga adalah poin utama setara dengan ekonomi,positif
Pengguna Google,5,05/11/2026 0:07,4.16.1,s u s a h memang anda jenius,negatif
Pengguna Google,5,05/11/2026 0:05,4.16.1,good,negatif
Pengguna Google,5,05/11/2026 0:03,4.15.0,bagus,positif
Pengguna Google,1,05/11/2026 0:02,4.16.1,ribet kalau mau ganti nomor sama email harus lewat pandawa pandawa eform selalu bermasalah apasih pemerintah dikit dipersusah padahal kita bayar bpjs malesin,negatif
Pengguna Google,5,05/11/2026 0:00,4.16.1,ok,negatif
Pengguna Google,5,05/10/2026 23:59,4.16.0,ok,negatif
Pengguna Google,1,05/10/2026 23:41,4.16.1,aplikasi tolol udh ikutin kamera malah tetep gak bisa dongo,negatif
Pengguna Google,5,05/10/2026 23:32,4.14.0,sesuai yg kita harapkan,positif
Pengguna Google,5,05/10/2026 23:28,4.16.1,ok,negatif
Pengguna Google,1,05/10/2026 23:12,4.16.1,aplikasi sulit untuk login,negatif
Pengguna Google,5,05/10/2026 22:44,4.14.0,luar biasa sangat terbantu,negatif
Pengguna Google,5,05/10/2026 22:27,4.16.1,sangat puas,positif
Pengguna Google,5,05/10/2026 22:13,4.16.1,bagus,positif
Pengguna Google,1,05/10/2026 22:06,4.3.0,suka eror gagal daftar trus,positif
Pengguna Google,3,05/10/2026 21:54,4.14.0,terlalu banyak update,negatif
Pengguna Google,3,05/10/2026 21:53,4.16.1,aplikasi ga mutu lebih sering error nya drpd bener nya bikin aplikasi buat orang sakit kuk ribet bgt bikin yg sakit tambah sakit jadi darting mulu aq mbok dibikin yg gampang tiap bln bisa dipastiin mesti log out dulu dah gitu nik ma pw yg dipake bener masih aja ga bisa masuk cuma maaf trs mana pw minta ganti muluu heran yg apliaksi bank aja ga sll minta ganti pw,negatif
Pengguna Google,5,05/10/2026 21:50,4.14.0,sebetulnya ngga terlalu paham aplikasi tp alhamdulillah sangat membantu dengan d bantu anak untuk memudahkan pendaftarar mobilejkn,negatif
Pengguna Google,1,05/10/2026 20:12,4.14.0,aplikasi bobrok sampah bikin tambah puyeng tiap minggu sekali hrs di perbarui sdh di perbarui malah tambah bobrok bener sampah bikin tambah sulit masyarakat saja ky pemerintah sampah,negatif
Pengguna Google,1,05/10/2026 20:11,4.16.1,udh donwload berkali gak bisa di instal tolong dongg perbaiki,positif
Pengguna Google,5,05/10/2026 20:02,4.16.1,mantap terus berbenah,positif
Pengguna Google,5,05/10/2026 19:35,4.16.1,sangat membantu di saat darurat untuk kesehatan,negatif
Pengguna Google,5,05/10/2026 18:59,4.16.0,bagus,positif
Pengguna Google,1,05/10/2026 18:59,4.14.0,kaga bisa log in pea,negatif
Pengguna Google,5,05/10/2026 18:24,4.14.0,sangat membantu,negatif
Pengguna Google,5,05/10/2026 18:16,4.16.1,ok,negatif
Pengguna Google,5,05/10/2026 17:35,4.16.1,ok membantu,negatif
Pengguna Google,5,05/10/2026 17:35,4.16.1,lebih cepat dan mudah untuk segala hal,positif
Pengguna Google,3,05/10/2026 17:18,4.16.1,kenapa saya tidak bisa registrasi akun ya terkendala di verifikasi nomor telpon tidak ada sms untuk kode otp nya walau sudah ganti nomor telepon x tetap tidak ada sms masuk,negatif
Pengguna Google,5,05/10/2026 16:26,4.16.1,alhamdulillah terbantu,negatif
Pengguna Google,3,05/10/2026 15:36,4.16.1,boros pulsa mau cek kesehatan aja di persulit mana pas mau masukin kode email malah kembali lagi harus ke awal kesedot lagi pulsa nya buka membantu malah mempersulit,negatif
Pengguna Google,3,05/10/2026 15:29,4.16.1,tolong dong perbaiki saya mau mendaftar tidak bisa menambahkan nomor sudah harian eror mulu,positif
Pengguna Google,1,05/10/2026 15:09,4.16.1,ribet banget daftar mobile jkn knpa harus ada verifikasi senyum bapak saya lansia otot senyumnya sudah lemah jadi ga kedeteksi sama aplikasi ga ada cara lain ya harus banget gtu senyum foto wajah aja harusnya dah cukup gausah isi nambah aksi disuruh salto senyum kedip atau geleng kepala ribet yg simpel aja biar waras,negatif
Pengguna Google,5,05/10/2026 15:09,4.16.1,membantu intormasi,negatif
Pengguna Google,1,05/10/2026 15:04,4.16.1,apa saya saja yang ngalamin susah registrasi,negatif
Pengguna Google,5,05/10/2026 14:57,4.16.1,sangat membantu bgt,negatif
Pengguna Google,1,05/10/2026 14:50,4.16.1,aplikasinya aneh di kode verifikasi lewat nomer hp nggak bisa bisa,negatif
Pengguna Google,5,05/10/2026 14:46,4.16.1,sangat sangat membantu untuk fasilitas bpjs,negatif
Pengguna Google,1,05/10/2026 14:45,4.14.0,ribet,negatif
Pengguna Google,5,05/10/2026 14:39,4.16.1,sangat bagus dan simple aplikasinya,positif
Pengguna Google,5,05/10/2026 14:16,4.14.0,ternyata bisa untuk ambil antrean psikolog puskesmas,negatif
Pengguna Google,5,05/10/2026 14:05,4.16.1,bagus memudahkan,positif
Pengguna Google,5,05/10/2026 14:02,4.16.1,aplikasi yg bagus saya sangat puas sekali dengan aplikasi jkn nya,positif
Pengguna Google,5,05/10/2026 13:54,4.16.1,ok,negatif
Pengguna Google,5,05/10/2026 13:41,4.16.1,ok,negatif
Pengguna Google,1,05/10/2026 13:33,4.16.1,app bodoh app merugikan banyak org,negatif
Pengguna Google,2,05/10/2026 13:28,4.16.1,sms nya ga masuk di coba lg gabisa trs,negatif
Pengguna Google,5,05/10/2026 13:24,4.16.1,ok,negatif
Pengguna Google,1,05/10/2026 13:24,4.16.1,mudah apanya mau verifikasi wajah aja kayak mau daftar pns coba lagi nanti coba lagi nanti,negatif
Pengguna Google,5,05/10/2026 13:22,4.16.1,ok,negatif
Pengguna Google,1,05/10/2026 13:08,4.16.1,aplikasi ga guna disuruh minta kode tapi ga dikirim orang sakit pun mesti make verifikasi hebat,positif
Pengguna Google,5,05/10/2026 13:04,4.16.1,layanan mantap,positif
Pengguna Google,5,05/10/2026 12:56,4.16.0,memuaskan dalam pelayanan berobat,positif
Pengguna Google,5,05/10/2026 12:53,4.16.1,tolong untuk password jika kita lama tidak buka aplikasi akan ke logout dan jika mau login harus bikin password baru selebihnya apk ini bermanfaat,negatif
Pengguna Google,1,05/10/2026 12:46,4.16.0,aplikasi ribet susah login kiarain rakyat ini punya bajet bli hp mahal yang ram nya gede punya hp android aja sudah sukuur bisa gak bikin aplikasi itu simpel aja daftar cek kartu cek riwayat penanganan medis pusat informasi gitu aja biar gak kebanyakan ngabisen ruang simpan,negatif
Pengguna Google,5,05/10/2026 12:46,4.15.0,bagus sekali,positif
Pengguna Google,5,05/10/2026 12:42,4.16.1,beruntungnya yg ngajuin proposal aplikasi hingga di kasih kerjaan gobloknya yg nerima proposal telah mempekerjakan aplikasi belum kelar banyak bug nya,negatif
Pengguna Google,5,05/10/2026 12:34,4.16.1,aku mau tanya knapa mau buka apk selalu bilang anda sedang brada di devisi lain dan sll kluar mulu,negatif
Pengguna Google,1,05/10/2026 12:29,4.16.1,orgorg mah habis di update itu malah lebih baik bukan malah data orang ngebug aneh setiap update hilang mulu data mesti chat pandawa trus aplikasi mempersulit bgt bukannya di rancang mempermudah malah mempersulit setiap habis update selalu logut pas login malah gabisa ini ga terdaftar lah apalah idihh,negatif
Pengguna Google,5,05/10/2026 12:24,4.16.0,heran gua sama jkn ini baru update udah suruh update lagi apalah daya nasib hp kentang yang memori gak cukup terus ini mesti gimana kalau berobat aja harus daftar online tapi hp gak cukup untuk mengupdate jkn nasib lansia piye lurr,negatif
Pengguna Google,5,05/10/2026 12:21,4.16.1,memberi fasilitas kesehatan yang mudah,negatif
Pengguna Google,1,05/10/2026 12:12,4.16.1,ribet kalau mau daftar suruh masukin kode otp ke nomor melalui sms tapi gak sampai sampai ganti nomor juga gak bisa harus diperbaiki sistem nya sms kode otp nya biar cepet sampai sekarang belum bisa masuk kode otp ditunggu gak sampai sampai,positif
Pengguna Google,5,05/10/2026 12:09,4.16.1,ok pasilitas nya,negatif
Pengguna Google,5,05/10/2026 12:06,4.15.0,membantu dalam memeriksa kesehatan,negatif
Pengguna Google,5,05/10/2026 11:57,4.16.1,semoga lancar urusan administrasinya,positif
Pengguna Google,5,05/10/2026 11:55,4.16.1,bagus,positif
Pengguna Google,4,05/10/2026 11:54,4.16.1,knp harus daftar tiap bulan sih,negatif
Pengguna Google,1,05/10/2026 11:45,4.16.1,aplikasi eror daftar online gagal terus,negatif
Pengguna Google,5,05/10/2026 11:40,4.16.1,sangat membantu,negatif
Pengguna Google,1,05/10/2026 11:22,4.16.1,aduh gimana ya aku ga bisa login padahal baru pertama kali tapi email ataupun nomer sudah ada yang memakai menggunakan nomer lain malah nomer ini sudah tidak aktif gimana sih terus juga kode otpnya harus nya lewat wa dong jangan sms soalnya nih orang orang semua kadang kadang jarang mengisi pulsa terus kenapa ga di permudah aja login ah gimana sih jadi susah berobat udah berapa kali aku login gabisa di hapus aja deh soalnya frustasi,negatif
Pengguna Google,5,05/10/2026 11:20,4.16.1,bagus,positif
Pengguna Google,5,05/10/2026 11:12,4.16.1,cepat dan akurat,positif
Pengguna Google,5,05/10/2026 11:07,4.16.1,bagus,positif
Pengguna Google,1,05/10/2026 11:02,4.16.1,mau daftar sampai di verifikasi no hp lewat sms ga bisa,negatif
Pengguna Google,1,05/10/2026 10:52,4.16.1,min tolong perbaiki lagi apk nya saya pusing ingin chek kesehatan saja seribet ini tidak bisa daftar dengan alasan tidak dapat di proses padahal sudah saya tunggu seminggu lebih tapi masih begitu saja tolong pengertian nya padahal saya sudah menginput data dengan benar,positif
Pengguna Google,5,05/10/2026 10:47,4.16.1,ok,negatif
Pengguna Google,5,05/10/2026 10:29,4.16.1,sangat membantu,negatif
Pengguna Google,1,05/10/2026 10:29,4.16.1,otp lama nunggunya gak dapet,negatif
Pengguna Google,5,05/10/2026 10:15,4.16.1,keren,positif
Pengguna Google,5,05/10/2026 10:11,4.16.1,sangat membantuuu masyarakat gampang di gunakan,negatif
Pengguna Google,5,05/10/2026 10:09,4.16.1,buat yang mau daftar bisa isi pulsa dulu ya biar kode verifikasi nya terkirim semoga membantu,negatif
Pengguna Google,2,05/10/2026 9:57,4.16.1,tolong dong ini jgn dibikin ribet udah mau dipake malah tiba log out ga sekali dua kali kek gini perbaiki lagi coba sistem nya biar ga login berulangkali,positif
Pengguna Google,5,05/10/2026 9:50,4.15.0,alhamdulillah,negatif
Pengguna Google,5,05/10/2026 9:42,4.16.1,mantap,positif
Pengguna Google,1,05/10/2026 9:24,4.16.1,terdapat bug error ketika saya sudah mendaftar antrian online ketika mendekati hari lagi waktu hari h untuk kunjungan tiba antrian online saya dibatalin tanpa persetujuan saya dan saya harus daftar antrian baru lagi dari awal ini membuang waktu saya saya kecewa dengan masalah aplikasi ini saya harap hal ini tidak terulang lagi saya harap kalian membenarkan masalah ini dengan cepat agar tidak terulang lagi,negatif
Pengguna Google,1,05/10/2026 9:22,4.16.1,ga berguna gabisa di pakai buat ambil antrian,negatif
Pengguna Google,5,05/10/2026 9:17,4.16.1,mantap,positif
Pengguna Google,5,05/10/2026 9:15,4.16.1,wew,negatif
Pengguna Google,5,05/10/2026 9:00,4.16.1,bagus,positif
Pengguna Google,1,05/10/2026 8:54,4.16.1,saya ga bisa login di akun mobile jkn karna lupa sandi tapi kan saya daftar pake gmail juga pas mau minta verifikasi malah gmail terbaca tidak terdaftar,negatif
Pengguna Google,1,05/10/2026 8:40,4.16.1,gw mau daftar suruh kirim kode verivikasi yang dikirim ke sms sama jkn tapi kode nya ga muncul slow respon bgt sumpah,negatif
Pengguna Google,5,05/10/2026 8:27,4.16.1,mntap,negatif
Pengguna Google,5,05/10/2026 8:26,4.16.1,layanan cepat jaringan harus full,positif
Pengguna Google,1,05/10/2026 8:17,4.13.1,jelek,negatif
Pengguna Google,3,05/10/2026 8:12,4.16.1,serius deh mau daftarin aja susah banget,negatif
Pengguna Google,5,05/10/2026 8:07,4.16.1,verry good,negatif
Pengguna Google,5,05/10/2026 8:02,4.16.1,sangat bagus,positif
Pengguna Google,5,05/10/2026 7:55,4.16.1,sangat membantu untuk saya pindah faskes trimakasih,negatif
Pengguna Google,5,05/10/2026 7:49,4.16.1,dengan aplikasi mobile jkn terkait dg pelayanan kesehatan semuanya jadi serba mudah,negatif
Pengguna Google,5,05/10/2026 7:36,4.16.1,mudah dan sangat membantu,negatif
Pengguna Google,5,05/10/2026 7:24,4.16.1,mantap,positif
Pengguna Google,5,05/10/2026 6:39,4.16.1,bagus,positif
Pengguna Google,1,05/10/2026 6:32,4.16.1,aplikasi yg sangat menyusahkan untuk registrasi,negatif
Pengguna Google,5,05/10/2026 6:27,4.16.1,good,negatif
Pengguna Google,3,05/10/2026 6:26,4.16.1,oke,positif
Pengguna Google,1,05/10/2026 6:23,4.16.1,ribet,negatif
Pengguna Google,1,05/10/2026 6:18,4.16.1,yth sudah daftar utk antrean tidak bisa karena kendala mesti screening riwayat sdh screening tpi tdk bisa selesai tolong diperbaik segerai ortu saya perlu berobat,positif
Pengguna Google,1,05/10/2026 5:40,4.16.1,ribet gk bisa masuk aplikasi gara udah di pke sama nik lain niat saya membantu bagi yg tidak punya hp tp malah akun saya gk bisa login gara nik itu,negatif
Pengguna Google,1,05/10/2026 5:38,4.16.1,jelekk masuk daftar berkali kali gabisaaa,negatif
Pengguna Google,1,05/10/2026 5:27,4.16.1,mana sms nyaa kontolll,negatif
Pengguna Google,5,05/10/2026 5:14,4.16.1,pelayanan yang baik,positif
Pengguna Google,5,05/10/2026 5:03,4.16.1,keren aplikasinya terimakasih,positif
Pengguna Google,5,05/10/2026 5:02,4.16.1,mantap mudah dan praktis,positif
Pengguna Google,5,05/10/2026 4:57,4.16.1,okey,positif
Pengguna Google,5,05/10/2026 4:35,4.16.1,luar biasa pelayanannya,negatif
Pengguna Google,5,05/10/2026 4:22,4.16.1,sengaja kasih bintang biar kebaca semua orang aplikasinya banyak kurangnya tolonglah diperbaiki masa mau ambil daftar antrian ke rumah sakit yang udah dirujuk gak bisa sekarang udah seminggu dicoba coba tetap gak bisa jadi gunanya aplikasi ini untuk mempermudah atau mempersulit sih tolong di respon ya,positif
Pengguna Google,1,05/10/2026 4:19,4.16.1,setelah update malah jadi gabisa login gajelas amat orang mau berobat harus daftar online via aplikasi sementara aplikasinya gabisa di login sistem gajelas,negatif
Pengguna Google,5,05/10/2026 3:50,4.16.1,sangat membantu,negatif
Pengguna Google,1,05/10/2026 3:42,4.16.1,kepada staf bpjs pembaharuan diperangkat sy selalu saja ada peringatan yang bikin belibet yang mudah selalu saja dipersulit peringatan keamanan app tidak berjalan sebelumnya bisa digunakan diperbaharui jadi suli digunakan,positif
Pengguna Google,4,05/10/2026 3:41,4.16.1,saran untuk verifikasi wajah agak kesusahan untuk pasien dengan penyakit stroke,positif
Pengguna Google,5,05/10/2026 3:38,4.16.1,sangat berguna sekali,negatif
Pengguna Google,5,05/10/2026 3:28,4.16.1,alhamdulillah banyak terbantu semoga amanah,positif
Pengguna Google,1,05/10/2026 3:22,4.16.1,aplikasi menyulitkan hidup aplikasi aneh kode otp sms gak masuk masuk padahal kuota ada pulsa ada tetap gagal terus mana kalau ke rs wajib banget daftar mobile jkn dulu lama lama makin parah sakit gegara daftar berkali kali gak bisa kadang juga ambil gambar wajah aja bisa gagal heran,negatif
Pengguna Google,5,05/10/2026 3:19,4.16.1,cepat banget respon nya,positif
Pengguna Google,5,05/10/2026 3:15,4.16.1,so far so good,negatif
Pengguna Google,1,05/10/2026 2:55,4.16.1,sering logout sendiri jadi harus daftar terus,negatif
Pengguna Google,5,05/10/2026 2:55,4.16.1,puas dan sangat membantu,positif
Pengguna Google,5,05/10/2026 2:49,4.16.1,alhamdulillah jika usia anak sudah tahun harus mandiri,negatif
Pengguna Google,5,05/10/2026 2:36,4.15.0,kenapa sih hrs update trs benci aku tiap x mau di pke psti di sruh update trs mauny ap sih jnpn mempersulit lh,negatif
Pengguna Google,1,05/10/2026 2:34,4.16.1,ga bisa di buka lemot,negatif
Pengguna Google,5,05/10/2026 2:28,4.16.1,lancar jaya,positif
Pengguna Google,3,05/10/2026 1:40,4.16.1,kok riwayat pengobatan saya dan anggota keluarga tidak bisa di akses,negatif
Pengguna Google,5,05/10/2026 1:39,4.15.0,sangat membantu untuk cek bpjs memudahkan untuk kira berobat,negatif
Pengguna Google,4,05/10/2026 1:26,4.16.1,okkk bangett,negatif
Pengguna Google,5,05/10/2026 1:22,4.16.1,aplikasi ga berguna tidak membantu sama sekali tolong dong diperbaiki aplikasi hanya bikin ribet saja daftar susah login susah perifikasi susah hanya menghambat dan tidak membantu sama sekali,positif
Pengguna Google,5,05/10/2026 1:17,4.13.1,sangat bagus,positif
Pengguna Google,1,05/10/2026 1:15,4.16.1,aplikasi payah dikelola oleh lembaga payah dgn gaji tertinggi seindonesia ada tombol pengaduan tetapi tidak memberikan solusi yang nyata payah,negatif
Pengguna Google,2,05/10/2026 1:11,4.16.1,klau saya beri rating bukan soal aplikasi tapi soal penangan berobatnya saya sakit mulai bulan juni saya g tau klau dapat bpjs gratis dari pemrintah yg ngasih tau malah petugas rs tapi setelah saya gunakan berobat dengan bpjs gratis sdh gonta ganti rumah sakit diagnosanya g ada yg sama ada yg bilang infeksi empedu ada yg bilang paru ada yg bilang lambung ada yg bilang ginjal dan ada yg bilang jantung saya menjalani pengobatan hampir tahun tapi tidak ada hasil sama sekali,negatif
Pengguna Google,5,05/10/2026 1:05,4.16.1,ok ok ok,negatif
Pengguna Google,1,05/10/2026 1:03,4.16.1,setelah update ngk bisa dibuka aplikasinya malah keluar sendiri,negatif
Pengguna Google,5,05/10/2026 1:02,4.16.1,aplikasi yang banyak membantu dengan mudah terima kasih,negatif
Pengguna Google,5,05/10/2026 1:01,4.16.1,okeh,positif
Pengguna Google,1,05/10/2026 0:49,4.16.1,ini aplikasi knapa sih anjir mau daftar aja susah dan ribetnya minta ampun apalagi pasngirim kode otp no verifikasi nya udah di coba berkali kali gak lo kirim anjir alesannya jaringan buruk klo gk niat mempermudah pasien jangn di persulit daftarnya dong,negatif
Pengguna Google,1,05/10/2026 0:48,4.16.1,tidak bisa masuk akun tolong diperbaiki,positif
Pengguna Google,1,05/10/2026 0:44,4.16.1,hey ini saya masukin nomor telepon tapi ko ga dapet kode otpnya,negatif
Pengguna Google,1,05/10/2026 0:36,4.16.1,kenapa gabisa di ss sih udah ke puskesmas aja harus onlan online kasian lansia yang pada mau berobat gangerti hp,negatif
Pengguna Google,1,05/10/2026 0:29,4.16.1,ribet daftarnya gak membantu sama sekali,negatif
Pengguna Google,1,05/10/2026 0:28,4.16.1,apl macam apa ini sudah melakukan pembayaran juga di dasbor dan pemberitahuan tetap memiliki tunggakan belum melakukan pembayaran korup kalian ya,negatif
Pengguna Google,5,05/10/2026 0:05,4.15.0,ulasan bagus,positif
Pengguna Google,4,05/09/2026 23:30,4.15.0,berkat mobile jkn jadi mudah aku mendapatkan nomor antrian kontrol rawat jalan di rumah sakit terima kasih mobile jkn,negatif
Pengguna Google,1,05/09/2026 23:27,4.16.1,buruk bgt sumpah mau login ga bisa semua aktif kartu dll giliran otp malah ga bisa nih baca,negatif
Pengguna Google,5,05/09/2026 23:12,4.13.1,pelayanan bagus,positif
Pengguna Google,5,05/09/2026 22:54,4.16.1,mudah dan cepat semoga di faskes juga seperti itu penangananya,positif
Pengguna Google,1,05/09/2026 22:49,4.16.1,tolong yah untuk diperbaiki aplikasi nya setiap mau buka aplikasi pasti keluar dari akunnya selalu kayak gitu bukannya dipermudah tapi diperibet kadang yg tua tua ini susah mengingat passwordnya dah ga ngerti main aplikasi gini,positif
Pengguna Google,2,05/09/2026 22:45,4.16.1,payah sudah bayar otomatis lewat debit bri tapi status tagihan lunas nya belum muncul dan masih ada tagihan iuran aneh,negatif
Pengguna Google,1,05/09/2026 22:40,4.16.1,tolol verifikasi nomor telepon lama banget,negatif
Pengguna Google,5,05/09/2026 22:35,4.16.1,perubahan data cepat seperti yg saya kehendaki terimakasih mobile jkn,positif
Pengguna Google,1,05/09/2026 22:16,4.16.1,akun tiba tiba log out sendiri saat login sandi gabisa padahal gapernah diganti mau ganti sandi nunggu otp lewat sms tidak muncul muncul bahkan lewat dari jam minta kirim otp lewat email dikatakan email tidak terdaftar padahal sebelumnya sudah didaftarkan,negatif
Pengguna Google,5,05/09/2026 19:51,4.16.1,cepat respon,positif
Pengguna Google,5,05/09/2026 19:44,4.16.1,sangat membantu,negatif
Pengguna Google,1,05/09/2026 19:08,4.16.1,apasih aplikasinya daftar akun masukin nomor hp gak dapet kode verifikasi,negatif
Pengguna Google,5,05/09/2026 18:47,4.16.1,ok,negatif
Pengguna Google,5,05/09/2026 18:23,4.15.0,bagus tapi kenapa harus di perbarui terus,positif
Pengguna Google,3,05/09/2026 18:11,4.16.1,kenapa fitur pilih angota tidak bisa di akses test di hp camon pro g,negatif
Pengguna Google,5,05/09/2026 17:24,4.16.1,mantap,positif
Pengguna Google,5,05/09/2026 17:14,4.16.1,sangat sangat membantu,negatif
Pengguna Google,1,05/09/2026 17:12,4.16.1,aplikasi jadul masa registrasi aja pake sms wkwk udah gitu gada respon sampe seminggu eh nyoba lagi malah nambah plenger nih apk kocak,negatif
Pengguna Google,5,05/09/2026 16:35,4.16.1,baru siap daftar semoga bermanfaat,negatif
Pengguna Google,5,05/09/2026 16:21,4.16.1,baik,positif
Pengguna Google,5,05/09/2026 16:04,4.16.1,okay,negatif
Pengguna Google,5,05/09/2026 15:50,4.16.1,sangat bermanfaat,negatif
Pengguna Google,1,05/09/2026 15:36,4.16.1,mau buka akun nya berkali kali di coba gak bisa bisa karena belum di verifikasi gimana mau berobat gimana mau cetak kartu bpjs nya kalau akunnya belum di verifikasi jadi gak bisa kebuka aplikasinya makin ribet aja hubungi ke pandawa juga gak nyambung gak bisa ngasih solusinya banyak yang harus di perbaiki untuk aplikasi mobile jkn ini,positif
Pengguna Google,5,05/09/2026 15:35,4.16.1,mantap,positif
Pengguna Google,5,05/09/2026 15:26,4.16.1,sangat membantu,negatif
Pengguna Google,3,05/09/2026 15:24,4.16.1,sering lemot tanggal hilang dan sering terkeluar dari apk,negatif
Pengguna Google,5,05/09/2026 14:41,4.16.1,good sangat membantu dengan kita yang ngga bisa keluar karena kerjaan bisa online daftr di tempat kerja,negatif
Pengguna Google,5,05/09/2026 14:19,4.16.1,aplikasi berjalan dengan baik,positif
Pengguna Google,5,05/09/2026 13:39,4.16.1,terimakasih,negatif
Pengguna Google,5,05/09/2026 13:23,4.16.1,good,negatif
Pengguna Google,1,05/09/2026 12:59,4.16.1,aplikasi semakin sering eror gajelas hanya menyusahkan,negatif
Pengguna Google,1,05/09/2026 12:57,4.16.1,registrasi akun susah wajah sudah di dalam kotak tetap tidak bisa,negatif
Pengguna Google,5,05/09/2026 12:49,4.16.1,sangat baik,positif
Pengguna Google,5,05/09/2026 12:48,4.16.1,baik sekali,positif
Pengguna Google,5,05/09/2026 12:44,4.16.1,aplikasi mudah di gunakan,negatif
Pengguna Google,5,05/09/2026 12:41,4.14.0,pelayanan baik memuaskan,positif
Pengguna Google,4,05/09/2026 12:27,4.16.1,mantaps aplikasinya mau pindah puskesmas jdi gampang soalnya aku dptnya yg jauh trmksh mobile jkn,positif
Pengguna Google,5,05/09/2026 12:27,4.16.1,sangat membantu semoga bpjs bisa selalu melayani masyarakat indonesia,negatif
Pengguna Google,5,05/09/2026 12:26,4.16.1,cepat dan mudah,positif
Pengguna Google,1,05/09/2026 12:25,4.16.1,mau registrasi berkali kali udah verifikasi berkali kali tetep aja gak bisa coba lagi coba lagi terus,negatif
Pengguna Google,5,05/09/2026 12:21,4.16.1,oke sangat membantu,positif
Pengguna Google,3,05/09/2026 12:11,4.16.1,perbaiki lah aplikasinya aku daftar udah semingguan gk bisa bisa padahal penting banget loh ini aplikasi mohon pemerintah menteri kesehatan juga bantu perbaiki aplikasi pelayanan ini biar semua urusan masyarkat jadi lebih mudah,positif
Pengguna Google,5,05/09/2026 12:03,4.16.1,sangat membatu orang tua yg tidak tau megang hp dan apa apa harus daftar aplikasi dulu sangat membatu bagi orang tua miskin yg tidak ada hp,negatif
Pengguna Google,5,05/09/2026 12:03,4.15.0,keren,positif
Pengguna Google,3,05/09/2026 11:56,4.16.1,konsep kamera ny gmna si posisi kamera aneh ga jelas,negatif
Pengguna Google,5,05/09/2026 11:46,4.16.1,sangat terbantu dengan adanya aplikasi ini,negatif
Pengguna Google,1,05/09/2026 11:38,4.16.1,perbaikin lagi aplikasi nya jangan di persulit untuk ketentuan verifikasi apa lagi kalau orang yg sudah tua yg gaptek untuk lupa password nyedot pulsa nya rp untuk terima sms sukses verif aplikasi bilang belom masukan kode verif padahal udh di fitur ketik password baru jadi harus mengulamg verif alhasil pulsa yg kurang tidak bisa terima sms,positif
Pengguna Google,5,05/09/2026 11:37,4.16.1,sangat membantu,negatif
Pengguna Google,5,05/09/2026 11:34,4.14.0,sudah di upgrade tapi susah ke buka,negatif
Pengguna Google,1,05/09/2026 11:34,4.16.1,ribet,negatif
Pengguna Google,5,05/09/2026 11:31,4.16.1,sangat baik,positif
Pengguna Google,5,05/09/2026 11:10,4.14.0,bagus,positif
Pengguna Google,1,05/09/2026 10:59,4.16.1,otp no telp gk mau muncul gk jelaas mau berobat aja di persulit hadehh,negatif
Pengguna Google,5,05/09/2026 10:34,4.16.1,demi allah ribet bgt ajg skrng hrus pake aplikasi aplikasi ky gn,negatif
Pengguna Google,1,05/09/2026 10:31,4.16.1,apk gaguna sumpahhhhh plis bobrok bgt sistemnya hapus aja napa ganti kartu lagi aja,negatif
Pengguna Google,5,05/09/2026 10:28,4.16.1,baik dan membantu,positif
Pengguna Google,2,05/09/2026 10:20,4.16.1,bikin naik darah aja lagi di butuhkan malah apps error terus ga bisa buka kartu,negatif
Pengguna Google,5,05/09/2026 10:16,4.16.1,sangat membantu,negatif
Pengguna Google,5,05/09/2026 10:13,4.16.1,good,negatif
Pengguna Google,5,05/09/2026 9:43,4.16.1,nih bintang harap dibaca ya aku emosi bgt sama aplikasi nya sudah daftar masukin nomor tlp ga pernah di pake malah diberitahu kalau nomor tlp sdh digunakan peserta lain padahal ga pernah dipake samsek tolong untuk tidak mempersulit yang sudah mudah sebelum nya mau rujuk ke rs aja putar sana putar sini karna harus daftar online segala,negatif
Pengguna Google,5,05/09/2026 9:36,4.16.1,buat temen temen yang ngga dapat pesan otp sms nomer telepon itu nomer telepon nya harus diisi pulsa dulu baru dapat pesan,negatif
Pengguna Google,4,05/09/2026 9:19,4.16.1,buat yg petugas bersangkutan saya peserta bpjs kesehatan mandiri kls saya telat bln lalu tdk bayar pas bayar sekalian bln selanjutnya knp jd bayar berarti perbulan harusnya kan yg perbulan minta tlng penjelasan nya,negatif
Pengguna Google,5,05/09/2026 9:01,4.16.1,makan nih bintang akun udah jadi pas ambil no antrian gak bisa ini bukan di permudah tp di persulit,negatif
Pengguna Google,4,05/09/2026 8:57,4.16.1,kenapa susah banget buat verifikasi nya padahal sinyal baguss lama banget dapet sms nyaa,negatif
Pengguna Google,5,05/09/2026 8:48,4.16.1,mantap,positif
Pengguna Google,1,05/09/2026 8:39,4.16.1,heran kluar masuk terus gunanya biar apa coba mana kalau mau login lagi ada aja gangguannya heran deh ga guna asli tiap mau login ga bisa mulu gangguan terus,positif
Pengguna Google,5,05/09/2026 8:38,4.15.0,sangat sangat membantu,negatif
Pengguna Google,5,05/09/2026 8:36,4.16.1,ok puas bangeettt mantaapp,positif
Pengguna Google,5,05/09/2026 8:01,4.13.1,aplikasinya bagus,positif
Pengguna Google,1,05/09/2026 7:56,4.16.1,kok error di bagian sms server ada masalah lah,negatif
Pengguna Google,5,05/09/2026 7:53,4.16.1,ayo jadilah peserta bpjs kis mobile jkn indonesia tanah air ku,negatif
Pengguna Google,5,05/09/2026 7:31,4.14.0,pelayanan cepat dan akurat,positif
Pengguna Google,1,05/09/2026 7:28,4.16.1,aplikasi cacat notifikasi login gagal gajelas,negatif
Pengguna Google,1,05/09/2026 6:52,4.16.1,katanya no sudah di gunakan padahal baru kali ini gunakan memang prosedur gak jelas orang sakit mau sembuh ini malah sakit di bikin prosedurnya,negatif
Pengguna Google,5,05/09/2026 6:45,4.16.1,bagus lah pokoknya mah,positif
Pengguna Google,5,05/09/2026 6:38,4.16.1,sangat memudahkan untuk melakukan perubahan data pada aplikasi mobile jkn,negatif
Pengguna Google,5,05/09/2026 6:33,4.16.1,aplikasi ny harus di tingkatkn lagi fitur yng berguna,negatif
Pengguna Google,5,05/09/2026 6:26,4.16.1,ok,negatif
Pengguna Google,5,05/09/2026 6:16,4.16.1,app mudah dimengerti,negatif
Pengguna Google,1,05/09/2026 6:15,4.16.1,aplikasi busuk tolol so so an onlen tapi ga becus nanggepin kendala buat yg ga bisa daftar blok,negatif
Pengguna Google,5,05/09/2026 6:15,4.16.0,memori penuh,negatif
Pengguna Google,1,05/09/2026 6:13,4.16.1,nungguin otp ga masuk daftar aja susah,negatif
Pengguna Google,2,05/09/2026 5:58,4.16.1,hasil survei tidak bisa di kirim,negatif
Pengguna Google,4,05/09/2026 5:52,4.15.0,loading nya lama,negatif
Pengguna Google,1,05/09/2026 5:52,4.16.1,gak jelass bngt udah berulang kali minta kode otp tapi gak di kirim sama sekali,negatif
Pengguna Google,5,05/09/2026 5:19,4.16.1,ok lah,negatif
Pengguna Google,5,05/09/2026 5:09,4.16.1,apk tidak bisa dibuka,negatif
Pengguna Google,1,05/09/2026 4:59,4.16.1,aplikasi sampah mempersulit login padahal nik dan pasword sama dengan di daftarkan tapi malah salah banyak error,negatif
Pengguna Google,1,05/09/2026 4:56,4.16.1,apk gajelas,negatif
Pengguna Google,5,05/09/2026 4:51,4.16.1,semoga sehat selalu,negatif
Pengguna Google,1,05/09/2026 4:51,4.16.1,kesal dengan apk ini udh bener di masukin nik e ktp sama pasword nya masih di katakan salah ujung ujungnya terpaksa lupa kata sandi sms otp pakai pulsa ujung ujungnya duit lagi duit lagi sumpah saya sangat kesal sekali dengan apk ini,negatif
Pengguna Google,5,05/09/2026 4:47,4.16.1,sangat membantu dalam proses pelayanan kesehatan,negatif
Pengguna Google,1,05/09/2026 4:42,4.16.1,aplikasi tak berguna,negatif
Pengguna Google,1,05/09/2026 4:36,4.16.1,halo admin sudah banyak yg kasih bintang ngapain aja daftar log in masih pakai sms sekarang orang beli paket data bukan pulsa udah ada pulsa sms gak ada,negatif
Pengguna Google,3,05/09/2026 4:14,4.16.1,ada apa ini dengan apk mobile jkn tidak bisa masuk dg alasan yg tak jelas sementara utk berobat harus daftar antrian dulu dari apk mobile jkn,negatif
Pengguna Google,5,05/09/2026 4:11,4.16.1,sangat membantu,negatif
Pengguna Google,5,05/09/2026 4:07,4.16.1,mantap,positif
Pengguna Google,5,05/09/2026 4:06,4.16.1,bagus,positif
Pengguna Google,1,05/09/2026 3:50,4.16.1,setiap update pasti logout masuk pake biometrik belum di aktifkan apa gak bisa bikin aplikasi yang tidak meribetkan,negatif
Pengguna Google,5,05/09/2026 3:35,4.13.1,terlalu sering minta update,negatif
Pengguna Google,5,05/09/2026 3:32,4.16.1,gampang penggunaan nya,negatif
Pengguna Google,5,05/09/2026 3:27,4.16.1,sangat memuaskan pelayanan nya,positif
Pengguna Google,1,05/09/2026 3:24,4.14.0,kurang praktis terlalu ribet bagi orang tua gaptek,negatif
Pengguna Google,5,05/09/2026 3:24,4.16.1,sangat membantu adanya mobile jkn tapi kadang kok logout sendiri ya tapi yaudah lah terima kasihh,negatif
Pengguna Google,5,05/09/2026 3:19,4.14.0,perubahan kelas mudah,negatif
Pengguna Google,1,05/09/2026 3:03,4.14.0,ribet banget pdahal udah punya aplikasinya malah suruh download lg padahal memori msh penuh tpi susah gk bisa katanya harus kosonngkn beberapa memori kenapa sih jkn mobile yg tadinya mudah skrng ribet banget bikin kesel sama aplikasinya,negatif
Pengguna Google,5,05/09/2026 3:01,4.16.1,nice,negatif
Pengguna Google,5,05/09/2026 3:00,4.16.1,pelayanan nya sangat baik,positif
Pengguna Google,5,05/09/2026 2:58,4.16.1,aplikasi cukup membantu,negatif
Pengguna Google,5,05/09/2026 2:53,4.16.1,cukup memuaskan dan baik pelayanan nya,positif
Pengguna Google,5,05/09/2026 2:52,4.16.1,sengaja kasih bingang lima biar di baca otp nya ga masuk masuk cape banget nunggu nya udah brkali kali tttp ga ada otp aplikasi nya coba tolong perbaiki lagi,positif
Pengguna Google,5,05/09/2026 2:51,4.16.1,sangat membantu masyarakat dalam hal kesehatan,negatif
Pengguna Google,5,05/09/2026 2:37,4.16.1,kenapa mau masuk atau daftar seruet ini,negatif
Pengguna Google,5,05/09/2026 2:34,4.15.0,jkn citra medika,negatif
Pengguna Google,1,05/09/2026 2:27,4.16.0,knpa sih hrus dikit pembaruan apk bru pakai blm bulan udah minta diperbarui lagi mna hp q ram nya dkit jdi gk bisa d perbarui,negatif
Pengguna Google,5,05/09/2026 2:22,4.16.1,baik,positif
Pengguna Google,3,05/09/2026 2:14,4.16.1,kadang pas mau buka apk harus login ulang jadi ribet pas mau cepet,negatif
Pengguna Google,4,05/09/2026 2:11,4.16.1,aplikasi mudah digunakan,negatif
Pengguna Google,5,05/09/2026 2:11,4.16.1,bagus,positif
Pengguna Google,5,05/09/2026 2:05,4.16.1,mantap,positif
Pengguna Google,1,05/09/2026 2:04,4.16.1,apk ga jelas cmn ngambil antrean aj di persulit verifikasi email hp pas pin sandi pas udah ke isi semua malah loading terus ga bisa di pencet eh mlh keluar apk pas di buka lagi msi blm daftar antrean aneh,negatif
Pengguna Google,1,05/09/2026 2:02,4.16.1,saya agak kecewa dengan aplikasi ini saya mengambil antrean seminggu sebelumnya supaya dapat nomor antrean ternyata pada hari h saya mengecek nomor antrean saya hilang ternyata saya dicek oleh operator dibatalkan oleh system terpaksa saya mendaftar lagi untuk minggu depan karena sudah full dokternya hari itu,negatif
Pengguna Google,3,05/09/2026 2:00,4.16.1,respon jkn pandawa untuk proses sangat lama sampai berhari hari tidak ada hasil nya perbaikan data sedangkan bpjs mau di gunakan,negatif
Pengguna Google,5,05/09/2026 1:58,4.15.0,bagus aplikasinya,positif
Pengguna Google,5,05/09/2026 1:55,4.16.1,terbaik,positif
Pengguna Google,5,05/09/2026 1:54,4.16.1,ok mantabbb,negatif
Pengguna Google,1,05/09/2026 1:52,4.16.1,apk makin gak jelas tunggu verifikasi sms sampe tahun gak muncul,negatif
Pengguna Google,1,05/09/2026 1:51,4.14.0,baik,positif
Pengguna Google,5,05/09/2026 1:51,4.15.0,memuaskan gk ribet,positif
Pengguna Google,1,05/09/2026 1:48,4.16.1,apk nya eror asik eror di verifikasi nomor hp ja,negatif
Pengguna Google,5,05/09/2026 1:44,4.14.0,saya sangat puas dengan pelayanan jkn,positif
Pengguna Google,5,05/09/2026 1:36,4.16.1,memuaskan,positif
Pengguna Google,5,05/09/2026 1:21,4.16.1,puas dengan aplikasinya,positif
Pengguna Google,5,05/09/2026 1:19,4.16.1,berguna,negatif
Pengguna Google,5,05/09/2026 1:15,4.13.1,sangat memudahkan,negatif
Pengguna Google,5,05/09/2026 1:01,4.16.1,untuk saat ini okelah registrasi mudah log in mudah ingin pindah faskes dengan beda pulau dan provinsi kukira sulit ternyata sangat mudah lewat aplikasi ini mantap andai aplikasi pemerintah semuanya semudah ini praktis dan cepat buat aplikasi ikd kalian ketinggalan abad dari dari aplikasi ini,positif
Pengguna Google,5,05/09/2026 1:00,4.16.1,sangat cocok,positif
Pengguna Google,1,05/09/2026 0:52,4.16.1,aplikasi busuk,negatif
Pengguna Google,5,05/09/2026 0:49,4.16.1,good application,negatif
Pengguna Google,3,05/09/2026 0:46,4.16.1,malesin bener tiap bulan mesti lapor ke pojok jkn rumah sakit buat update tanggal kontrol sama update dokter sama pihak rumah sakit di suruh cek berkala buat update terbaru jadwal dokter nya pas mau masuk ke hari h bukan nya update malah tetep aja gabisa di klik keterangan jadwal kontrol belum tersedia padahal di bulan sebelum nya udah di kasih jadwal sama dokter ini sebenernya yang salah pihak rs atau aplikasi sih,negatif
Pengguna Google,5,05/09/2026 0:44,4.16.1,semakin maju,negatif
Pengguna Google,5,05/09/2026 0:33,4.16.1,aplikasi yang sangat membantu,negatif
Pengguna Google,1,05/09/2026 0:13,4.16.1,terlalu ribet,negatif
Pengguna Google,5,05/09/2026 0:10,4.15.0,bagus tpi knpa harus di perbaharui terus hp ny gk muat,positif
Pengguna Google,2,05/09/2026 0:10,4.16.1,mohon update tambah kan fitur verifikasi lewat whatsapp saya verifikasi lewat nomor tidak ada pesan otp yang masuk mohon sekali untuk segera di berikan solusi,negatif
Pengguna Google,1,05/08/2026 23:59,4.16.1,aplikasi nggak jelas ibu saya jadi susah mau brobat saya daftar daritadi nggak dapet kode otp tinggal pake email aja apa susah nya sih,negatif
Pengguna Google,2,05/08/2026 23:51,4.16.1,mending kalau mau daftar ke faskes langsung kayak dulu aja dari pada pake aplikasi malah susah banget bukannya memudahkan malah mempersulit,negatif
Pengguna Google,5,05/08/2026 23:37,4.16.1,pelayananya sangat baik,positif
Pengguna Google,5,05/08/2026 23:36,4.16.1,bagus,positif
Pengguna Google,1,05/08/2026 23:29,4.15.0,memusingkan,negatif
Pengguna Google,1,05/08/2026 23:03,4.16.1,ini kenapa sih data ny udah pas semua tapi gak bisa login di buat ny salah sandi terus,negatif
Pengguna Google,5,05/08/2026 22:43,4.14.0,sangat membantu kelancaran dan mempersingkat waktu,positif
Pengguna Google,1,05/08/2026 22:33,4.16.1,jkn sangan terburuk selalu error mna masuknya ribettt sekali sngt mempersulit,negatif
Pengguna Google,1,05/08/2026 22:28,4.16.1,kenapa saya kasih sering log out sendiri dan beberap kali tidak bisa dijalankan di hp lg g os note demi keamanan app tidak bisa dijalankan disebebkan hp nya sudah di root ga root ga rot dan barusan bisa dibuka kembali aneh tp bikin pala pusing plis jangan dipersulit kami rakyat kecil yg notabene tidak semua melek it,positif
Pengguna Google,5,05/08/2026 22:25,4.16.1,bagus,positif
Pengguna Google,5,05/08/2026 20:58,4.16.1,good,negatif
Pengguna Google,5,05/08/2026 20:51,4.16.1,bagus,positif
Pengguna Google,5,05/08/2026 19:32,4.16.1,aplikasi luar biasa,negatif
Pengguna Google,5,05/08/2026 18:08,4.16.1,aplikasinya sangat membantu,negatif
Pengguna Google,5,05/08/2026 17:27,4.16.1,sistem yang merepotkan datang di hari h kontrol telat daftar disuruh pulang lagi kuota sudah penuh besoknya surat rujukan di jkn habis padahal di kertas masih lama,negatif
Pengguna Google,5,05/08/2026 17:20,4.16.1,bagus,positif
Pengguna Google,4,05/08/2026 17:06,4.16.1,sangat membantu,negatif
Pengguna Google,2,05/08/2026 16:48,4.14.0,aku kasih bintang dua mau nambah anggota masyaalah sulit masak iya harus bolak balik kelur masuk aplikasi karena buat nya waktu berbeda pakein kek kalau satu kk kalau muncul di dalam satu keluarga kn enak biar gk bolak balik kelur masuk aplikasi emang sih muncul tapi saat ingin ke puskesmas memakai bpjs ini kk bisa ketuk dalam satu kk ini harus keluar dulu ketik no kk anak yang mau periksa baru bisa,negatif
Pengguna Google,5,05/08/2026 16:11,4.16.1,terimakasih,negatif
Pengguna Google,5,05/08/2026 15:28,4.16.1,mantap,positif
Pengguna Google,1,05/08/2026 15:11,4.16.1,seinget saya dulu prnh pake aplikasi ini buat daftar dn sebagainya tp kenapa sekarang keterangnya belum terdaftar aneh bin koplak,negatif
Pengguna Google,5,05/08/2026 15:10,4.16.1,mudah di akses,negatif
Pengguna Google,5,05/08/2026 14:55,4.16.1,apk yg sangat memuaskan,positif
Pengguna Google,5,05/08/2026 14:49,4.16.1,sangat bermanfaat terimakasih,negatif
Pengguna Google,5,05/08/2026 14:49,4.16.1,jos gandos,negatif
Pengguna Google,5,05/08/2026 14:41,4.16.1,bagus dan sangat membantu dalam melayani kesehatan keluarga kami,positif
Pengguna Google,5,05/08/2026 14:39,4.16.1,alamak najisnyee gabisa daftar karena kode sms nya ga muncul giliran pake gmail muncul padahal yang diwajibin no hp heran gweh tolong dong ini yang bikin aplikasinya benerin update mana pas verif muka mirror ancrit laa jangan kesenangan dikasih bintang yach,negatif
Pengguna Google,1,05/08/2026 14:25,4.16.1,mau daftar aja verif no gada masuk udah x kirim ulang kode tapi kode gada masuk udah coba ganti nomor sampai x tetep gada tolong perbaiki sistem nya,positif
Pengguna Google,5,05/08/2026 14:19,4.16.1,mantap aplikasi nya sangat membantu dalam hal pelayanan kesehatan,positif
Pengguna Google,1,05/08/2026 14:19,4.16.1,aplikasinya jelek,negatif
Pengguna Google,1,05/08/2026 14:18,4.16.1,tidak bisa mendaftar,negatif
Pengguna Google,5,05/08/2026 14:06,4.16.1,bagus,positif
Pengguna Google,4,05/08/2026 14:05,4.16.1,pelayanannya belum memuaskan,positif
Pengguna Google,1,05/08/2026 14:04,4.16.1,ini aplikasi apaan si memudahkan atau menyusahkan sebenarnya kenapa susah sekali untuk melakukan verifikasi saya sedang sakit tapi untuk mendaftar saja susah,negatif
Pengguna Google,5,05/08/2026 14:04,4.14.0,sangat bagusdan sangat mrmbantu untuk mendaftar dirumah sakit,positif
Pengguna Google,1,05/08/2026 14:01,4.16.1,tidak sesuai keinginan aplikasi sulit untuk digunakan semua orang yang kalangan menengah kebawah setiap orang tidak bisa menggunakan aplikasi baik itu orang tua atau orang awam yang gak bisa baca tulis dan tidak mengenal huruf sama sekali cukup dengan kartu bpjs saja sudah cukup untuk orang yang ber obat dirumah sakit baik itu klinik maupun puskesmas terdekat,positif
Pengguna Google,5,05/08/2026 13:54,4.16.1,kami sekeluarga selalu berobat di dr ketut mendra mqih layanannya cepat nyaman dan peduli terima kasih pak dokter,positif
Pengguna Google,1,05/08/2026 13:48,4.16.1,bikin stress bukanny mempermudah malah mempersulit,negatif
Pengguna Google,5,05/08/2026 13:33,4.16.1,alhamdulilah membantu banget,negatif
Pengguna Google,5,05/08/2026 13:27,4.16.1,keyen,negatif
Pengguna Google,5,05/08/2026 13:25,4.16.1,oke,positif
Pengguna Google,1,05/08/2026 13:19,4.16.1,udh daftar malah lemot otp gak muncul,negatif
Pengguna Google,5,05/08/2026 13:15,4.16.1,semoga selalu jd aplikasi terbaik dl dunia kesehatan dan makin bagus pelayanannya ya,positif
Pengguna Google,1,05/08/2026 13:06,4.16.1,mempersulit orang untuk berobat,negatif
Pengguna Google,1,05/08/2026 12:59,4.16.1,mau masuk saja susah sekali katanya server sibuk lah tunggu beberapa waktu lagi padahal sudah diulang sampe kali tetap tidak bisa aplikasinya jelek bangat bintang aja ga pantas sebenarnya,negatif
Pengguna Google,1,05/08/2026 12:56,4.16.1,aplikasi busuk disuruh screaning tapi diem stuck payah,negatif
Pengguna Google,4,05/08/2026 12:42,4.16.1,sangat membantu kita dalam hal administrasi faskes hanya dalam satu genggaman informasi semua ada,positif
Pengguna Google,5,05/08/2026 12:39,4.16.1,sangat membantu saat mendaftar dan mencari dokter,negatif
Pengguna Google,5,05/08/2026 12:39,4.16.1,aplikasinya gk bisa ngirim otp jir berapa kali nyoba gk masuk masuk tolong di perbaiki admin,positif
Pengguna Google,5,05/08/2026 12:36,4.16.1,good,negatif
Pengguna Google,5,05/08/2026 12:30,4.16.0,makin kesini makin parah tidak bisa login,negatif
Pengguna Google,5,05/08/2026 12:30,4.15.0,sangat bagus seharian nunggu nggak dpt kode otp,positif
Pengguna Google,5,05/08/2026 12:28,4.16.1,trimakasih jkn sangat membantu sekali,negatif
Pengguna Google,1,05/08/2026 12:19,4.16.1,sengaja kasih bintang masa tiap bulan harus update aplikasi mulu kalau blm bisa di gunakan mending gk usah pake aplikasi,negatif
Pengguna Google,5,05/08/2026 12:17,4.16.1,sangat bagus,positif
Pengguna Google,5,05/08/2026 12:04,4.16.1,untuk perpindahan faskes sangat mudah tidak perlu datang kantor bpjs cukup melalui mobile jkn saja tapi juga harap menunggu satu bulan untuk bisa di pakai jadi ada tenggang waktu atau tgl di awal bulan berikut nya,negatif
Pengguna Google,5,05/08/2026 12:04,4.16.1,sampai saat ini cukup puas,positif
Pengguna Google,5,05/08/2026 11:53,4.16.1,bagus sangat membantu,positif
Pengguna Google,1,05/08/2026 11:48,4.16.1,mau daftar gak bisa kode otp gak dikirim di sms gimana mau daftar bikin aplikasi kok kayak sampah,negatif
Pengguna Google,5,05/08/2026 11:40,4.16.1,mantap,positif
Pengguna Google,5,05/08/2026 11:38,4.12.0,tuh di kasih bintang harus lancar,positif
Pengguna Google,5,05/08/2026 11:35,4.16.1,mudah digunakan,negatif
Pengguna Google,5,05/08/2026 11:33,4.16.1,allhamdulilah sangat membantu,negatif
Pengguna Google,5,05/08/2026 11:30,4.16.1,biar bintang yang bicara,negatif
Pengguna Google,5,05/08/2026 11:28,4.14.0,udah dikasih bintang jangan diperibet mulu,negatif
Pengguna Google,1,05/08/2026 11:24,4.16.1,minta otp gamasuk udh ditunggu berjam jam loh pihak pemerintah tolong lah lirik bug nya,negatif
Pengguna Google,1,05/08/2026 11:06,4.16.1,banyak errornya gak bisa dipake daftar ke puskesmas aja susah mulu heran mending gak usah lah daftar online segala app nya aja sering error gak jelas gak bener,negatif
Pengguna Google,1,05/08/2026 10:59,4.16.1,sumpah ini aplikasi yang paling susah daftarnya bukan karena rumit tapi karena verifikasi no hpnya lelet dan chapca nya gak keluar maaf buat penilaian saya tapi emang pantas diberi segtu,negatif
Pengguna Google,1,05/08/2026 10:56,4.16.1,butuh perbaikan segera aplikasi tidak bisa dibuka ada tulisan aplikasi tidak bisa dibuka karenadi root padahal saya tidak pernah root tgl mei masih belum bisa dipakai sudah hapus dan install ulang hp juga tidak di root tolong diperbaiki,positif
Pengguna Google,1,05/08/2026 10:54,4.16.0,aplikasi semrawut dw se indonesia,negatif
Pengguna Google,1,05/08/2026 10:51,4.16.1,udah verifikasi email kok pake verivikasi nomor telepon segala ehh tuh verivikasi nomor telepon error mulu dah satu kali verivikasi dan itu berhasil ya udah gak usah pake dua kali mana yang satunya ribet bgt,negatif
Pengguna Google,1,05/08/2026 10:32,4.16.1,lawak otp gamasuk,negatif
Pengguna Google,5,05/08/2026 10:32,4.16.1,setiap mau buka aplikasi harus login lg,negatif
Pengguna Google,2,05/08/2026 10:24,4.16.1,lamaaaaa dapetin kode otp nyaa,negatif
Pengguna Google,5,05/08/2026 10:23,4.16.1,good,negatif
Pengguna Google,5,05/08/2026 10:22,4.16.1,sangat membantu,negatif
Pengguna Google,1,05/08/2026 10:22,4.16.1,aplikasi ngga guna aplikasi tidak untuk membantu malah mempersulit,negatif
Pengguna Google,5,05/08/2026 10:16,4.16.1,apk ini sangat sangat membantu saya,negatif
Pengguna Google,5,05/08/2026 10:16,4.16.1,dayeeeummmmm,negatif
Pengguna Google,5,05/08/2026 10:11,4.16.1,sangat membantu,negatif
Pengguna Google,1,05/08/2026 10:04,4.16.1,aneh mau daftar aja gabisa disuruh masukin nomor hp tapi pas kirim kode otp gamasuk masuk padahal nomor aktif,negatif
Pengguna Google,1,05/08/2026 9:51,4.16.1,suka error,negatif
Pengguna Google,1,05/08/2026 9:50,4.13.1,dikit update anjir,negatif
Pengguna Google,5,05/08/2026 9:50,4.16.1,lebih mudah,negatif
Pengguna Google,5,05/08/2026 9:46,4.16.1,keren,positif
Pengguna Google,5,05/08/2026 9:43,4.14.0,sangat menbantu,negatif
Pengguna Google,2,05/08/2026 9:36,4.16.1,makin jelek antrian poli gigi di batasin lebih baik antri manual saja,negatif
Pengguna Google,1,05/08/2026 9:34,4.15.0,terlalu sering harus diupdate padahal tdk ada bedanya,negatif
Pengguna Google,5,05/08/2026 9:20,4.16.1,bismillah,negatif
Pengguna Google,1,05/08/2026 9:20,4.16.1,masih ada bug saat rujukan ke rumah sakit melalui jkn antrean bermasalah tidak menunjukkan poli gigi penuh jumlah orang ama di layani tidak muncul tolong perbaiki,positif
Pengguna Google,2,05/08/2026 9:18,4.16.1,tak ada guna tak ada tanggungan dari pemerintah,negatif
Pengguna Google,5,05/08/2026 9:09,4.16.1,bagus,positif
Pengguna Google,1,05/08/2026 9:00,4.16.1,otp gak masuk masuk suu aplikasi sampah,negatif
Pengguna Google,3,05/08/2026 8:57,4.16.1,loginnya susah yaa padahal kemaren udah masuk udah daftar disuruh masuk ribetnya,negatif
Pengguna Google,5,05/08/2026 8:56,4.16.1,sangat membantu,negatif
Pengguna Google,1,05/08/2026 8:46,4.16.1,kirain ada aplikasi bikin gmpang tauny malah makin ribet doang verif telpon nunggu sejam aja kaga ngaruh,negatif
Pengguna Google,5,05/08/2026 8:45,4.16.1,top,positif
Pengguna Google,5,05/08/2026 8:38,4.16.1,jelek banget aplikasinya heh kalian yang buat aplikasi ini tolong lah jaman teknologi udah makin canggih tapi kenapa lemot banget demi ungger gak fast respon sih masa harus nungguin sms kode aja lama banget sama pas udah nunggu eh malah gak ke kirim sama ada tulisan bermasalah hadeh jelek banget deh tolong di perbaiki dong aplikasinya jelek bangettt,negatif
Pengguna Google,1,05/08/2026 8:30,4.15.0,mempersulit pasien daftar harus pakai jkn tapi caranya susah apalagi seperti saya lansia yang umurnya sudah thn,negatif
Pengguna Google,5,05/08/2026 8:29,4.16.1,mantap,positif
Pengguna Google,4,05/08/2026 8:19,4.16.1,terima kasih jkn karna telah membatu pengobatan saya di rs,negatif
Pengguna Google,2,05/08/2026 8:15,4.16.1,verifikasi wajah sangat sulit padahal sudah berulang x pindah nyari ketempat yg terbuka terang melongpong namun hasil tetap sama sungguh aneh,negatif
Pengguna Google,5,05/08/2026 8:13,4.16.1,keren jadi mempermudah mengganti faskes meskipun diluar daerah,positif
Pengguna Google,5,05/08/2026 8:09,4.16.1,sangat tertolong dan mudah,negatif
Pengguna Google,2,05/08/2026 8:04,4.14.0,bagus,positif
Pengguna Google,5,05/08/2026 8:04,4.16.1,ok,negatif
Pengguna Google,5,05/08/2026 8:02,4.16.1,good job application,negatif
Pengguna Google,2,05/08/2026 8:00,4.16.1,susah banget ini apk sudah dari verifikasi wajah susah otp malah jauh lebih susahh plislah kenapa sesusah ituuuu plis harus banget diperbaiki agar apk ini berfungsi sebagaimana mestinya,positif
Pengguna Google,5,05/08/2026 7:50,4.16.1,ok,negatif
Pengguna Google,1,05/08/2026 7:41,4.16.1,kok nomor verivikasi gaada sms ya udah ganti ganti kode ga muncul,negatif
Pengguna Google,5,05/08/2026 7:31,4.16.1,kode otp sms nya manaa woyyy lah,negatif
Pengguna Google,5,05/08/2026 7:29,4.16.1,baik,positif
Pengguna Google,5,05/08/2026 7:16,4.16.1,good,negatif
Pengguna Google,5,05/08/2026 7:06,4.15.0,ok,negatif
Pengguna Google,1,05/08/2026 6:55,4.16.1,ubah faskes gagal terus hampir bulan nyobain tiap minggu,negatif
Pengguna Google,5,05/08/2026 6:52,4.16.1,bagus,positif
Pengguna Google,5,05/08/2026 6:51,4.16.1,bagus mantap keren aplikasinya sangat membantu,positif
Pengguna Google,5,05/08/2026 6:49,4.16.1,sangat membantu saya dalam berobat ke rs,negatif
Pengguna Google,1,05/08/2026 6:48,4.16.1,sistem otp pesan ribet,negatif
Pengguna Google,5,05/08/2026 6:41,4.16.1,mantab,negatif
Pengguna Google,4,05/08/2026 6:39,4.16.1,ok,negatif
Pengguna Google,5,05/08/2026 6:30,4.16.1,sangat membatu,negatif
Pengguna Google,4,05/08/2026 6:14,4.16.1,sebegitu juga sudah nguyuhan keun,negatif
Pengguna Google,5,05/08/2026 6:09,4.16.1,terima kasih jkn perubahan yg mudah dan cepat serta tdk merepotkan,positif
Pengguna Google,3,05/08/2026 6:00,4.16.1,membatu sekali pada saat berobat,negatif
Pengguna Google,5,05/08/2026 5:59,4.16.1,perubahan data faskes mudah walaupun aktif nya butuh waktu,negatif
Pengguna Google,5,05/08/2026 5:54,4.16.1,sengaja kasih bintang dulu biar di baca tolong pembayaran adain qris lahh biar mudah,negatif
Pengguna Google,1,05/08/2026 5:46,4.16.1,sistemnya jelek ini dari servernya apa gimana otp nomor ga masuk mempersulit orang mau berobat harus pake ini sedangkan apk ini sistemnya jelek orang udah sakit malah di persulit coba benerin dulu kalo maksa pake ni apk,negatif
Pengguna Google,5,05/08/2026 5:42,4.14.0,mantap,positif
Pengguna Google,5,05/08/2026 5:39,4.16.1,sangat puas,positif
Pengguna Google,5,05/08/2026 5:37,4.16.1,mantapp,positif
Pengguna Google,5,05/08/2026 5:32,4.16.1,bagus,positif
Pengguna Google,1,05/08/2026 5:29,4.16.1,tidak bisa di instal,negatif
Pengguna Google,4,05/08/2026 5:25,4.16.1,lumayan,negatif
Pengguna Google,4,05/08/2026 5:25,4.16.1,aplikasi mempermudah tp knp sering eror,negatif
Pengguna Google,5,05/08/2026 5:21,4.16.1,pelayanan semua bagus baik tempat rapi bersih,positif
Pengguna Google,1,05/08/2026 5:16,4.16.1,mau daftar app ngebug kirim kode otp via sms tapi tidak ada sms samasekali saran otp kirim ke wa atau email saja,negatif
Pengguna Google,2,05/08/2026 4:37,4.16.1,mau daftar rujukan online susah banget gagal server rs mulu tapi kalo kita langsung ke rs nya tetep harus online gimana sih ini app nya mana kalo rujukan sehari sebelum harus daftara ga bisa jauh hari hari sblm hari h tuh ga bisa ke rs nya mana d jutekin pula ma bagian cs nya mo kontrol berobat aja dibikin susah kalo yg sekarat keburu mati dah,negatif
Pengguna Google,1,05/08/2026 4:36,4.16.1,otp g masuk anjg udh skarat gw,negatif
Pengguna Google,5,05/08/2026 4:33,4.16.1,karena lebih mempermudah proses untuk kontrol,negatif
Pengguna Google,5,05/08/2026 4:31,4.16.1,mantap,positif
Pengguna Google,5,05/08/2026 4:25,4.16.1,mantap,positif
Pengguna Google,4,05/08/2026 4:24,4.16.1,good apps,negatif
Pengguna Google,5,05/08/2026 4:21,4.16.1,bagus tpi terlalu sering update,positif
Pengguna Google,5,05/08/2026 4:13,4.16.1,sangat membantu lebih di tingkatkan lagi pelayanannya,negatif
Pengguna Google,5,05/08/2026 4:05,4.16.1,sangat membantu seneng baik,positif
Pengguna Google,5,05/08/2026 4:03,4.16.1,lebih mudah,negatif
Pengguna Google,5,05/08/2026 4:01,4.16.1,cukup baik,positif
Pengguna Google,3,05/08/2026 3:49,4.16.1,apk nya buruk masuk verifikasinya susah pake no hp juga gk muncul ngapain dibuat kalo emng layanan apk nya buruk buang buang waktu jadinya,negatif
Pengguna Google,5,05/08/2026 3:49,4.16.1,sangat membantu,negatif
Pengguna Google,5,05/08/2026 3:48,4.16.1,bagus,positif
Pengguna Google,5,05/08/2026 3:48,4.16.1,moga bisa di pake trus,negatif
Pengguna Google,5,05/08/2026 3:47,4.16.1,aplikasi sialan nyusahin orang miskin,negatif
Pengguna Google,1,05/08/2026 3:47,4.16.1,ribet dan susah buangettt sih kalau verivikasi wajah mau pindah faskes aja kok verivikasi wajahnya susah banget,negatif
Pengguna Google,5,05/08/2026 3:44,4.16.1,bagus,positif
Pengguna Google,2,05/08/2026 3:36,4.16.1,sering logout sering gangguan mohon diperbaiki lagi,positif
Pengguna Google,5,05/08/2026 3:33,4.16.1,good,negatif
Pengguna Google,5,05/08/2026 3:30,4.14.0,sangat membantu sekali,negatif
Pengguna Google,4,05/08/2026 3:26,4.16.1,verifikasi wajah masih ribet tolong perbaiki biar simpel cepat,positif
Pengguna Google,4,05/08/2026 3:26,4.16.1,good,negatif
Pengguna Google,5,05/08/2026 3:26,4.16.1,sangat membantu sekaliih,negatif
Pengguna Google,1,05/08/2026 3:24,4.16.1,verifikasi sms tidak muncul muncul kacau,negatif
Pengguna Google,5,05/08/2026 3:22,4.16.1,cepat dan tepat pelayanan oke trims jkn kesehatan yg sangat membantu saya,positif
Pengguna Google,5,05/08/2026 3:20,4.16.1,mudah dan praktis,negatif
Pengguna Google,5,05/08/2026 3:12,4.16.1,bpjs terbaik membantu masyarakat,positif
Pengguna Google,1,05/08/2026 3:10,4.16.1,digitalisasi itu untuk mempermudah pasien makannya adanya app ini di buat buat apa punya aplikasi tapi masih mempersulit pengurusan berkas pasien secara offline app rusak,negatif
Pengguna Google,5,05/08/2026 3:10,4.16.1,akurat,negatif
Pengguna Google,5,05/08/2026 3:02,4.16.1,sangat bagus,positif
Pengguna Google,1,05/08/2026 2:58,4.9.0,login kok tiap bulan kayaknya pemerintah ndak iklas nih,negatif
Pengguna Google,5,05/08/2026 2:57,4.14.0,bpjs sangat membantu,negatif
Pengguna Google,5,05/08/2026 2:56,4.16.1,memuaskan sekali,positif
Pengguna Google,5,05/08/2026 2:47,4.16.1,bagus,positif
Pengguna Google,1,05/08/2026 2:36,4.16.1,aplikasi sampah ribet susah di lupa password,negatif
Pengguna Google,1,05/08/2026 2:29,4.16.1,jelek bgt ini apk nya sering ngaco perubahan data peserta ga bs di edit sering error parahhh kebanyakan korupsi sih,negatif
Pengguna Google,5,05/08/2026 2:28,4.14.0,mobil jkn memang ok,negatif
Pengguna Google,1,05/08/2026 2:21,4.16.1,verivikasi otp melalui nomor hp tidak di kirim kirim gi mana mau login ini kerjanya yg bener lah buruk amat pelayanan,negatif
Pengguna Google,5,05/08/2026 2:20,4.15.0,sangat baik,positif
Pengguna Google,1,05/08/2026 2:19,4.16.0,kenapa update aplikasi sepertinya makan penyimpanan lebih besar kan kasihan kalo hp nya masih jadul kayak punyaku masih harus hapus beberapa aplikasi pdahal aplikasi lainnya itu juga penting,negatif
Pengguna Google,1,05/08/2026 2:15,4.16.0,mempersulit org sakit nga guna,negatif
Pengguna Google,5,05/08/2026 2:07,4.16.1,terima kasih bpjs kesehatan ri,negatif
Pengguna Google,5,05/08/2026 2:04,4.16.1,sangat baik sangat membantu sekali semua pelayanan dan informasinya,positif
Pengguna Google,5,05/08/2026 2:01,4.16.1,nih di bintang biar kebaca tolong lah dibenerin aplikasinya jangan dikit login dikit ganti pin sampah banget nyusahin orang mau pake aplikasinya,negatif
Pengguna Google,5,05/08/2026 2:01,4.16.1,kadang kalo ap nya hari gk di buka haru masuk lgi ngisi no identitas,negatif
Pengguna Google,5,05/08/2026 1:57,4.16.1,bagus,positif
Pengguna Google,1,05/08/2026 1:55,4.14.0,server lemot sekali mau daftar nunggu otp seharian gk ada masuk,negatif
Pengguna Google,1,05/08/2026 1:51,4.16.1,aplikasinya terlalu simpel bagi orang gila,negatif
Pengguna Google,5,05/08/2026 1:47,4.16.1,ini apl penting tolong jgn lola hrsnya sat set,negatif
Pengguna Google,1,05/08/2026 1:47,4.16.1,apps pemerintah tapi ko rusak,negatif
Pengguna Google,1,05/08/2026 1:45,4.16.1,sering log out sendiri sementara mau masuk lagi susah masukin nik katanya niknya salah gak kebayang kl orang yg sakitnya harus login seperti ini,negatif
Pengguna Google,5,05/08/2026 1:43,4.16.1,sangat baik,positif
Pengguna Google,1,05/08/2026 1:40,4.16.1,shameonyou jumat mei pukul wib gangguan parah tidak bisa akses faskes termasuk untuk sekedar check in di lokasi faskes baik dari aplikasi mobile maupun petugas rs tidak bisa mengakses ini terjadi secara nasional hebat bener untuk aplikasi yang menjadi tulang punggung layanan shame on you karena menyulitkan pasien,positif
Pengguna Google,1,05/08/2026 1:37,4.16.1,udh di update malah aplikasi gk bisa digunakan gak gunaa sekali,negatif
Pengguna Google,1,05/08/2026 1:36,4.16.1,ribet padahal udah terdaftar disuruh masuk lagi tapi ga bisa aplikasi ribet aplikasi sampah,negatif
Pengguna Google,1,05/08/2026 1:34,4.16.1,lemot jng,negatif
Pengguna Google,1,05/08/2026 1:29,4.16.1,aplikasi sering error sehingga tidak membantu sama sekali khususny saat ambil no antrian,negatif
Pengguna Google,5,05/08/2026 1:29,4.16.1,harus banyak perbaikan,positif
Pengguna Google,1,05/08/2026 1:28,4.14.0,aplikasi sering eror terus,negatif
Pengguna Google,2,05/08/2026 1:28,4.16.1,setelah di update nggak bisa buat daft,negatif
Pengguna Google,1,05/08/2026 1:26,4.16.1,ga usah banyak menu kalo menu yg paling penting yaitu daftar antrian pasien online saja eror terus,negatif
Pengguna Google,1,05/08/2026 1:25,4.16.1,aplikasi telek mau daftar tapi saat isi no hp dan email kolom nya malah nggak bisa buat diisi,negatif
Pengguna Google,5,05/08/2026 1:24,4.16.1,mantap,positif
Pengguna Google,1,05/08/2026 1:22,4.16.1,sering terjadi error saat melihat antrean,negatif
Pengguna Google,3,05/08/2026 1:17,4.16.1,gimana mau ningkatin pelayanan kesehatan masyarakat kalo pas di buka sering eror kuota ada pake wifi sama terdeteksi offline tolong perbaiki,positif
Pengguna Google,1,05/08/2026 1:16,4.16.1,untuk developer pengembang ini apknya error mlu dimohon segera diperbaiki ya kalau udah diperbaiki saya ubah rating penilaian apknya ditunggu,negatif
Pengguna Google,4,05/08/2026 1:15,4.14.0,dengan adanya aplikasi ini saya menjadi mudah untuk mendaftar tidak harus menunggu lama mengantre,negatif
Pengguna Google,5,05/08/2026 1:15,4.15.0,bagus,positif
Pengguna Google,1,05/08/2026 1:14,4.16.1,sy ga bs daftar dokter d aplikasi mobile jkn tulisan offline ada apa,negatif
Pengguna Google,1,05/08/2026 1:12,4.16.1,aplikasinya error mulu aplikasi ga jelas niatnya ingin mempermudah malah jd mempersulit orang lain tolong lah dibenahi masa iya gangguan mulu servernya,negatif
Pengguna Google,1,05/08/2026 1:09,4.16.1,aplikasi ter gak jelas,negatif
Pengguna Google,1,05/08/2026 1:07,4.16.1,ga bisa bisa login,negatif
Pengguna Google,2,05/08/2026 1:07,4.16.1,kok diperbarui jadi lelet gini susah mau daftar rujukan juga,negatif
Pengguna Google,5,05/08/2026 1:06,4.16.1,terima kasih telah memudahkan urusan kesehatan,negatif
Pengguna Google,5,05/08/2026 1:06,4.16.1,aplikasi apanih sok sokan pake aplikasi server gak kuat cokk,negatif
Pengguna Google,1,05/08/2026 1:06,4.16.1,sudah daftar lewat online malah di puskesmas aplikasi tdk dapat diakses,negatif
Pengguna Google,5,05/08/2026 1:04,4.16.1,aplikasinya rusak apa gimana sih ini gua mao berobat lanjutan mau ambil antrian aja susah tolong lah perbaiki ini kan faskes kalo lagi di pakek dadakan gimana kalo aplikasi susah begini,negatif
Pengguna Google,1,05/08/2026 1:01,4.16.1,aplikasi jembot di perbarui malah gak bisa buat ambil antrian tingkat lanjut,negatif
Pengguna Google,3,05/08/2026 0:59,4.16.1,woy buruan perbaikin error gk bisa check in,negatif
Pengguna Google,1,05/08/2026 0:57,4.16.1,mestinya dibuat jkn mobile versi lite jadi kita yg hp spek rendah bisa memanfaatkannya atau setidaknya versi lama pun masih bisa digunakan atau pihak bpjs memberi kita setiap kk satu hp baru buat mudah pelayanannya,negatif
Pengguna Google,5,05/08/2026 0:53,4.16.1,bagus,positif
Pengguna Google,1,05/08/2026 0:51,4.16.1,aneh masa nggk bisa di screenshot,negatif
Pengguna Google,4,05/08/2026 0:50,4.16.1,daftar antrian online harus skrining kesehatan skrining gak bisa dibuka error terus jawabannya padahal besuk harus digunakan ribet sekarang mah,negatif
Pengguna Google,5,05/08/2026 0:46,4.16.1,kenapa sistem check innya tidak bisa di apknya langsung aja dengan verifikasi foto yang ada tag lokasinya sistem check in di rs sering eror niatnya dapat nomer awal biar cepat eh malah antri dulu lama,negatif
Pengguna Google,1,05/08/2026 0:46,4.16.1,minta di updaet tpi gak bisa ginih amat apk nya hahaba,negatif
Pengguna Google,1,05/08/2026 0:46,4.16.1,mau skrining kesehatan dan periksa sulit banget lewat apk nya,negatif
Pengguna Google,2,05/08/2026 0:45,4.16.1,asli jkn sering eror banget sekrang daftar online aja susah banget,positif
Pengguna Google,4,05/08/2026 0:44,4.16.1,kenapa saya tidak bisa mendaptar onlineya,negatif
Pengguna Google,5,05/08/2026 0:43,4.16.1,nyusahin kemarin udah daftar tinggal verifikasi pas kemarin mau verifikasi nomer jadi ganti pas mau verifikasi pakai muka gagal mulu semoga hidupnya dipermudah buat orang orang yang menyusahkan oranglain,negatif
Pengguna Google,5,05/08/2026 0:28,4.15.0,bagus praktis,positif
Pengguna Google,5,05/08/2026 0:26,4.15.0,sangat puas,positif
Pengguna Google,5,05/08/2026 0:26,4.16.1,sangat membantu,negatif
Pengguna Google,1,05/08/2026 0:26,4.16.1,giliran sudah di update malah buat cek kepertaan gak bisa terus padahal sinyal bagus perbaikki lagi dong sistemnya,positif
Pengguna Google,1,05/08/2026 0:25,4.16.1,sangat sangat ribet sekali mau berobat harus skrining terus pas mau buka skrining eror kan ribet jadi mau berobat juga susah ambil antrean hah,negatif
Pengguna Google,5,05/08/2026 0:24,4.16.1,gak bisa di donwlod,negatif
Pengguna Google,2,05/08/2026 0:22,4.16.1,tolong bagian skrining nya dibenerin masa saya mau periksa disuruh skrining dulu tapi bagian skrining gk bisa dibuka tulisan web error,negatif
Pengguna Google,5,05/08/2026 0:20,4.16.1,sangat membantu sekali,negatif
Pengguna Google,5,05/08/2026 0:08,4.16.1,kalo pagi digunakan banyak error nya,negatif
Pengguna Google,5,05/08/2026 0:01,4.16.1,ok,negatif
Pengguna Google,5,05/08/2026 0:01,4.15.0,bagus,positif
Pengguna Google,1,05/07/2026 23:58,4.16.1,ya ampun aplikasi nya nyusahin bener deh gaperna sampe ngerating apk tapi yg ini bener jelek tolong perbaiki kualitas apknya ya pak bu setiap mau daftar kontrol bapa apknya harus login ulang udah gitu selalu muncul kalimat coba lagi setiap mau ambil antrean deuh,negatif
Pengguna Google,1,05/07/2026 23:53,4.16.1,burukkkkkkk oiiiii dengarrr keluh kesahhh kamii dong bisa bikin apk ngaa sihhh napa selalu ngelekkk dan ngebugggg ni apk kocakkk betulin dulu napaaa mau berobat susahh bett plerrr,negatif
Pengguna Google,1,05/07/2026 23:52,4.16.1,nyusahin malah bukan permudah mau kontrol aja repot banget daftar otp sms gagal mulu aneh pulsa ada sinyal kuat perbaiki,positif
Pengguna Google,1,05/07/2026 23:48,4.16.1,update malah gak bisa masuk,negatif
Pengguna Google,1,05/07/2026 23:47,4.16.1,susah di download nya bikin pusing padahal nanti mau di pakai appnya,negatif
Pengguna Google,5,05/07/2026 23:47,4.16.1,tak kasih bintang biar di baca udah daftar dari hari lalu ngak di kirim nomer otpnya,negatif
Pengguna Google,4,05/07/2026 23:46,4.16.1,sebenernya mobile jkn ini manfaatnya apa d buka g bisa mau masuk akses g bisa trus mau nya apa d tinggal bebrapa bulan tiba lock out sendiri,negatif
Pengguna Google,1,05/07/2026 23:42,4.16.1,ngebug gabisa masuk saat mau skrining kesehatan aplikasi bapuk,negatif
Pengguna Google,1,05/07/2026 23:40,4.16.1,mau ambil antrian malah antrian sudah habis padahal tertera masih antriannya blm ada orang,negatif
Pengguna Google,1,05/07/2026 23:36,4.16.1,ribet akunnya tbtb keluar harus konfirmasi no tlp tpi ga bsa sistemnya jelek bgtttt apalagi buat akun kesehatan bukannya mempermudah tpi mempersulit orang sakit,negatif
Pengguna Google,5,05/07/2026 23:33,4.16.1,sering uptudi,negatif
Pengguna Google,2,05/07/2026 23:26,4.16.1,apasih nge bug ini aplikasi udah dari seminggu lalu mau ngambil antrean tapi harus verifikasi nomor telpon pas di verifikasi kagak bisa cuman tulisan pilih salah satu metode verivikasi di bawah ini apa yang mau dipilih nggak ada pilihan verifikasinya akhirnya harus ambil antrean manual nih aplikasi bukannya mempermudah tapi ini mah kagak sama aja,negatif
Pengguna Google,1,05/07/2026 23:15,4.16.1,mentang mentang gratis mau daftar aja ribet banget paan si,negatif
Pengguna Google,5,05/07/2026 23:14,4.16.1,sangat membantu sekali,negatif
Pengguna Google,5,05/07/2026 23:13,4.16.1,nice,negatif
Pengguna Google,1,05/07/2026 23:00,4.16.1,aplikasi pemerintah kok ampas lupa sandi ribet banget kalo ada nilai setengah bintang ku kasih setengah bintang gangguan terus it nya makan gaji buta,negatif
Pengguna Google,5,05/07/2026 22:55,4.16.1,bagus,positif
Pengguna Google,5,05/07/2026 22:21,4.5.0,sangat baik buat saya,positif
Pengguna Google,5,05/07/2026 22:13,4.15.0,cepat ramah,positif
Pengguna Google,5,05/07/2026 21:37,4.16.1,pelayanan baik,positif
Pengguna Google,1,05/07/2026 21:10,4.16.1,mau masuk nomor nik sudah sesuai password sesuai captca sesuai tetep gagal katanya nik salah,positif
Pengguna Google,5,05/07/2026 20:59,4.15.0,sangat membantu masyarakat dan mempermudah pelayanan,negatif
Pengguna Google,5,05/07/2026 20:33,4.16.0,bagus lah membatu kita untuk berobat jdi egak harus ngambil antrian lagi s karang mah tinggal daftar di aplikasi selesai,positif
Pengguna Google,2,05/07/2026 19:13,4.16.1,verifikasi nomor hp nungguinnya lama gak masuk kalo verifikasi gmail cepat kali masuknya gak bisa login juga bukan mempermudah ini nama mempersulit,negatif
Pengguna Google,5,05/07/2026 19:05,4.16.1,gampang banget klw mau ambil antrian jadi gk nunggu lama di kliniknya,negatif
Pengguna Google,2,05/07/2026 18:16,4.16.1,apk nya makin ga jelas selalu ga bisa ambil antrian gangguan melulu setiap hari,negatif
Pengguna Google,5,05/07/2026 18:10,4.16.1,masuk ke akunya cepat sekarang dan bisa langsung,positif
Pengguna Google,5,05/07/2026 17:39,4.16.1,mudah akses pendaftafan,negatif
Pengguna Google,1,05/07/2026 17:30,4.16.1,ini aplikasi apaan sih sering banget logout sendiri dan giliran mau login ga bisa bisa dan ganti password juga ga bisa ga masuk sms dan email code nya urgent untuk orang sakit loh ini bisa juga taruhanya nyawa,negatif
Pengguna Google,5,05/07/2026 17:22,4.16.1,bagus pelayanannya,positif
Pengguna Google,1,05/07/2026 16:43,4.16.1,daftar telah berhasil tapi tidak bisa login,negatif
Pengguna Google,1,05/07/2026 16:42,4.16.1,mau ubah segmen peserta harus kluarga nying ribet,negatif
Pengguna Google,5,05/07/2026 16:33,4.16.1,sangat puas dengan pelayanan bpjs mobile saat ini,positif
Pengguna Google,5,05/07/2026 16:19,4.16.1,mantap,positif
Pengguna Google,1,05/07/2026 16:06,4.16.1,tolong diperbaiki verifikasi nomor handphone kan tidak perlu sms cukup kirim via whatsapp karena gak semua orang punya pulsa menyusahkan tolong it nya kerja dong setiap aplikasi yang punya pemerintah kok pasti ribet,positif
Pengguna Google,5,05/07/2026 15:33,4.16.1,ok,negatif
Pengguna Google,5,05/07/2026 15:20,4.16.1,mudah,negatif
Pengguna Google,5,05/07/2026 15:12,4.16.1,sangat bermanfaat,negatif
Pengguna Google,5,05/07/2026 14:57,4.16.1,memudahkan,negatif
Pengguna Google,5,05/07/2026 14:42,4.16.1,mobil jkn sangat membantu,negatif
Pengguna Google,5,05/07/2026 14:39,4.16.1,sangat membantu,negatif
Pengguna Google,4,05/07/2026 14:39,4.16.1,ribet pendaftaran hapus fitur senyum lah masa harus senyum oranga yang udah keriput susah daftarinnya buat fitur senyum itu kalo tengok kanan kiri kedip masih mending ini gitu senyum pas mau pendaftaran tolong hilangin lah,negatif
Pengguna Google,5,05/07/2026 14:23,4.16.1,sangat mudah,negatif
Pengguna Google,1,05/07/2026 14:18,4.16.1,aplikasi konyol suruh daftar udah input nomor hp suruh verivikasi ngga dikasih kode otpnya gimana mau bikin ngotak dong bkin aplikasi gajelas lawak kalo emang g becus g usah dibikin g usah dipersulit urusan yang tadinya mudah malah dibikin sulit,negatif
Pengguna Google,1,05/07/2026 14:11,4.13.1,harus diupdate bru bisa trbuka mana memory hp sisa sdkit,negatif
Pengguna Google,5,05/07/2026 14:10,4.16.1,bagus,positif
Pengguna Google,1,05/07/2026 14:08,4.16.1,susah akses mobile jkn,negatif
Pengguna Google,1,05/07/2026 14:05,4.16.1,setelah update siztem hp malah gak bisa buka apk katanya alasan keamanan karena hp di root padahal sama sekali gak root hp,positif
Pengguna Google,5,05/07/2026 14:04,4.16.1,bisa membantu tanpa harus ke kantor bpjs,negatif
Pengguna Google,4,05/07/2026 14:04,4.16.1,sangat membantu,negatif
Pengguna Google,5,05/07/2026 14:02,4.16.1,mantap gampang,positif
Pengguna Google,1,05/07/2026 13:58,4.16.1,aplikasi selalu error dan tidak bisa melakukan reservasi,negatif
Pengguna Google,1,05/07/2026 13:56,4.16.1,aplikasi belibet mau daftar aplikasinya aja susah banget sempe sekarang ga bisa kode verivikasinya ga dikirim kirim lagi,negatif
Pengguna Google,1,05/07/2026 13:52,4.16.1,aplikasi jelek mau daftar aja ribet susah udah mau verifikasi muka tapi gagal terus ga jelas,negatif
Pengguna Google,1,05/07/2026 13:47,4.16.1,ketika download kartu malah terkirim ke email y tidak saya kenal bukan email y terdaftar di jkn mobile,negatif
Pengguna Google,1,05/07/2026 13:32,4.16.1,aplikasi error udah masu kan nik x dibilang salah terus,negatif
Pengguna Google,2,05/07/2026 13:19,4.16.1,aplikasinya susah banget untuk verifikasi wajah,negatif
Pengguna Google,1,05/07/2026 13:00,4.16.0,ribet nyusahin bukannya nolongin malah bikin pusing masa tiap update langsung gabisa buka aplikasi wajib update dulu mana langsung di logout akunnya harusnya kasih keringanan takutnya ada orang yg lagi butuh bgt kepepet kaya saya biar bisa buka aplikasi nya dulu jgn tiba tiba gabisa di buka di logout dan wajib di update dulu harus ngerasain jadi orang susah dong,negatif
Pengguna Google,5,05/07/2026 12:59,4.16.1,sangat membantu,negatif
Pengguna Google,1,05/07/2026 12:58,4.16.1,aplikasi paling ribet verifikasi wajah gagal terus padahal udah di tempat terang dan jelas orang mau berobat malah dibikin ribet,negatif
Pengguna Google,1,05/07/2026 12:46,4.16.1,tidak lancar burik kacaubalau,positif
Pengguna Google,5,05/07/2026 12:42,4.16.1,cukup baik untuk pindah faskes,positif
Pengguna Google,5,05/07/2026 12:41,4.16.1,bagus,positif
Pengguna Google,5,05/07/2026 12:33,4.16.1,susah masuknya,negatif
Pengguna Google,5,05/07/2026 12:31,4.16.1,sangat bermanfaat dan mudah di pakai,negatif
Pengguna Google,5,05/07/2026 12:23,4.16.1,sangat puwas layanan yah,negatif
Pengguna Google,5,05/07/2026 12:21,4.16.1,mudah di gunakan dan informasinya lengkap,negatif
Pengguna Google,5,05/07/2026 12:14,4.16.1,bagus,positif
Pengguna Google,1,05/07/2026 12:02,4.16.1,aplikasi ribet bukanya membantu malah bikin pusing,negatif
Pengguna Google,5,05/07/2026 12:00,4.16.1,bagus,positif
Pengguna Google,5,05/07/2026 11:59,4.16.1,memudahkan pindah faskes terimakasih jkn,negatif
Pengguna Google,1,05/07/2026 11:59,4.16.1,aplikasi konthol,negatif
Pengguna Google,4,05/07/2026 11:57,4.16.1,agak lemot kadang,negatif
Pengguna Google,5,05/07/2026 11:54,4.16.1,ok,negatif
Pengguna Google,5,05/07/2026 11:47,4.16.1,fasilitasnya sangat membantu dan memudahkan pengguna,negatif
Pengguna Google,5,05/07/2026 11:47,4.16.1,bagus banget,positif
Pengguna Google,5,05/07/2026 11:42,4.16.1,terimakasih,negatif
Pengguna Google,1,05/07/2026 11:33,4.16.1,aplikasi terjelek sepanjang sejarah ri setiap pasien di minta daftar di aplikasi jkn tapi di pakai di beda device gak bisa harus device sekarang hampir rata rata sdh punya device masing masing dan tidak semua orang harus mengantar pasien contohnya anak sakit yang mengantar ibunya sedang aplikasi jkn punya device bapaknya apa mungkin si bapak harus tukeran device sama ibu sekarang orang kerja sdh banyak menggunakan perangkat hp seperti gojek dll tolong admin perbaiki layanan,negatif
Pengguna Google,5,05/07/2026 11:31,4.16.1,membantu,negatif
Pengguna Google,1,05/07/2026 11:25,4.16.1,aplikasi ga jelas udah verifikasi sms verifikasi email masih harus verif wajah giliran ngirim otp sms minta harus ada pulsa udah gitu nunggu lama banget verifikasi wajah belum apa apa udah gagal sensitif banget kocak itu backendnya tolong diperbaiki lagi,negatif
Pengguna Google,5,05/07/2026 11:25,4.16.1,semakin mudah di gunakan dan simpel,negatif
Pengguna Google,1,05/07/2026 11:22,4.16.1,asal update login lagi selalu pasword salah kalau belum sempurna jangan d paksa untuk update kalau gini kan ka repot kami juga pasa pengguna,negatif
Pengguna Google,5,05/07/2026 11:17,4.16.1,sangat membantu,negatif
Pengguna Google,1,05/07/2026 11:12,4.16.1,apk ga jelas mau daftar aja sulit apa salah nya di bagusin kalo bagus kan makin banyak yg minat pasang aplikasinya mau berobat pun susah harus pula pakai aplikasi yg ga guna kesel,positif
Pengguna Google,1,05/07/2026 11:02,4.16.1,kenapa gak bisa daftar yaaa masa nunngu kode otp sms aja gak bisa gangguan terus,negatif
Pengguna Google,5,05/07/2026 10:44,4.16.1,minta di update tapi setelah di update login susah terus apa gunanya di update piye min,negatif
Pengguna Google,5,05/07/2026 10:41,4.16.1,manta luuurr biasa,negatif
Pengguna Google,5,05/07/2026 10:39,4.16.1,sangat bagus,positif
Pengguna Google,5,05/07/2026 10:39,4.16.1,sangat memudahkan,negatif
Pengguna Google,1,05/07/2026 10:38,4.16.1,tolong aplikasinya diperbaiki terlalu banyak hal minusnya dibanding positifnya positifnya kalau mau pindah faskes tidak perlu antri bisa melalui app ini kita juga bisa lihat riwayat pemeriksaan dan diagnosanya cuman minusnya banyak lama engga dibuka auto log out dan harus mulai log in kembali dnegan nik face dll setiap dibuka minta di update terus kalau dienpcey batal update malahkeluar dari app tapi pas sudah di update tetep aja tulisan update itu muncul terus dan lemot,negatif
Pengguna Google,1,05/07/2026 10:37,4.16.1,susah menerima kode otp,negatif
Pengguna Google,1,05/07/2026 10:36,4.16.1,mau daftar ribet tiap buka harus login ulang,negatif
Pengguna Google,5,05/07/2026 10:12,4.14.0,emg ada apk milik pemerintah yg bener berkualitas,positif
Pengguna Google,5,05/07/2026 9:59,4.16.1,mantap,positif
Pengguna Google,5,05/07/2026 9:59,4.16.1,sangat mempermudah,negatif
Pengguna Google,1,05/07/2026 9:51,4.16.1,aplikasi jelek banget verivikasi wajah g pernah lolos g tau lagi gmn cara nya apk g jelas,negatif
Pengguna Google,5,05/07/2026 9:47,4.16.1,lebih mudah jika mau kontrol,negatif
Pengguna Google,5,05/07/2026 9:46,4.16.1,bagus,positif
Pengguna Google,1,05/07/2026 9:45,4.16.1,sesudah di update malah gak bisa login ampun ni aplikasi,negatif
Pengguna Google,5,05/07/2026 9:21,4.16.0,bagussss daftar online jadi gampang,positif
Pengguna Google,4,05/07/2026 9:20,4.16.1,sangat membantu buat masyarakat menengah kebawah,negatif
Pengguna Google,1,05/07/2026 9:19,4.16.1,mau verifikasi lewat sms aja susah,negatif
Pengguna Google,5,05/07/2026 9:18,4.16.1,pelayanan bagus maju indonesia ku,positif
Pengguna Google,5,05/07/2026 9:11,4.16.1,cepat dan mudah sangat membantu,positif
Pengguna Google,5,05/07/2026 9:11,4.16.1,sangat membantu,negatif
Pengguna Google,1,05/07/2026 9:08,4.16.1,buruk verifikasi no hp kode tidak pernah masuk,negatif
Pengguna Google,5,05/07/2026 8:56,4.16.1,bagus,positif
Pengguna Google,5,05/07/2026 8:35,4.16.1,sangat membantu,negatif
Pengguna Google,1,05/07/2026 8:34,4.16.1,daftar tidak terima kode otp,negatif
Pengguna Google,5,05/07/2026 8:27,4.16.1,sangat baik,positif
Pengguna Google,1,05/07/2026 8:24,4.16.1,pendaftaran harus online kuota pendfatrn sangat sedikit bikin ribet makin amburadul,negatif
Pengguna Google,5,05/07/2026 8:17,4.8.1,ukuran aplikasi terlalu besar susah di update,negatif
Pengguna Google,5,05/07/2026 7:56,4.16.1,sengaja kasih bintang biar di baca masyarakat sms otp harus bayar anda sehat uang otp di kumpulin bisa jadi banyak hal ini kejanggalan saya sudah kirimkan surat ke dpr krn ini sgt tidak masuk akal,negatif
Pengguna Google,5,05/07/2026 7:55,4.16.1,pelayanan ramah dan sangat cepat mantap,positif
Pengguna Google,5,05/07/2026 7:43,4.16.0,aduh gimana nih ga bisa instal kebanyakan peraturan nih jkn ganti versi lagi ga bisa donlot susah,negatif
Pengguna Google,1,05/07/2026 7:41,4.16.1,aplikasi sama sistemnya jelek ribet banget,negatif
Pengguna Google,1,05/07/2026 7:30,4.16.1,apk broken waktu ubah kata sandi nomor yg udh ter verifikasi tercantum mau nerima code nomor udah benar mirip malah salah apk kocak lawak,positif
Pengguna Google,1,05/07/2026 7:29,4.16.1,ga jelas,negatif
Pengguna Google,5,05/07/2026 7:26,4.16.1,baik,positif
Pengguna Google,5,05/07/2026 7:20,4.16.1,saya udah bikin pembaharuan data untuk alamat saya lewat mobile jkn tapi kok alamat yang tertera digambaran kartunya masih belum berganti ya,negatif
Pengguna Google,5,05/07/2026 7:12,4.14.0,sama kasih bintang biar kebaca karna tiba tidak bisa login,negatif
Pengguna Google,5,05/07/2026 7:11,4.16.1,sangat membantu,negatif
Pengguna Google,5,05/07/2026 6:52,4.16.1,good,negatif
Pengguna Google,5,05/07/2026 6:47,4.14.0,ok banget,negatif
Pengguna Google,5,05/07/2026 6:44,4.15.0,bagu bnget,negatif
Pengguna Google,5,05/07/2026 6:33,4.16.1,min kenapa gak bisa ambil nomor antrian di faskes rujukan tingkat lanjut padahal ada jadwal kunjungan kembali bulan depan,negatif
Pengguna Google,5,05/07/2026 6:18,4.16.1,apk rusak ribet oon,negatif
Pengguna Google,5,05/07/2026 6:10,4.16.1,mantap aplikasi nya,positif
Pengguna Google,4,05/07/2026 5:57,4.16.1,ok,negatif
Pengguna Google,5,05/07/2026 5:54,4.15.0,sangat bermaanfaat,negatif
Pengguna Google,5,05/07/2026 5:52,4.16.1,respon cepat,positif
Pengguna Google,3,05/07/2026 5:46,4.16.1,ini mau daftar poli harus isi nomer hp tp pas mau ubah data gabisa tolong dong segera perbaiki,positif
Pengguna Google,1,05/07/2026 5:45,4.16.1,bayar mulu padahal kita ngga sakit harusnya bayarnya nanti pas sakit ngga usah di tagih ini bukan hutang kalian yang berhutang ke semua orang enak amat ya aplikasi ini tiap bulan nerima pajak hasil keringat orang padahal mereka belum tentu sakit,negatif
Pengguna Google,1,05/07/2026 5:44,4.16.1,ribet banget rumit registrasi nya,negatif
Pengguna Google,5,05/07/2026 5:36,4.16.1,sangat membantu,negatif
Pengguna Google,5,05/07/2026 5:29,4.16.1,sangat bagus sekali,positif
Pengguna Google,1,05/07/2026 5:26,4.16.1,apk gila,negatif
Pengguna Google,5,05/07/2026 5:21,4.16.1,aplikasinya mudah digunakan,negatif
Pengguna Google,5,05/07/2026 5:21,4.16.1,top best,positif
Pengguna Google,5,05/07/2026 5:17,4.16.1,banyak kemudahan dengan aplikasi ini terimakasih semua nyan,negatif
Pengguna Google,5,05/07/2026 5:14,4.16.1,layanan ini memudahkan orang kecil,negatif
Pengguna Google,5,05/07/2026 5:11,4.16.1,sangat membantu,negatif
Pengguna Google,1,05/07/2026 5:11,4.16.1,aplikasi bikin sakit,negatif
Pengguna Google,1,05/07/2026 5:09,4.16.1,kalo bisa kali mungkin itu rate untuk apk ini nomor telepon sudah benar tapi sms gak masuk masuk,negatif
Pengguna Google,5,05/07/2026 5:04,4.16.1,super mantap serba bermanpaat,positif
Pengguna Google,5,05/07/2026 5:01,4.16.1,mantaaaappp,negatif
Pengguna Google,5,05/07/2026 4:55,4.16.1,lumayan membantu,negatif
Pengguna Google,5,05/07/2026 4:52,4.16.1,sangat membantu,negatif
Pengguna Google,1,05/07/2026 4:40,4.16.1,buat pelayanan masyarakat ae kalah sama aplikasi swasta kode otp belum masuk,negatif
Pengguna Google,5,05/07/2026 4:31,4.16.1,sangat membantu,negatif
Pengguna Google,5,05/07/2026 4:25,4.16.1,sengaja kasih bintang biar di baca jgn pernah isi kode otp saya kecewa saya marah besar krn sms konfirmasi harus bayar tolong perbaiki anda pemerintah sedang kan swasta n bumn saja otp kyc tidak pernah bayar jangan mempermainkan masyarakat kekecewaan n amarah saya di puskesmas blm bisa reda sampai sekg developer macam apa anda uang sms saja hrs di korupsi,negatif
Pengguna Google,1,05/07/2026 4:23,4.16.1,setelah diperbarui tidak bisa di buka,negatif
Pengguna Google,1,05/07/2026 4:22,4.16.1,aplikasi apa ini bussuk nggak respon blas nggak satset bikin aplikasi yg bagus kenapa adminnyq ngapain ini,positif
Pengguna Google,5,05/07/2026 4:20,4.15.0,oke,positif
Pengguna Google,1,05/07/2026 4:16,4.16.1,verifikasi data saja lama sekali verifikasi wajah saja susah sekali,negatif
Pengguna Google,4,05/07/2026 4:01,4.15.0,sangat bngus,negatif
Pengguna Google,4,05/07/2026 3:57,4.16.1,membantu rakyat cm byk peraturan nya misalnya sakit yg blm parah tdk segera d beri tindakan,negatif
Pengguna Google,5,05/07/2026 3:54,4.16.1,good,negatif
Pengguna Google,5,05/07/2026 3:42,4.16.1,mantap,positif
Pengguna Google,1,05/07/2026 3:42,4.16.1,ubah data nomor hp sulitnya minta ampun udah dimasukkin selengkap lengkapnya malah disuruh lengkapi lagi aplikasi parah jd gak bisa ambl antrian online,negatif
Pengguna Google,1,05/07/2026 3:40,4.16.1,bukannya tambah mudah malah tambah sulit team it nya bobrok banget,negatif
Pengguna Google,1,05/07/2026 3:38,4.16.1,aplikasi ribet dah bolak balik masuk tapi malah d suruh daftar lagi udah daftar dari pertama kali donlod ttep suruh masuk udah masuk nmr nik salah pdahal udah betul,negatif
Pengguna Google,2,05/07/2026 3:36,4.14.0,ribet,negatif
Pengguna Google,1,05/07/2026 3:35,4.16.1,ah bagaimana ini mau daftar aja ga bisa cuih eror mulu,negatif
Pengguna Google,5,05/07/2026 3:30,4.16.1,bagus,positif
Pengguna Google,3,05/07/2026 3:30,4.16.1,kirain pake jkn itu mudah tpi mlh ribet minta selalu d update klw hp nya nerima trs gampang,negatif
Pengguna Google,5,05/07/2026 3:14,4.16.1,mantaap,negatif
Pengguna Google,5,05/07/2026 3:05,4.15.0,bagus,positif
Pengguna Google,5,05/07/2026 3:04,4.16.1,yg memiliki kendala tidak dapat nomer verifikasi di nomor televon nomer telvon harus memiliki pulsa biar dapet sms dari pihak jkn,negatif
Pengguna Google,4,05/07/2026 2:59,4.16.1,ga bisa mulu daftar antrean,negatif
Pengguna Google,5,05/07/2026 2:56,4.16.1,sangat membantu terimakasih,negatif
Pengguna Google,5,05/07/2026 2:53,4.16.1,sangat membantu para orang tua saat ada anggota keluarga yang sakit,negatif
Pengguna Google,5,05/07/2026 2:52,4.16.1,sangat bagus,positif
Pengguna Google,1,05/07/2026 2:50,4.16.1,mohon untuk daftar aja ribet kirim no verifikasi lama ditunggu tunggu gak kekirim jaman udah canggih mohon dipermudah dengan verifikasi lewat whatsapp atau email,negatif
Pengguna Google,5,05/07/2026 2:49,4.16.1,sangat membantu,negatif
Pengguna Google,5,05/07/2026 2:48,4.16.1,bagus cepat dan mudah tidak berbelit belit terima kasih,positif
Pengguna Google,1,05/07/2026 2:46,4.16.1,sering tidak ada koneksi,negatif
Pengguna Google,5,05/07/2026 2:46,4.16.1,bagussssss,positif
Pengguna Google,5,05/07/2026 2:34,4.16.1,mntaaaap,negatif
Pengguna Google,5,05/07/2026 2:28,4.16.1,baik,positif
Pengguna Google,1,05/07/2026 2:27,4.16.1,kenapa rata rata aplikasi milik bumn bermasalah sangat susah untuk verifikasi nomor handphone,negatif
Pengguna Google,5,05/07/2026 2:27,4.15.0,saat mau periksa ke klinik selalu pakai mjkn,negatif
Pengguna Google,2,05/07/2026 2:23,4.16.1,et dah menit gw nunggu verifikasi nomor hp gak keluar keluar sialan di kirain gw offline lagi,negatif
Pengguna Google,5,05/07/2026 2:22,4.14.0,bagus aplikasinya cocok bisa digunakan bisa tahan lama,positif
Pengguna Google,1,05/07/2026 2:18,4.16.1,skrining kok tidak bisa disimpan,negatif
Pengguna Google,5,05/07/2026 2:14,4.16.1,sangat mempermudah,negatif
Pengguna Google,5,05/07/2026 2:08,4.16.1,mudah banget,negatif
Pengguna Google,5,05/07/2026 2:08,4.16.1,sangat membantu sekali jiann mantaapp,negatif
Pengguna Google,1,05/07/2026 2:07,4.16.1,pagi siang malam terus di coba tetep ga bisa bukan mempermudah malah mempersulit,negatif
Pengguna Google,1,05/07/2026 2:07,4.13.1,sedikit dikit update pdhal apk krg di pke tiap kali mau pake update jd ribet,negatif
Pengguna Google,4,05/07/2026 1:54,4.16.1,baguss,positif
Pengguna Google,5,05/07/2026 1:50,4.16.1,pelayanan cepat dan mudah,positif
Pengguna Google,5,05/07/2026 1:48,4.16.1,aplikasi nya mudah d akses,negatif
Pengguna Google,1,05/07/2026 1:46,4.16.1,gabisa msukin no hp,negatif
Pengguna Google,5,05/07/2026 1:41,4.16.1,mantapp,positif
Pengguna Google,5,05/07/2026 1:34,4.16.1,mantap,positif
Pengguna Google,1,05/07/2026 1:34,4.16.1,mau daftar susah sekali kode verifikasi gk dikirim kirim,negatif
Pengguna Google,5,05/07/2026 1:32,4.16.1,sangat membantu,negatif
Pengguna Google,5,05/07/2026 1:28,4.16.1,alhamdulillah mudah ubah faskes,negatif
Pengguna Google,4,05/07/2026 1:28,4.16.1,pelayanannya baik sekali semoga semakin baik pelayannya dan ok,positif
Pengguna Google,5,05/07/2026 1:20,4.14.0,dengan aplikasi jkn kita terbantu,negatif
Pengguna Google,1,05/07/2026 1:14,4.16.1,keluar mulu ni apk,negatif
Pengguna Google,1,05/07/2026 1:10,4.16.1,terlalu jelek kah aku gk bisa scan wajah,negatif
Pengguna Google,5,05/07/2026 1:00,4.16.1,ok,negatif
Pengguna Google,1,05/07/2026 0:58,4.16.1,hp ga pernah diroot muncul pengatan root mulu aplikasi bujang,negatif
Pengguna Google,1,05/07/2026 0:53,4.16.1,astaghfirullah ini susah banget pulsa ada kuota ada nomor juga gak salah kenapa bagian kode otp sms gk bisa sih udah coba dari kemarin lusa tolong diperbaiki servernya yah kalo emang gk bisa mending gk udah bikin apk nya,positif
Pengguna Google,5,05/07/2026 0:51,4.16.1,sangat mudah digunakan,negatif
Pengguna Google,3,05/07/2026 0:42,4.15.0,pas mau di pake ngapdate,negatif
Pengguna Google,5,05/07/2026 0:41,4.16.1,ok,negatif
Pengguna Google,5,05/07/2026 0:41,4.16.1,layanannnya bagus dan cukup memuaskan,positif
Pengguna Google,5,05/07/2026 0:33,4.16.1,sangat bermanfaat,negatif
Pengguna Google,1,05/07/2026 0:25,4.16.1,ini kode otp sms kapan masuknya ya sudah ganti beberapa nomor tidak ada pesan yang masuk sama sekali nomor telepon perlu diisi tapi verifikasi sulit lucu tolong jangan mempersulit,negatif
Pengguna Google,2,05/07/2026 0:23,4.16.1,susah terhubung di beri notif kl semisal tanggal pilih dokter full atau tidak nya,negatif
Pengguna Google,1,05/07/2026 0:16,4.16.1,perbaiki server perluas server mau login tidak bisa mau buat surat keterangan dokter harus melalui mobile jkn mau efisien tapi apknya yg mempersulit lawak,positif
Pengguna Google,5,05/07/2026 0:15,4.16.1,semoga dipertahankan yang bagus bagusnya,positif
Pengguna Google,5,05/06/2026 23:38,4.16.1,i love bpjs,positif
Pengguna Google,1,05/06/2026 23:33,4.16.1,mau daptar aja susah ea mnta ampun apa lgi bansos harus ea layanan masyarakat itu mudah ini mh susah ea ampun peripikasi tpi gk da sm sekali negara konoha,negatif
Pengguna Google,5,05/06/2026 23:30,4.16.0,mantap pelayanan nya,positif
Pengguna Google,5,05/06/2026 23:29,4.16.1,good,negatif
Pengguna Google,5,05/06/2026 23:25,4.16.1,memudahkan untuk kesehatan keluarga indonesia,negatif
Pengguna Google,5,05/06/2026 23:17,4.16.1,nunggu kode otp blm dikirim dari kemarin bg,negatif
Pengguna Google,5,05/06/2026 23:12,4.16.1,apl minta di update terus tapi kalo mau masuk sulit minta nomor nik paswort capcay dll,negatif
Pengguna Google,1,05/06/2026 23:08,4.13.1,tiap mau masuk apk hrs update hrs ganti sandi ribet bgt lemot juga,negatif
Pengguna Google,5,05/06/2026 23:02,4.14.0,semoga selalu bermanfaat,negatif
Pengguna Google,1,05/06/2026 22:57,4.16.1,verifikasi wajah dihilangkan saja sulit banget sampe x gagal mending pake pin password aja mau antri mewajibkan isi web skrining tapi sering berulang seperti ada cache tidak dihapus sangat menggangu flow,negatif
Pengguna Google,5,05/06/2026 22:51,4.16.1,memudahkan sekali,negatif
Pengguna Google,5,05/06/2026 22:32,4.16.1,mantap,positif
Pengguna Google,5,05/06/2026 22:24,4.14.0,lebih update,negatif
Pengguna Google,5,05/06/2026 22:20,4.16.1,good,negatif
Pengguna Google,1,05/06/2026 22:17,4.16.1,ribet bgt yang mau kontrol harus pake ini lah apalah tolong bgtlah gausah begini aplikasinya ribet buat hp kentang apalagi kesian yang gak punya hp kontrol aja harus di ribetin pake jkn mobile lah inilah itulah keburu mati pasien e,negatif
Pengguna Google,1,05/06/2026 21:23,4.16.1,sampah,negatif
Pengguna Google,5,05/06/2026 20:59,4.16.1,baik,positif
Pengguna Google,5,05/06/2026 19:30,4.16.1,saya baru peetama ini memakai jasa bpjs semoga lancar prosedurnya,positif
Pengguna Google,1,05/06/2026 19:23,4.16.1,fitur antrean pelayanan gk bisa digunakan gk ada manfaat sama sekali,negatif
Pengguna Google,5,05/06/2026 17:51,4.16.1,sangat bermanfaat,negatif
Pengguna Google,1,05/06/2026 17:10,4.15.0,emang yg kerja baca ulasan kita boro boro denger kritik,negatif
Pengguna Google,1,05/06/2026 16:56,4.16.1,mempersulit pasien yg hendak mendaftar secara online tolong diperbaiki sistem nya scan muka dengan kamera depan mirror itu merepotkan saya tidak mendapat otp ketika memasukkan nomor telepon benar dan aktif ketika saya coba masukkan email langsung masuk otp nya tetapi yg wajib dimasukkan nomor telepon sekelas aplikasi pemerintah harusnya bug seperti ini rutin diperbaiki,positif
Pengguna Google,5,05/06/2026 16:30,4.16.1,cukup bagus,positif
Pengguna Google,1,05/06/2026 16:22,4.16.1,sering crash,negatif
Pengguna Google,5,05/06/2026 16:16,4.16.1,okee,positif
Pengguna Google,1,05/06/2026 16:12,4.16.1,lelet aplikasinya sekarang buka nya,negatif
Pengguna Google,1,05/06/2026 16:02,4.16.1,awokawok semua administrasi aja di persulit meuni kode otp gak muncul buang waktu lagi,negatif
Pengguna Google,5,05/06/2026 15:55,4.16.1,baik,positif
Pengguna Google,1,05/06/2026 15:32,4.16.1,susah amat login lagi udah mah di seluruh rumah sakit nungguin nya pada lama,negatif
Pengguna Google,2,05/06/2026 15:30,4.16.1,kebanyakan update dan fitur susah,negatif
Pengguna Google,1,05/06/2026 15:20,4.16.1,update mb sisa penyimpanan gw gb tapi malah penyimpanan anda penuh apa sih,negatif
Pengguna Google,1,05/06/2026 15:12,4.16.1,padahal mau daftar akun cuma di verifikasi nomor nya ajja enggak dapet nomor verifikasi nya padahal udh makai nomor yang terdaftar tapi enggak dapet kode verifikasi nya mala muncul tulisan permintaan anda belum dapat diproses silahkan mencoba beberapa saat lagi tapi saya udh tunggu satu jam yang keluar tulisan yang sama ajja,negatif
Pengguna Google,5,05/06/2026 15:00,4.16.1,tolong di permudah lagi,negatif
Pengguna Google,5,05/06/2026 14:41,4.16.1,membantu,negatif
Pengguna Google,5,05/06/2026 14:39,4.16.1,the best lah,positif
Pengguna Google,5,05/06/2026 14:34,4.16.1,aplikasi sangat membantu,negatif
Pengguna Google,5,05/06/2026 14:34,4.16.1,mantap,positif
Pengguna Google,1,05/06/2026 14:25,4.16.1,menyusahkan,negatif
Pengguna Google,1,05/06/2026 14:05,4.16.1,jadi makin ribet wkwkwkwk,negatif
Pengguna Google,5,05/06/2026 14:04,4.16.0,sangat puas,positif
Pengguna Google,3,05/06/2026 13:59,4.16.1,cape bgt harus terus terusan di update memori hp penuh tapi berobat wajib pake jkn,negatif
Pengguna Google,5,05/06/2026 13:43,4.16.1,perubahan faskes yg mudah,negatif
Pengguna Google,5,05/06/2026 13:34,4.16.1,terbaik sudah cuma kurang di reaktivasi piturnya gak ketemu,positif
Pengguna Google,1,05/06/2026 13:30,4.12.0,aplikasi model ap ini,negatif
Pengguna Google,1,05/06/2026 13:21,4.16.1,tolol amat login minta update sudah di update malah ngga bisa login,negatif
Pengguna Google,5,05/06/2026 13:13,4.16.1,bagus banget,positif
Pengguna Google,4,05/06/2026 13:08,4.16.1,ok,negatif
Pengguna Google,5,05/06/2026 13:04,4.16.1,wow,negatif
Pengguna Google,4,05/06/2026 13:01,4.9.0,bagus dan mudah,positif
Pengguna Google,5,05/06/2026 13:01,4.16.1,oke,positif
Pengguna Google,5,05/06/2026 12:55,4.16.1,good,negatif
Pengguna Google,5,05/06/2026 12:55,4.14.0,susah update ulang,negatif
Pengguna Google,2,05/06/2026 12:43,4.16.1,ketika hp orang tua login aplikasi aplikasi di hp saya selalu muncul notif sedang login pada device yang berbeda begitupun sebaliknya padahal hanya karena satu kk saja nik yang digunakan untuk login berbeda mohon perbaiki karena jika ada keperluan pada hari yang sama akan kesulitan harus login ulang terus,positif
Pengguna Google,5,05/06/2026 12:36,4.16.1,apk gaje gak ush di download ajeg niat bikin gak sih,negatif
Pengguna Google,3,05/06/2026 12:32,4.16.1,saya berharap kedepannya untuk fitur lupa sandi pengiriman kode otp bisa via whatsapp,negatif
Pengguna Google,1,05/06/2026 12:30,4.16.1,ga jelas njir makin kesini mau ambil antrean aja gagal terhubung ke server mulu,negatif
Pengguna Google,5,05/06/2026 12:26,4.16.1,pelayanan super bagus,positif
Pengguna Google,5,05/06/2026 12:14,4.16.1,memudahkan untuk mndaftar ke faskes,negatif
Pengguna Google,5,05/06/2026 12:13,4.16.1,sangat membantu malam hari pun bisa mengubah faskes,negatif
Pengguna Google,5,05/06/2026 12:12,4.16.1,kereeen,negatif
Pengguna Google,2,05/06/2026 12:05,4.16.1,sangat repot untuk pendaftaran,negatif
Pengguna Google,1,05/06/2026 12:05,4.16.1,apk banyak eror ga jelasss banyak ngebuggg,negatif
Pengguna Google,1,05/06/2026 11:51,4.16.1,aplikasi sampah percuma di buat kalo gak bisa di gunakan menghabiskan anggaran saja,negatif
Pengguna Google,4,05/06/2026 11:39,4.16.1,cikup membatu dan mempermudah,negatif
Pengguna Google,1,05/06/2026 11:31,4.16.1,susah ambil tiket,negatif
Pengguna Google,5,05/06/2026 11:29,4.16.1,mantap,positif
Pengguna Google,1,05/06/2026 11:24,4.16.1,banyak bugnya,negatif
Pengguna Google,1,05/06/2026 11:21,4.16.1,kenapa aplikasi tidak bisa dibuka padahal sudah saya install baru muncul tulisan aplikasi tidak bjsa berjalan karena perangkat di root,negatif
Pengguna Google,5,05/06/2026 11:19,4.16.1,allhamdulilah membantu,negatif
Pengguna Google,2,05/06/2026 11:18,4.16.1,maaf saya kasih bintang di jaman serba canggih modern kanapa mau daftar lupa sandi kode otp harus lewat sms yang berbayar lagi kenapa gak lewat whatsaap email aplikasi pebanka aja banyak pilihan menerima otp sms gratis whatsaap dll atau mungkin apk ini kerja sama bisnis yang saling menguntungkan operator jaringan boleh dong sekedar nanya,positif
Pengguna Google,5,05/06/2026 11:16,4.16.1,ok,negatif
Pengguna Google,1,05/06/2026 11:14,4.16.1,aplikasi apa sih ini gk jelas udh log in tapi giliran kita buka lagi udh log out lagi terus udh gtu daftar ulang lagi dan susah daftar lagi najong aplikasi bikin ribet,negatif
Pengguna Google,1,05/06/2026 11:12,4.16.1,sistem blunder kacau tujuan mempermudah faktanya menyulitkan,negatif
Pengguna Google,5,05/06/2026 11:12,4.16.1,mantap,positif
Pengguna Google,1,05/06/2026 11:11,4.16.1,mau daftar registrasi kode otpny ga masuk masuk padahal ada pulsanya pengen nangis urgent banget,negatif
Pengguna Google,2,05/06/2026 11:11,4.16.1,meni ribet kudu di perbaharui sagala nyampe teu cukup wae memori,negatif
Pengguna Google,5,05/06/2026 11:02,4.16.1,good application,negatif
Pengguna Google,5,05/06/2026 11:00,4.13.1,bagus,positif
Pengguna Google,5,05/06/2026 10:58,4.16.1,oke,positif
Pengguna Google,1,05/06/2026 10:58,4.14.0,gedeg bangt sering bngt suruh update aplikasi nya trs stlah di update susuh bngt buat login jngn sering napa update aplikasinya,negatif
Pengguna Google,5,05/06/2026 10:57,4.16.1,sangat membantu,negatif
Pengguna Google,5,05/06/2026 10:50,4.16.1,semoga semakin baik dgn inovasi terbaru ke depannya,positif
Pengguna Google,1,05/06/2026 10:44,4.16.1,verifikasi bikin akunnya masih ribet,negatif
Pengguna Google,5,05/06/2026 10:42,4.16.1,sekarang lebih dipermudah dalam pelayanan kesehatannya,negatif
Pengguna Google,1,05/06/2026 10:41,4.16.1,aplikasi dibikin pake anggaran haram apa gimana ini daftar akun aja ga beres beres verifikasi nomor telepon ga masuk masuk gini nih contoh aplikasi dibikin pake uang pajak rakyat tapi banyak nilep nya bobrok,negatif
Pengguna Google,5,05/06/2026 10:29,4.16.1,membantu,negatif
Pengguna Google,5,05/06/2026 10:19,4.16.0,ok,negatif
Pengguna Google,1,05/06/2026 10:17,4.16.1,ga bisa daftar karena pengiriman kode otp error ga masuk padahal urgent mau berobat semoga kedepannya diperbaiki ya,negatif
Pengguna Google,5,05/06/2026 10:07,4.16.1,baik,positif
Pengguna Google,5,05/06/2026 10:06,4.16.1,memuaskan,positif
Pengguna Google,5,05/06/2026 9:59,4.16.1,sangat membantu,negatif
Pengguna Google,5,05/06/2026 9:57,4.16.1,layanan digital bpjs terbaik,positif
Pengguna Google,1,05/06/2026 9:54,4.16.1,kirim otp harus pakai pulsa,negatif
Pengguna Google,1,05/06/2026 9:45,4.16.1,login lebih dari nik gabisa masuk lagi ribetnya,negatif
Pengguna Google,5,05/06/2026 9:44,4.16.1,apakah bpjs ada call centernya soalnya saya dapat wa dr bpjs karna disuruh mengaktifkan memang punya saya lg non aktif setatusnya,negatif
Pengguna Google,5,05/06/2026 9:43,4.16.1,apk mobile jkn ini sangat membantu masyarakat,negatif
Pengguna Google,5,05/06/2026 9:37,4.13.1,tiap bentar update tolonglah nggak semua orang memori gawainya memadai udah update pun tetap aja aplikasinya b aja,negatif
Pengguna Google,5,05/06/2026 9:37,4.16.1,alhamdulillah saya merubah data faskes dan alamat surat lancar jaya terima kasih jkn,negatif
Pengguna Google,5,05/06/2026 9:33,4.16.1,mantap,positif
Pengguna Google,5,05/06/2026 9:26,4.16.1,pelayanan cepat,positif
Pengguna Google,5,05/06/2026 9:18,4.16.1,bisa daftar antri berobat minta rujukan tanpa hrs datang dahulu ke faskes,negatif
Pengguna Google,5,05/06/2026 9:17,4.16.0,bagus,positif
Pengguna Google,5,05/06/2026 9:12,4.16.1,memudahkan proses pelayanan untuk kesehatan,negatif
Pengguna Google,5,05/06/2026 8:59,4.16.1,ok,negatif
Pengguna Google,5,05/06/2026 8:55,4.16.1,pelayan baik sekali,positif
Pengguna Google,5,05/06/2026 8:52,4.16.1,josss,negatif
Pengguna Google,5,05/06/2026 8:47,4.16.1,mantap bpjs kesehatan,positif
Pengguna Google,5,05/06/2026 8:45,4.16.1,kenapa jkn mobile gak bisa diakses jadi susah mau ngapa ngapain,negatif
Pengguna Google,5,05/06/2026 8:45,4.16.1,pelayanan sangat memudahkan,negatif
Pengguna Google,5,05/06/2026 8:43,4.16.1,pengalaman yg sangat baik pelayanan sempurna,positif
Pengguna Google,5,05/06/2026 8:40,4.16.1,sangat bagus dan praktis,positif
Pengguna Google,5,05/06/2026 8:37,4.16.1,terimakasih kpd bpjs yg sdh sangat membantu rakyat kecil,negatif
Pengguna Google,5,05/06/2026 8:33,4.16.1,aplikasi ini sangat bagus karna kita tidak perlu repot kerumah sakit jika ingin mengambil nomor antrian,positif
Pengguna Google,5,05/06/2026 8:32,4.16.1,apk membantu sekali,negatif
Pengguna Google,5,05/06/2026 8:24,4.12.0,mempermudah dalam pendaftaran dan lain lain,negatif
Pengguna Google,1,05/06/2026 8:13,4.16.1,mau login kagak bisa hadehhhhh,negatif
Pengguna Google,5,05/06/2026 8:12,4.16.1,bagus,positif
Pengguna Google,1,05/06/2026 8:01,4.16.1,aplikasi menyusahkan nunggu otp lama setelah terkirim kembali ke halaman awal ini ngerjain pengguna ya bangsa,negatif
Pengguna Google,5,05/06/2026 7:59,4.16.1,okee,positif
Pengguna Google,5,05/06/2026 7:58,4.16.1,bagus dan baik dalam pelayanan nya,positif
Pengguna Google,5,05/06/2026 7:52,4.16.1,baik,positif
Pengguna Google,5,05/06/2026 7:51,4.16.0,bagus,positif
Pengguna Google,1,05/06/2026 7:49,4.14.0,aplikasi tidak stabil dikit x login,negatif
Pengguna Google,1,05/06/2026 7:42,4.16.0,aplikasi terlalu ribet,negatif
Pengguna Google,1,05/06/2026 7:38,4.16.1,emosi bgt buka aplikasi mobile jkn di klik lupa password terus aja permintaan anda belum di proses,negatif
Pengguna Google,1,05/06/2026 7:32,4.16.1,oi ini daftar aja susah amat ke daftar jadi menteri,negatif
Pengguna Google,1,05/06/2026 7:25,4.16.1,buat apa ada online yang ujungnya harus dateng ke kantor bpjs antri ga kira sampe jam kasih ke aer minum antrian ga jelas saya yang duluan ga di panggil yang baru dateng langsung di panggil kasih vivo biar tau antrian kelewat apa ga,negatif
Pengguna Google,5,05/06/2026 7:23,4.14.0,memudahkan pendaftaran cm sayang nya terlalu lama klu mau berobat lanjutan,negatif
Pengguna Google,5,05/06/2026 7:21,4.16.1,simple di belakangan,negatif
Pengguna Google,5,05/06/2026 7:20,4.16.1,mau masuk gagal terus padahal sudah terdaftar dicoba ganti sandi tetap gagal coba daftar ulang masih gagal juga harus gimna dong ini,negatif
Pengguna Google,1,05/06/2026 7:18,4.16.1,update terus isinya jg gitu aja jaman semakain canggih tqpi di indonesia semua di bikin susah,positif
Pengguna Google,2,05/06/2026 7:17,4.16.1,kebodohan utama dari aplikasi pemerintah adalah gak bisa login banyak akun,negatif
Pengguna Google,5,05/06/2026 7:06,4.16.1,good,negatif
Pengguna Google,5,05/06/2026 7:05,4.13.1,sangat membantu dan penting,negatif
Pengguna Google,5,05/06/2026 7:04,4.16.1,aplikasi sangat membantu sekali,negatif
Pengguna Google,1,05/06/2026 7:03,4.16.1,lelet amat aplikasi ga jelas,negatif
Pengguna Google,5,05/06/2026 7:02,4.16.1,pelayanan ramah cepat,positif
Pengguna Google,5,05/06/2026 6:48,4.16.1,bagus,positif
Pengguna Google,5,05/06/2026 6:46,4.16.1,sangan membantu sekali,negatif
Pengguna Google,1,05/06/2026 6:45,4.16.1,hapus aja apk min ribet banget,negatif
Pengguna Google,1,05/06/2026 6:40,4.16.1,tolong diperbaiki lagi untuk proses registrasi nya pakde saya mau daftar aja sampe lama bgt kasian udah kesakitan tp proses pendaftaran nya malah dipersulit,negatif
Pengguna Google,5,05/06/2026 6:34,4.16.1,makasih,negatif
Pengguna Google,5,05/06/2026 6:31,4.16.1,terimakasih jkn semakin simple apk dalam melakukan proses pelayanan kesehatan,negatif
Pengguna Google,1,05/06/2026 6:27,4.16.1,kalo sekali lagi saya masuk di persulit dengan alasan abcde dari aplikasi akan saya rating paling buruk aplikasi ini,negatif
Pengguna Google,1,05/06/2026 6:26,4.16.1,tidak bisa di buka,negatif
Pengguna Google,5,05/06/2026 6:23,4.16.1,bagus dibantu pendaftaran oleh pkm leuwiliang,positif
Pengguna Google,5,05/06/2026 6:22,4.16.1,sangat bermanfaat,negatif
Pengguna Google,5,05/06/2026 6:21,4.16.1,good,negatif
Pengguna Google,5,05/06/2026 6:19,4.16.1,kalau mau ganti fasker gampang,negatif
Pengguna Google,5,05/06/2026 6:17,4.16.1,terima kasih,negatif
Pengguna Google,1,05/06/2026 6:14,4.16.1,lemot banget,negatif
Pengguna Google,2,05/06/2026 6:13,4.16.1,notifikasi update tolong dihilangkan sangat mengganggu kami yg hp spek kentang atau bpjs belikan kami hp baru,negatif
Pengguna Google,5,05/06/2026 6:13,4.16.1,terbaik,positif
Pengguna Google,1,05/06/2026 6:13,4.16.1,aplikasi bodoh,negatif
Pengguna Google,1,05/06/2026 6:04,4.16.1,ini gimana si daftarin nomor telepon eror terus mau reservasi berobat online dipersulit,negatif
Pengguna Google,1,05/06/2026 6:02,4.16.1,seperti biasa sistem pemerintah selalu buruk,negatif
Pengguna Google,5,05/06/2026 5:56,4.16.1,aplikasi sampah tempat koruptor bersarang mendaftarkan akun dipersulit kode verifikasi dari nomor handphone tidak masuk sudah di tunggu jam tidak masuk juga kodenya yang hanya masuk kode melalui email sia sia juga walaupun kodenya masuk dari email tapi tetap nggak bisa mendaftar soalnya kode verifikasi dari nomor handphone nggak masuk juga sengaja kasih bintang biar naik,negatif
Pengguna Google,5,05/06/2026 5:54,4.16.1,aplikasi ini sangat membantu terima kasih banyak ya sudah menyiapkan aplikasi ini untuk kami,negatif
Pengguna Google,5,05/06/2026 5:51,4.16.1,perubahan data kenapa belum bisa juga ya,negatif
Pengguna Google,4,05/06/2026 5:48,4.16.1,baik sangat membantu,positif
Pengguna Google,5,05/06/2026 5:46,4.13.1,sangat membantu,negatif
Pengguna Google,5,05/06/2026 5:43,4.16.1,disuruh masukin kode otp tapi kode otpnya ga dikirim woy benerin,negatif
Pengguna Google,5,05/06/2026 5:31,4.16.1,bagus,positif
Pengguna Google,5,05/06/2026 5:28,4.16.1,ksih lima supaya otp nya gx lama lama bner bukan ngebantu malah nyusahin telat mulu otp nya,negatif
Pengguna Google,5,05/06/2026 5:27,4.16.1,cara cek saldo dan lihat saldonya gimanaaa kok jadi makin ribet gini apknya,negatif
Pengguna Google,5,05/06/2026 5:14,4.16.1,good,negatif
Pengguna Google,3,05/06/2026 5:08,4.16.1,kpan sih bisa berbenah mau daftar verikasi aja lemot ggal terus coba lah d upgrade lebih baik lagi,negatif
Pengguna Google,5,05/06/2026 5:08,4.16.1,sangat membantu dan memudahkan pasien,negatif
Pengguna Google,4,05/06/2026 4:59,4.16.1,sangat baik,positif
Pengguna Google,5,05/06/2026 4:57,4.16.1,good,negatif
Pengguna Google,5,05/06/2026 4:56,4.16.1,bagus baik terimakasih,positif
Pengguna Google,5,05/06/2026 4:53,4.16.1,memudhkn mendpt pelayanan kesehtn,negatif
Pengguna Google,1,05/06/2026 4:49,4.16.1,makin gak jelas nih aplikasi baru kemarin login tiba tiba hari ini pas mau buka disuruh login lagi disuruh logout dulu karena device berbeda padahal device yang saya gunakan masih sama saya turunin lagi bintangnya kayaknya apa yang saya sampaikan sebelumnya belum dipahami dengan baik,positif
Pengguna Google,1,05/06/2026 4:46,4.16.1,aplikasi pemerintah tapi bug dari awal verifikasi wajah ribet verifikasi otp diulang berkali kali tetep gk bisa trus mau gimana daftarnya,negatif
Pengguna Google,5,05/06/2026 4:46,4.16.1,apk ga guna gada yg becus kerja orang mau berobat sakit malah di persulit ga ribet kalo bukan dikonoha,negatif
Pengguna Google,5,05/06/2026 4:45,4.16.1,trimakasih sudah membantu saya,negatif
Pengguna Google,1,05/06/2026 4:44,4.16.1,ini kenapa dah bpjs pbi tiba di non aktifkan padahal desil saya,negatif
Pengguna Google,2,05/06/2026 4:43,4.16.1,gak jelas buang waktu,negatif
Pengguna Google,5,05/06/2026 4:41,4.16.1,ok banget,negatif
Pengguna Google,5,05/06/2026 4:39,4.16.1,praktis dan bagus terimakasih,positif
Pengguna Google,5,05/06/2026 4:36,4.16.1,ok,negatif
Pengguna Google,4,05/06/2026 4:36,4.16.1,klon pada redmi note pro tidak bisa berjalan sementara yg utama tidak ada masalah buka sebentar terus close bagaimana memperbaiki nya tks,positif
Pengguna Google,4,05/06/2026 4:34,4.16.1,aplikasi dgn progres cepat,positif
Pengguna Google,1,05/06/2026 4:34,4.14.0,sudah diupgrade tetap suruh mengosongkan ruangan sampai aplikasi yg masih dibutuhkan aku hapus mau minta pengosongan ruangan dihp berapa gb lagi,negatif
Pengguna Google,5,05/06/2026 4:33,4.16.1,cukup puas dengan aplikasi ini sangat membantu,positif
Pengguna Google,5,05/06/2026 4:19,4.15.0,sangat membantu sekali terimakasih,negatif
Pengguna Google,1,05/06/2026 4:16,4.16.1,setelah diperbarui malah tdk bisa dibuka,negatif
Pengguna Google,5,05/06/2026 4:12,4.16.1,sangat membantu apalagi klw lg buntu,negatif
Pengguna Google,3,05/06/2026 4:12,4.15.0,pusing mau daftar berobat ke jkn aja susah pake harus ganti pin segala saya kan gaptek dan ga ngerti apa itu udah dicoba ga bisa masuk juga tolong dong,negatif
Pengguna Google,1,05/06/2026 4:10,4.16.1,aplikasi yang mempersulit pengguna,negatif
Pengguna Google,1,05/06/2026 4:05,4.16.1,repot disuruh minta pin dan password terus,negatif
Pengguna Google,2,05/06/2026 3:56,4.16.1,fullypdate,negatif
Pengguna Google,5,05/06/2026 3:56,4.16.1,bagus dan sangat membantu,positif
Pengguna Google,5,05/06/2026 3:56,4.13.1,pelayanan cukup memuas kan,negatif
Pengguna Google,5,05/06/2026 3:55,4.16.1,lebih mudah dan cepat,positif
Pengguna Google,3,05/06/2026 3:51,4.16.1,aqun sering logout kenapasihh,negatif
Pengguna Google,5,05/06/2026 3:50,4.16.1,sangat membantu,negatif
Pengguna Google,5,05/06/2026 3:48,4.16.1,bagus,positif
Pengguna Google,1,05/06/2026 3:37,4.16.1,aplikasi tukang nyusahin hidup orang mau verifikasi nomer aja harus ada pulsa dulu dasar konoha segala dipersulit,negatif
Pengguna Google,1,05/06/2026 3:30,4.16.1,gabisa registrasi nomer hp padahal regis apk lain bisa jangan nomer hp dikumpulin buat daftar pinjol,negatif
Pengguna Google,5,05/06/2026 3:24,4.16.1,sangat membantu adanya pbjs,negatif
Pengguna Google,5,05/06/2026 3:18,4.16.1,bagus banget,positif
Pengguna Google,1,05/06/2026 3:16,4.16.1,mau berobat aja di persulit mau daftar masukin nomor hp malah ada eror di aplikasinya ini apk kalo ngga ngebantu rakyat kecil mending di hapus aja ini bukan membantu rakyat tapi menyusahkan rakyat yang mau berobat,negatif
Pengguna Google,3,05/06/2026 3:14,4.16.1,awalnya bagus tp ini aplikasi nya skrg kurang bagus tolong d perbaiki soalnya sering eror pas mau daftar berobat,positif
Pengguna Google,5,05/06/2026 3:09,4.16.1,bangke nih aplikasi minta diperbaharui tapi ujung gak bisa login,negatif
Pengguna Google,5,05/06/2026 3:06,4.16.1,alhamdulillah,negatif
Pengguna Google,5,05/06/2026 3:05,4.16.1,pelayanan satpam ramah,positif
Pengguna Google,5,05/06/2026 3:03,4.16.1,terimakasih sudah membantu daftar online,negatif
Pengguna Google,1,05/06/2026 3:03,4.16.1,pelayanan buruk apalagi salah satu dokter nayaka husada duri,negatif
Pengguna Google,2,05/06/2026 2:59,4.14.0,anak keluar dari akun keluarga disuruh buat akun sendiri sudah saya buatkan dan kendala baru ada lagi mau daftar online faskes gak bisa jawabannya sudah terdaftar bla bla bla sudah saya laporkan kekantor bpjs tahun lalu jawabnya ditunggu dan konfirmasi kefaskes tapi sampai detik itu tetap gak bisa dan gak ada solusi apk minta update terus klo gak gak bisa dipakai masalah datang saja ini gimana maunya cuma mikirin hasil apk saja atau gimana,negatif
Pengguna Google,1,05/06/2026 2:52,4.16.1,alhamdulillah sdh bisa di screenshoot namun mau daftar rujukan malah gagal trus masukan supaya di persimpel lagi tahapan aplikasinya kita kondisi sakit mau berobat bukan orang sehat yg mau staycation apalagi banyak orang tua jadul gaptek yg mau berobat,positif
Pengguna Google,5,05/06/2026 2:49,4.15.0,bermanfaat,negatif
Pengguna Google,5,05/06/2026 2:46,4.16.1,alhamdulillah semuanya baik,positif
Pengguna Google,5,05/06/2026 2:46,4.14.0,sangat memuaskan,positif
Pengguna Google,5,05/06/2026 2:45,4.16.1,sangat membantu dan bermanfaat,negatif
Pengguna Google,1,05/06/2026 2:39,4.16.1,apk murahan buat kirim otp sms aja harus nunggu ber jam jam,positif
Pengguna Google,5,05/06/2026 2:39,4.16.1,layanan sangat cepat dan petugas pcare ramah,positif
Pengguna Google,5,05/06/2026 2:39,4.16.1,bagus cuma kalo bisa untuk riwayat pelayanan menampilkan semuanya yg dikk juga jgn yg terdaftar aja soalnya kan gak punya hp banyak jadi gak mesti bolak balik login,positif
Pengguna Google,5,05/06/2026 2:33,4.16.1,pelayanan lebih mudah,negatif
Pengguna Google,5,05/06/2026 2:30,4.16.1,sangat membantu,negatif
Pengguna Google,1,05/06/2026 2:28,4.16.1,kaget pas saya coba cek jkn tiba tiba nomor induk sudah terdaftar padahal tidak pernah mendaftarkan sama sekali untuk bpjs,negatif
Pengguna Google,5,05/06/2026 2:24,4.16.1,luar biasa,negatif
Pengguna Google,3,05/06/2026 2:18,4.16.1,tolong apknya eror dari tadi registrasi gagal di verif no telp,negatif
Pengguna Google,5,05/06/2026 2:16,4.16.1,responsif dan cepat,positif
Pengguna Google,1,05/06/2026 2:15,4.16.1,apk ribet,negatif
Pengguna Google,1,05/06/2026 2:11,4.16.1,tiba ke log out sendiri saat mau masuk lagi kaga bisa,negatif
Pengguna Google,3,05/06/2026 2:08,4.16.1,keseringan gangguan jaringan gagal tehubung ke server rs,negatif
Pengguna Google,1,05/06/2026 2:07,4.16.1,wong udah ter daftar login kode dan data nya benar tapi kok bisa login apakah ingin mempersulit masarakat miskin tho,negatif
Pengguna Google,5,05/06/2026 2:04,4.16.1,bagus banget lebih mudah untuk mendaftar online di rumah sakit bagus pokoknya,positif
Pengguna Google,5,05/06/2026 2:00,4.16.1,yg lagi merawat orang tua jangan repot tentang aplikasi jaga kesehatan anda drpd ngurus aplikasi jadi ikut emosi ikut sakit bawa ktp saja kalo mau berobat ga sah pusingin aplikasi,negatif
Pengguna Google,2,05/06/2026 1:59,4.16.1,aneh bgt sih abis di update knp jd gabisa login udh verif sms jg hr ga msk tuh kode nya niat ga sih bikin apk ini jd repotin bgttttt,negatif
Pengguna Google,5,05/06/2026 1:58,4.16.1,luar biasa sangat membantu masyarakat indonesia,negatif
Pengguna Google,5,05/06/2026 1:54,4.16.1,aplikasi yang sangat bagus bermanfaat dan recomended,positif
Pengguna Google,5,05/06/2026 1:52,4.16.1,terimakasih,negatif
Pengguna Google,1,05/06/2026 1:50,4.16.1,bikin app yg bner masa daritadi verif wajah gagal mulu kode verif email sm sms gada yg masuk malah harus nunggu detik aplikasi jelek,negatif
Pengguna Google,2,05/06/2026 1:46,4.16.1,kenapa setelah update malah tidak bisa di buka close terus,negatif
Pengguna Google,5,05/06/2026 1:41,4.16.1,saya kesulitan untuk masuk padahal mau bayar iuran bpjs yg tadinya udah aktif jkn mobile saya kq sekarang gak bisa harus di update setelah di update masih saja gak bisa masuk tolong di bantu,negatif
Pengguna Google,5,05/06/2026 1:40,4.16.1,nihh gua kasih bintang lama biar pada baca tolong perbaikin sistemnyaaa yaaa mbakk atauu mas saya mauu daftar aja dipersulit bangett verifikasi pake email kode nya masuk tapi pas mau verifikasi malah keluar sendiri dan ngulang dari awal pake nomor hp pun kode nya ga dikirim kirim ini pelayanan nya gimana kita bayar bpjs pake duit bukan pake daun,negatif
Pengguna Google,1,05/06/2026 1:39,4.16.1,sulit sekali untuk login jika seperti ini bagaimana bisa daftar untuk menjangkau layanan kesehatannya,negatif
Pengguna Google,5,05/06/2026 1:38,4.16.1,good,negatif
Pengguna Google,1,05/06/2026 1:30,4.16.1,cuman muncul satu nama kaga nampilin semua keluarga jadinya kaga bisa daftar online,negatif
Pengguna Google,5,05/06/2026 1:28,4.16.1,apk sangat membantu dalam urusan berobat ke rs,negatif
Pengguna Google,5,05/06/2026 1:27,4.13.1,baik,positif
Pengguna Google,1,05/06/2026 1:25,4.16.1,aplikasi yang dibuat cuma untuk abisin anggaran doang kagak bisa dipake daftar aja gak bisa buang duit rakyat aja,negatif
Pengguna Google,5,05/06/2026 1:22,4.16.1,terbantu dengan aplikasi tidak perlu ke kantor bpjs,negatif
Pengguna Google,1,05/06/2026 1:22,4.16.1,susah banget log in,negatif
Pengguna Google,5,05/06/2026 1:21,4.16.1,bagus,positif
Pengguna Google,1,05/06/2026 1:11,4.16.1,aplikasi sangat jelek kirim kode otp sms ga bisa puluhan kali dicoba,negatif
Pengguna Google,1,05/06/2026 1:10,4.16.1,login aja dipersulit pake wajib daftar autodebit segala niat mau bayar buat aktifin eh malah dipaksa daftar autodebit dah lah ribet,negatif
Pengguna Google,5,05/06/2026 1:03,4.16.1,saya suka banget dengan adanya aplikasi jkm ini,positif
Pengguna Google,5,05/06/2026 1:02,4.16.1,baik,positif
Pengguna Google,1,05/06/2026 1:02,4.16.1,ribet banget mau login aja susah harus update aplikasi masukin ulang sandi chapta dll sampai gagal masuk lg keadaan darurat malah dipersulit oleh aplikasi yg ribet bisa bisanya dibilang salah memasukkan nik padahal sudah jelas itu sesuai aplikasi yg dibuat indonesia memang kebanyakan gimik,positif
Pengguna Google,5,05/06/2026 0:58,4.16.1,lumayan bagus membantu sekali,positif
Pengguna Google,1,05/06/2026 0:53,4.16.1,logout mulu login susah busetttt gimana orang kalau darurat nyusahin,negatif
Pengguna Google,1,05/06/2026 0:53,4.16.1,nih aplikasi lama bukan bantu jadi nyusain verifikasi otp nya manaaaaaaaaaaa ga muncul gangguan mulu ga jelas persulit amat jadinya,negatif
Pengguna Google,5,05/06/2026 0:52,4.16.1,good,negatif
Pengguna Google,5,05/06/2026 0:46,4.16.1,bagus,positif
Pengguna Google,5,05/06/2026 0:33,4.16.1,kenapa ya aplikasinya gak bisa di buka pas di buka langsung mental keluar sendiri padahal dulu udah bisa di pake sekarang mau daftar online jadi gak bisa aku kasih bintang aja biar bisa d buka lagi,negatif
Pengguna Google,5,05/06/2026 0:33,4.16.1,pelayana yg bagus,positif
Pengguna Google,1,05/06/2026 0:20,4.16.1,kenapa eror terus sih ini apk,negatif
Pengguna Google,5,05/06/2026 0:14,4.16.1,ok,negatif
Pengguna Google,4,05/06/2026 0:05,4.16.1,bagus,positif
Pengguna Google,5,05/05/2026 23:52,4.16.1,aplikasi yg hebat dan cepat pintar,positif
Pengguna Google,1,05/05/2026 23:47,4.16.1,kode otp sms ga masuk lamaa bgttt bukannya mempermudah malah mempersulit sistemnya lamaa bgtttt busettt benerin lah,negatif
Pengguna Google,2,05/05/2026 23:43,4.16.1,mengapa setiap mau ambil antrian harus login bahkan kalau sudah login mau sampai ke rumah sakit harus login lagi aplikasi payah,negatif
Pengguna Google,3,05/05/2026 23:43,4.16.1,skedar saran nih sodara sya mw priksa malah gx bolh ktanya srh dftr onlen dulu n asal bpak ibu tw aja gx smua orang hp nya bisa donlot hp masih jadul n mw brobat aja di persulit percuma tiap bln byr iyuran klo mw priksa harus onlen dh tw orang tua dulu pada gaptek n gx smua orang tua anak sekrang aja pada gaptek,negatif
Pengguna Google,5,05/05/2026 23:42,4.16.1,bagus sx,positif
Pengguna Google,5,05/05/2026 23:34,4.7.0,mantap,positif
Pengguna Google,1,05/05/2026 23:22,4.16.1,aplikasi gak jelas mau daftar aja susah dapat otp udah nunggu lama kodenya gak dikirim,negatif
Pengguna Google,1,05/05/2026 23:20,4.16.1,ini gimana sih aplikasinya mau bikin akun udah ikutin sesuai arahan pas bagian verifikasi otp ga muncul kodenya ga ke kirim udah hari saya coba terus ditungguin ga nongol juga tuh kode selalu dibagian otp ribet banget dah bikin aplikasi niatnya mempermudah malah jadi ribet,positif
Pengguna Google,5,05/05/2026 23:18,4.16.1,jkn is the best,positif
Pengguna Google,3,05/05/2026 23:17,4.16.1,ribet aneh ga jelas sudah daftar sudah verifikasi keluar login verifikasi lagi lama masuk gagal apalah apalah bla bla bla nda jls apa sih di buat ribet,negatif
Pengguna Google,1,05/05/2026 23:15,4.16.1,aplikasi sampah,negatif
Pengguna Google,5,05/05/2026 23:14,4.14.0,aplikasi sangat membantu,negatif
Pengguna Google,1,05/05/2026 23:07,4.16.1,ribet,negatif
Pengguna Google,5,05/05/2026 22:51,4.16.1,kenapa yaa ko sekarang setiap daftar d faskes pertama slalu ngga bisa,negatif
Pengguna Google,5,05/05/2026 22:50,4.16.1,alhamdulillah sy sangat terbantu,negatif
Pengguna Google,5,05/05/2026 22:23,4.16.1,ferry good,negatif
Pengguna Google,5,05/05/2026 22:14,4.16.1,bagus cepat responnya,positif
Pengguna Google,5,05/05/2026 21:02,4.16.1,aplikasi yg sangat membantu,negatif
Pengguna Google,1,05/05/2026 19:48,4.16.1,aplikasi crash untuk lihat info pembayaran harus login ulang dan berulang padahal apk ini membantu mencari info,negatif
Pengguna Google,5,05/05/2026 18:48,4.16.1,luar biasa,negatif
Pengguna Google,1,05/05/2026 18:15,4.16.1,aplikasi sampah kirim kode otp via sms eror mulu gila kali gk ada perbaikan sistem apa dari aplikasi ini,negatif
Pengguna Google,1,05/05/2026 17:09,4.16.1,bikin kesal aja ini apk udah berkali kali daftar giliran masukin no hp gak perna dikirimi kode verifikasi dan saya baca ulasan disini keluhan nya sama,negatif
Pengguna Google,5,05/05/2026 16:54,4.16.1,lebih praktis dan cepat,positif
Pengguna Google,2,05/05/2026 16:51,4.16.1,kenapa versi tidak bisa dijalankann keterangan minta update kasihani kami yg hp low end masa tiap tahun harus ganti hp untuk aplikasi jkn,negatif
Pengguna Google,5,05/05/2026 16:38,4.16.1,sangat terbantu dgn adanya aplikasi jkn mobile,negatif
Pengguna Google,5,05/05/2026 16:37,4.14.0,good luck,negatif
Pengguna Google,4,05/05/2026 15:44,4.16.1,sangat bagus,positif
Pengguna Google,5,05/05/2026 15:35,4.16.1,bagus menghindari serobot antrian,positif
Pengguna Google,5,05/05/2026 15:32,4.16.1,mantap,positif
Pengguna Google,5,05/05/2026 15:31,4.16.1,good,negatif
Pengguna Google,5,05/05/2026 15:18,4.16.1,bagus,positif
Pengguna Google,5,05/05/2026 15:09,4.16.1,ok,negatif
Pengguna Google,5,05/05/2026 15:06,4.16.1,bermanfaat,negatif
Pengguna Google,5,05/05/2026 15:04,4.16.1,sangat membantu,negatif
Pengguna Google,5,05/05/2026 15:00,4.16.1,mudah di askes,negatif
Pengguna Google,5,05/05/2026 14:58,4.16.1,excellent,negatif
Pengguna Google,5,05/05/2026 14:57,4.16.1,terimakasih mobile jkn memudahkan saya pindah lokasi tempat tinggal menyesuaikan ktp,negatif
Pengguna Google,1,05/05/2026 14:57,4.16.1,apk nya lambat terutama saat pengiriman otp,negatif
Pengguna Google,5,05/05/2026 14:50,4.16.1,semakin baik saja,positif
Pengguna Google,5,05/05/2026 14:49,4.14.0,puas,positif
Pengguna Google,1,05/05/2026 14:42,4.16.1,ampas,negatif
Pengguna Google,1,05/05/2026 14:39,4.16.1,tiba logout sendiri mao masuk aja login gabisa payahh,negatif
Pengguna Google,1,05/05/2026 14:34,4.16.1,aplikasi jelek suka log out,negatif
Pengguna Google,1,05/05/2026 14:34,4.16.1,ora jelas katanya antrean lewat aplikasi ini tapi malah aplikasi nya lemod lama daftar ujung nya antrean penuh jadi bikin stress,negatif
Pengguna Google,5,05/05/2026 14:12,4.16.1,sangat membantu,negatif
Pengguna Google,1,05/05/2026 14:10,4.16.1,susah kali cok dapat otp via nomor hp,negatif
Pengguna Google,5,05/05/2026 14:04,4.15.0,okee tp tolong jangan terlalu sering disuruh up date ya bikin ribed,positif
Pengguna Google,5,05/05/2026 14:03,4.16.1,sangat membantu,negatif
Pengguna Google,1,05/05/2026 14:00,4.16.0,jelek bgt si ni apk nya update mulu,negatif
Pengguna Google,5,05/05/2026 13:58,4.16.1,mantap sekali,positif
Pengguna Google,1,05/05/2026 13:53,4.16.1,buat susah aja ini ribettttgtt,negatif
Pengguna Google,1,05/05/2026 13:50,4.16.1,bosok,negatif
Pengguna Google,5,05/05/2026 13:48,4.16.1,cukup bagus,positif
Pengguna Google,5,05/05/2026 13:42,4.16.1,terimakasih atas layanan mobile jkn,negatif
Pengguna Google,1,05/05/2026 13:28,4.16.1,apk hancur buat daftar saja seperti tes masuk pns,negatif
Pengguna Google,1,05/05/2026 13:28,4.16.1,pelayanan ngga kompeten,negatif
Pengguna Google,5,05/05/2026 13:26,4.16.0,coba dulu ah,negatif
Pengguna Google,5,05/05/2026 13:24,4.16.1,ist good terimkasih,negatif
Pengguna Google,5,05/05/2026 13:24,4.16.1,kocak banget dah asli nih apk nya gjelas aku kasih bintang biar seneng aja lagian juga nih apk ny cuma bikin otak belibet sama buang waktu gw doang mending apus aja nih aplikasi nya,positif
Pengguna Google,5,05/05/2026 13:24,4.16.1,mudah digunakan,negatif
Pengguna Google,1,05/05/2026 13:20,4.16.1,aplikasi aneh ga niat buat,negatif
Pengguna Google,5,05/05/2026 13:18,4.16.1,tolong bantu saya biar bisa download tampa harus menghapus aplikasi yang lain terimakasih,negatif
Pengguna Google,5,05/05/2026 13:16,4.16.0,aplikasi bagus bisa membantu,positif
Pengguna Google,5,05/05/2026 13:14,4.14.0,bikin pusing,negatif
Pengguna Google,1,05/05/2026 12:57,4.16.1,sms untuk registrasi gak masuk masuk,negatif
Pengguna Google,1,05/05/2026 12:55,4.16.1,apk nya ribet harus masukin mulu akun no kk sm pw nge screenshot data pribadi pribadi aja di blokir akses udh kyk fitur skali liat di wangsap udh kyk mbanking juga sih kyknya,negatif
Pengguna Google,1,05/05/2026 12:55,4.16.1,update malah keluar akunya sendiri pas masuk malah gabisa apps konyol,negatif
Pengguna Google,5,05/05/2026 12:54,4.16.1,cepat akses oke update oke,positif
Pengguna Google,1,05/05/2026 12:51,4.16.1,ini aplikasi nyusahin orang kode otp lewat sms lemot banget kirimnya pas dapet otp aplikasi ngulang lagi begitu terus kalau pakai wa saja kenapa sih ribet banget hai pengembang baca apa itu comment biar di perbaiki dengan yang lebih baik,negatif
Pengguna Google,3,05/05/2026 12:51,4.16.1,logout tanpa perintah jd harus login masukin kode captcha berkali kali sangat melelahkan,negatif
Pengguna Google,4,05/05/2026 12:48,4.16.1,sangat membantu,negatif
Pengguna Google,1,05/05/2026 12:48,4.16.1,cukup bintang sangat jelek sekarang mobile jkn mau ngisi skrening data kesehatan sangat lemot,negatif
Pengguna Google,5,05/05/2026 12:45,4.16.1,baik,positif
Pengguna Google,5,05/05/2026 12:42,4.14.0,sangat membantu untuk pendaftaran ke paskes secara online,negatif
Pengguna Google,5,05/05/2026 12:33,4.16.1,untuk tambahan update kedepan nya tolong tambahkan fitur ganti akun ke akun yg lain karna menurut saya sangat ribet kalau keluarga dan masih kartu keluarga harus keluar atau masuk terlebih dahulu untuk berganti akun,negatif
Pengguna Google,5,05/05/2026 12:29,4.16.1,baik,positif
Pengguna Google,5,05/05/2026 12:18,4.13.1,perbaiki fokus ke pelayanan masyarakat semoga masyarakat indonesia sehat selalu,positif
Pengguna Google,5,05/05/2026 12:17,4.16.1,pelayanan bagus,positif
Pengguna Google,5,05/05/2026 12:13,4.16.1,ok,negatif
Pengguna Google,3,05/05/2026 12:07,4.13.1,vermuk nya waktu mau daftar gak bisa bisa kenapa ya,negatif
Pengguna Google,1,05/05/2026 12:06,4.16.1,ini yang buat aplikasi bodoh atau gmna eh verifikasi wajah ga bisa trus kalau nk verifikasi pake sms harus ada pulsa udah kaya belum hah orang nak berobat aja ribet nya minta ampun apa ga bisa bayar programer ya buat aplikasi yang lebih baguss lagi hah stupid,positif
Pengguna Google,1,05/05/2026 11:59,4.16.1,tagihan udah d bayar mash ga bisa daftar d faskes klo jatoh tempo harusnya ada yang ngingetin tau tau ada tagihan ribu dan akun di tahan sampe ga bisa berobat layanan nya super buruk,negatif
Pengguna Google,1,05/05/2026 11:48,4.16.1,terlalu rumit dan sistem sering bermasalah,negatif
Pengguna Google,1,05/05/2026 11:44,4.16.1,tolong ya aplikasi di perbaiki mau daftar udah masukin nomer hp nunggu kode verifikasi tp nggk ada mucul sam sekali wa pandawa juga belibet,positif
Pengguna Google,5,05/05/2026 11:42,4.14.0,baik,positif
Pengguna Google,1,05/05/2026 11:37,4.16.1,berarti bukan saya aja ya klo mau msuk gak dpet otp sms nya smpe menit gak masuk trus jga chat d wa pandawa nya ko lelet ya blsnya biasanya gak pernah ini lemot bngt bls wa jga pandawa nya,negatif
Pengguna Google,5,05/05/2026 11:29,4.14.0,sangat membantu,negatif
Pengguna Google,1,05/05/2026 11:27,4.16.0,kurang maksimal terlalu ribet padahal sampai di rs daftar lagi juga baru dipakai udah disuruh update lalu diupdate suruh kosongkan memori padahal udah saya kosongkan apk terlalu ribet,negatif
Pengguna Google,5,05/05/2026 11:25,4.16.1,mantappppp,positif
Pengguna Google,5,05/05/2026 11:15,4.14.0,oke,positif
Pengguna Google,5,05/05/2026 11:11,4.16.1,sangat sangat amat membantu menolong bagi orang yg tidak mampu trimakasih,negatif
Pengguna Google,5,05/05/2026 11:06,4.16.1,sangat membantu,negatif
Pengguna Google,5,05/05/2026 11:03,4.16.1,yg terbaik untuk indonesia,positif
Pengguna Google,1,05/05/2026 11:03,4.16.1,ini aplikasi bisa di gunakan tidak ya minta kode verifikasi sms kok gak ada kiriman,negatif
Pengguna Google,1,05/05/2026 11:03,4.16.1,belibet ngak fungsi,negatif
Pengguna Google,5,05/05/2026 10:56,4.16.1,good,negatif
Pengguna Google,1,05/05/2026 10:54,4.16.1,ribet banget nunggu sms sampe jam ga muncul,negatif
Pengguna Google,4,05/05/2026 10:49,4.14.0,masih cari kekurangannya dan kelebihannya,negatif
Pengguna Google,5,05/05/2026 10:45,4.11.2,bisa digunakan,negatif
Pengguna Google,1,05/05/2026 10:44,4.16.1,gajelas apk nya ga bisa dibuka force close mulu,negatif
Pengguna Google,1,05/05/2026 10:21,4.16.1,aplikasi ribet sudah verifikasi email dan nomor telepon pas sudah masuk akunya harus verifikasi lagi pas di masukin nomor telpon yang terdaftar gak bisa harus ubah nomor telpon lagi ke pandawa mohon diperbaiki lagii waktu jadi terbuang sia sia buat daftar doanggg,positif
Pengguna Google,2,05/05/2026 10:18,4.16.1,baru mgg kmren d update skrng mnt d update lg,negatif
Pengguna Google,1,05/05/2026 10:11,4.16.1,setiap mau daftar selalu ganguan permintaan anda belum bisa di proses berulang kali selalu seperti ini,negatif
Pengguna Google,1,05/05/2026 10:03,4.16.1,biasa lah apk pemerintah biaya nya di korupsi semua jadi aplikasi nya jelek,negatif
Pengguna Google,5,05/05/2026 10:00,4.16.1,mantap ga bisa masuk ampe ganti hp jga sama aj,positif
Pengguna Google,5,05/05/2026 9:56,4.16.1,oke,positif
Pengguna Google,5,05/05/2026 9:55,4.16.1,baik,positif
Pengguna Google,5,05/05/2026 9:51,4.16.0,bagus sangat membantu,positif
Pengguna Google,5,05/05/2026 9:26,4.16.1,baik,positif
Pengguna Google,5,05/05/2026 9:25,4.16.1,pindah faskes,negatif
Pengguna Google,1,05/05/2026 9:20,4.16.1,udah bayar tagihan tapi masih ada tagihan di jkn nya gimana sih padahal cuma telat hari gimana kalo telat nya berbulan bulan tolong dong di perbaiki padahal udah bayar lho gimana sih orang tua saya mau kontrol hari ini jadi susah gara gara ini padahal biasanya lancar kalo lagi ada maintenance bilang dong nyusahin aja makin kesini malah makin ribet bukan nya mempermudah malah mempersulit udah pengaduan tanggepan nya sama aja,positif
Pengguna Google,5,05/05/2026 9:20,4.16.1,tolong saya enggak bisa lagi ambil nomer antrian online di faskes tingkat lanjut lagi sekarang,negatif
Pengguna Google,5,05/05/2026 9:19,4.16.1,baik,positif
Pengguna Google,5,05/05/2026 9:12,4.16.1,terimakasih atas pelayanan yang baik,positif
Pengguna Google,5,05/05/2026 9:04,4.16.1,sangat membantu dan mudah untuk dipakai,negatif
Pengguna Google,4,05/05/2026 9:03,4.16.1,baik,positif
Pengguna Google,5,05/05/2026 9:00,4.16.1,ok,negatif
Pengguna Google,4,05/05/2026 9:00,4.16.0,sangat bermanfaat,negatif
Pengguna Google,5,05/05/2026 8:59,4.16.1,best,positif
Pengguna Google,1,05/05/2026 8:50,4.16.1,udah daftar online k rumah sakit bisa pas k rs mau buka aplikasinya malah gag bisa tulisannya nik salah padahal registrasi ama mau log in liat ktp fisik biar gag salah malah gag bisa katanya tulisannya salah ngapain ribet pake nik kalo malah gag bisa masuk gag jelas aplikasinya,negatif
Pengguna Google,1,05/05/2026 8:46,4.16.1,aplikasi bodong minta kode verifikasi otp ga masuk tu kodenya dan ga ada solusi mau dari pandawa call center ini yg jalanin aplikasi kayaknya bot,negatif
Pengguna Google,1,05/05/2026 8:43,4.16.1,aplikasi gak guna gak mempermudah malah mempersulit mau ambil antrean kontrol poli aja pake aplikasi gak jelas registrasi ribet pengembang aplikasi gak kompeten jadinya ya gini pokok yang berbau pemerintah indonesia pasti ribet dan gak jelas,negatif
Pengguna Google,1,05/05/2026 8:37,4.16.1,sistem kau perbaiki faskes pertama tidak mungkin bisa buat rujukan baru jika faskes rujukan yang sebelumnya belum ditutup dari rumah sakit gegara sistem kalian kendor begini saya jadi mondarmandir harus tutup faskesnya buka lagi faskes baru baru bisa berobat kebesokannya perbaiki sistem kalian kesalahan sistem kalian tapi kami yang dirugikan jadi mondarmandir padahal kita ada bukti kontrol,positif
Pengguna Google,3,05/05/2026 8:27,4.16.1,ambil kuota masih aja harus ke rumah sakit gak bisa ambil lewat aplikasi,negatif
Pengguna Google,5,05/05/2026 8:24,4.16.1,aplikasi mudah digunakan,negatif
Pengguna Google,4,05/05/2026 8:13,4.16.1,tapi kami susah mau rubah jadual dimana beauk sdh terjadual kontrol tp besuk ada halangan mau ajukan ke kamis tgl tp ke mana,negatif
Pengguna Google,5,05/05/2026 8:10,4.16.1,pendaftaran menjadi lebih mudah tengkyu mjkn,negatif
Pengguna Google,1,05/05/2026 8:09,4.16.1,kenapa sih harus diribet ribet kaya gini ibu saya mau berobat juga susah harus verifikasi otp yang ga masuk pdhal nomer sesuai terus disuruh beli pulsa dulu tetep aja ga masuk otp nya,positif
Pengguna Google,1,05/05/2026 8:09,4.16.1,layanan pemerintah pada dongo di wa bolak balik aja balesanya,negatif
Pengguna Google,5,05/05/2026 8:06,4.16.1,mudah mengganti faskes via aplikasi,negatif
Pengguna Google,5,05/05/2026 8:06,4.16.1,mantap,positif
Pengguna Google,2,05/05/2026 8:01,4.16.1,setiap mau buka aplikasi pasti keluar dari akun,negatif
Pengguna Google,5,05/05/2026 7:55,4.16.1,pihak developer aplikasi yang buat gimana dengan sistem ini ga jelas kelayakan nya saya tahu memang dari kalangan sederhana apa iya make sistem kasta misalnya dengan status tinggi langsung fast respon giliran kalangan sederhana ga akurat udah minta kode otp beberapa kali tetap ga masuk juga kecewa saya memang,negatif
Pengguna Google,5,05/05/2026 7:43,4.15.0,enak jdi gampang,negatif
Pengguna Google,5,05/05/2026 7:36,4.16.1,sangat membantu sekali,negatif
Pengguna Google,5,05/05/2026 7:31,4.16.1,sdh bagus,positif
Pengguna Google,5,05/05/2026 7:25,4.16.1,sudah update dan lnsg bisa di buka app,negatif
Pengguna Google,1,05/05/2026 7:19,4.16.1,mau registrasi susah amat nungguin buat ngirim kode otp nya semua nya udah sesuai giliran ke email ada tapi harus ttep masukin kode dari sms pdahal kode nya ga nyampe gimna sii,positif
Pengguna Google,5,05/05/2026 7:04,4.16.1,membantu sekali untuk daftar berobat secara online jadi mudah dpt nomor antriannya cepet,negatif
Pengguna Google,5,05/05/2026 7:02,4.16.1,sangat membantu,negatif
Pengguna Google,5,05/05/2026 6:56,4.16.1,cepat memproses data,positif
Pengguna Google,4,05/05/2026 6:55,4.16.1,bagaimana merubah no rujukan dan merubah nomor handphone verifikasi padahal nomornya benar,negatif
Pengguna Google,1,05/05/2026 6:54,4.16.1,mau daftar di suruh isi no hp sama email tapi setiap diklik gk respon jdi gk bisa isi ho hp gk bisa isi email gk bisa daftar trus gunanya apl ini apa,negatif
Pengguna Google,5,05/05/2026 6:50,4.16.1,top,positif
Pengguna Google,5,05/05/2026 6:42,4.16.1,makasih memudahkan,negatif
Pengguna Google,5,05/05/2026 6:40,4.15.0,aplikasi nya bagus pelayanan jadi mudah cuma sllu minta di update udah mau di update gagal pulak gimana ni,positif
Pengguna Google,5,05/05/2026 6:36,4.16.0,good job,negatif
Pengguna Google,5,05/05/2026 6:31,4.16.1,sangat membantu,negatif
Pengguna Google,5,05/05/2026 6:22,4.16.1,kren,negatif
Pengguna Google,5,05/05/2026 6:19,4.16.1,semoga lancar,positif
Pengguna Google,1,05/05/2026 6:16,4.15.0,update terus menerus setiap login semakin lama semakin ribet yah pakai jkn klo menurut saya lebih baik pendaftaran langsung ke rs saja ngantri dan tidak ribet seperti ini karena pasien manula tidak semua bisa memakai aplikasi ini,negatif
Pengguna Google,5,05/05/2026 6:05,4.16.1,mantap,positif
Pengguna Google,5,05/05/2026 6:03,4.16.1,akun saya tidak bisa menerima sms verifikasi,negatif
Pengguna Google,1,05/05/2026 5:58,4.16.1,gabisa masuk udah lama di tunggu masih gabisa tolong di perbaiki,negatif
Pengguna Google,3,05/05/2026 5:57,4.15.0,harus update mobile jkn nya ternyata ketika diupdate memorinya sangat besar kl tdk diupdate g bisa digunakan,negatif
Pengguna Google,5,05/05/2026 5:54,4.16.1,mantap,positif
Pengguna Google,5,05/05/2026 5:54,4.16.1,mantap,positif
Pengguna Google,5,05/05/2026 5:40,4.15.0,alhamdulillaah selalu lancar tanpa ada hambatan,positif
Pengguna Google,4,05/05/2026 5:38,4.16.1,mantap,positif
Pengguna Google,4,05/05/2026 5:32,4.15.0,sangat puas,positif
Pengguna Google,1,05/05/2026 5:28,4.16.1,mau ambil antrean online harus isi skrining sudah isi gabisa disimpan tolong klo update testing yang benerr udah ada codex masih ngebug cape deh,negatif
Pengguna Google,5,05/05/2026 5:27,4.16.1,aplikasi yang sangat bagus dan membantu,positif
Pengguna Google,5,05/05/2026 5:20,4.16.1,selalu bisa membantu dengan cepat,positif
Pengguna Google,1,05/05/2026 5:20,4.16.1,cari nomor antrian susah sekali sdh bulan mau ambil no antrian tdk pernah dapat selalu nya full setiap hari buka apk,negatif
Pengguna Google,1,05/05/2026 5:16,4.14.0,apk musingin selalu minta update habisin memory aja,negatif
Pengguna Google,5,05/05/2026 5:12,4.16.1,ok,negatif
Pengguna Google,5,05/05/2026 5:04,4.16.1,terbaik,positif
Pengguna Google,5,05/05/2026 5:02,4.16.1,ok sangqt membantu dan sangat mudah diakses,negatif
Pengguna Google,1,05/05/2026 4:57,4.16.1,kenapa ahir ini eror aplikasinya,negatif
Pengguna Google,1,05/05/2026 4:51,4.16.1,bikin pusing,negatif
Pengguna Google,5,05/05/2026 4:48,4.16.1,sangat membantu dlm pelayanan,negatif
Pengguna Google,1,05/05/2026 4:32,4.16.1,aplikasi terjelek mau masuk susah,negatif
Pengguna Google,5,05/05/2026 4:31,4.16.0,menyingkat waktu,negatif
Pengguna Google,5,05/05/2026 4:30,4.16.1,sangat membantu,negatif
Pengguna Google,2,05/05/2026 4:17,4.16.1,udah hari buat daftar nomer minta verifikasi gak pernah di gubres blasss capek aq,negatif
Pengguna Google,5,05/05/2026 4:07,4.16.1,ok,negatif
Pengguna Google,5,05/05/2026 3:56,4.16.1,aplikasi yg sangat membantu dalam layanan yg memuaskan,positif
Pengguna Google,5,05/05/2026 3:53,4.15.0,pelayanan bagus,positif
Pengguna Google,5,05/05/2026 3:45,4.16.1,sangat bermanfaat,negatif
Pengguna Google,1,05/05/2026 3:44,4.16.1,aplikasi gak jelas gak bisa daftar akun ngapain dibuat aplikasi kalo gak bisa digunakan gak jelas aplikasi ini,negatif
Pengguna Google,5,05/05/2026 3:43,4.9.0,sangat memuaskan,positif
Pengguna Google,5,05/05/2026 3:43,4.16.1,baik sekali,positif
Pengguna Google,5,05/05/2026 3:43,4.16.1,bagus,positif
Pengguna Google,5,05/05/2026 3:42,4.16.1,sangat baik cukup membantu,positif
Pengguna Google,5,05/05/2026 3:36,4.16.1,helpfull,negatif
Pengguna Google,5,05/05/2026 3:34,4.16.1,lebih mudah cepat banyak manfaatnya,positif
Pengguna Google,3,05/05/2026 3:28,4.13.1,karena sering keluar sendiri aplikasinya,negatif
Pengguna Google,1,05/05/2026 3:22,4.16.1,selalu tiba tiba log out dan untk log in sangat sulit coba masuk dengan lupa password dan masukin nomor hp malah di katain nomor hp salah padahal admin bpjs kesehatan bisa mengirim pesan ke ponsel saya setiap saya lupa bayar kenapa di akun jkn katanya nomor sy salah tolong di benerin lagi lah app nya klu gk hapus aja buat emosi aja,negatif
Pengguna Google,1,05/05/2026 3:22,4.16.1,aplikasi gak jelas mempersulit verifikasi muka kagak bisa verifikasi nomor gak bisa gak jelas gak jelas,negatif
Pengguna Google,5,05/05/2026 3:15,4.16.1,sangat memudahkan,negatif
Pengguna Google,5,05/05/2026 3:15,4.16.1,terimakasih saya puas dengan layanan ini,positif
Pengguna Google,1,05/05/2026 3:14,4.14.0,ortu gua mau verifikasi otp karna lupa password aja harus berkali kali semua udah benar tapi ko gk diproses ya apk ribet dan parahnya lagi smua klinik tidak nerima daftar offline kan ribet banget haduuhhh,negatif
Pengguna Google,5,05/05/2026 3:02,4.16.1,terima kasih semoga tetap amanah untuk rakyat,positif
Pengguna Google,5,05/05/2026 2:56,4.16.1,mantabz,negatif
Pengguna Google,1,05/05/2026 2:54,4.16.1,jelek apk jkn setiap pembaruan apk selalu log out,negatif
Pengguna Google,5,05/05/2026 2:52,4.16.1,terbaik,positif
Pengguna Google,5,05/05/2026 2:43,4.16.1,ok,negatif
Pengguna Google,1,05/05/2026 2:40,4.16.1,nyusahin ga jelas ribet nya pake banget kalua blm siap mending gausah make ginian,negatif
Pengguna Google,5,05/05/2026 2:33,4.16.1,bagus,positif
Pengguna Google,5,05/05/2026 2:26,4.16.1,mohon aplikasi nya jangan ada gangguan saat jam operasi berobat,negatif
Pengguna Google,1,05/05/2026 2:22,4.16.1,susah banget scan wajahnya daftar pake nomor baru malah harus pake nomor yang lama perbaiki lah aplikasi scan wajahnya,negatif
Pengguna Google,1,05/05/2026 2:18,4.16.1,jelek banget ngasih otp doang kayak nungguin indonesia bebas korupsi,negatif
Pengguna Google,5,05/05/2026 2:13,4.16.1,bagus,positif
Pengguna Google,5,05/05/2026 2:13,4.16.1,lebih mudah lebih praktis,negatif
Pengguna Google,5,05/05/2026 1:59,4.16.1,mantap,positif
Pengguna Google,4,05/05/2026 1:34,4.16.1,bagsu,negatif
Pengguna Google,1,05/05/2026 1:28,4.16.1,capek ngisi ulang data data berulang kali,negatif
Pengguna Google,1,05/05/2026 1:27,4.16.1,sebenarnya ni apl dibuat untuk mempermudah apa mempersulit sih daftar aja verifikasi nya susah nya minta ampun bekali kali nyoba gagal melulu perbaikin tuh apl nya masa kalah ama app luar,positif
Pengguna Google,5,05/05/2026 1:24,4.16.1,beberapa bulan yang lalu sebelum update saya bisa melakukan login kedalam akun saya kini setelah update saya tidak bisa login masuk melihat akun saya mohon bantuannya dan di perbaiki sistem program nya terimakasih,positif
Pengguna Google,5,05/05/2026 1:22,4.16.1,membantu sekali,negatif
Pengguna Google,4,05/05/2026 1:21,4.16.0,asal di appgread data riwayat pengobatan hilang,negatif
Pengguna Google,2,05/05/2026 1:18,4.16.1,kalo emang harus pake aplikasi harusnya benerin dong masa rujukannya ga muncul alhasil gabisa ambil antrean,negatif
Pengguna Google,5,05/05/2026 1:12,4.16.1,good aplikasi,negatif
Pengguna Google,1,05/05/2026 1:10,4.16.1,kode otp sms mana ya gak muncul udah saya coba berkali kali yang muncul hanya otp email aja tolong dong,negatif
Pengguna Google,5,05/05/2026 1:10,4.16.1,sangat sangat membantu sekali apk jkn ini,negatif
Pengguna Google,5,05/05/2026 1:08,4.16.1,sangat membantu,negatif
Pengguna Google,5,05/05/2026 1:01,4.16.1,mantab,negatif
Pengguna Google,5,05/05/2026 1:00,4.16.1,sangat puas,positif
Pengguna Google,2,05/05/2026 0:59,4.16.1,entah lah aplikasi pemerintah gak ada satu pun yg beres di awal pas daftar otp gak masuk mulu ternyata harus pake pulsa tolong dong tuliskan info kalo untuk meminta kode otp itu diperlukan pulsa karena gak semua org faham terus udah berhasil saat mau ambil antrean padahal udah klik untuk besok eh tiba udah selesai dengan sendiri nya pelayanan kesehatan anda telah selesai padahal ambil antrean untuk besok pas di cek lagi riwayat tertulis hari ini buang waktu dan tenaga aja,negatif
Pengguna Google,3,05/05/2026 0:57,4.16.1,aplikasinya ribet tiap mau masuk buka ktp buka dompet indonesia ni ga bisa ya buat app simple kebanyakan korup makanya ribet biar ada celah,negatif
Pengguna Google,5,05/05/2026 0:53,4.16.1,bagus,positif
Pengguna Google,4,05/05/2026 0:41,4.16.1,sejauh ini alhamdulillah membantu sekali tapi untuk saya yg lupaan ganti password bulan sekali itu rasanya merepotkan tapi ya udah lah demi keamanan kan,positif
Pengguna Google,5,05/05/2026 0:40,4.16.1,sangat membantu,negatif
Pengguna Google,5,05/05/2026 0:37,4.16.1,okay cukup bagus,positif
Pengguna Google,5,05/05/2026 0:31,4.16.1,sangat berguna,negatif
Pengguna Google,5,05/05/2026 0:30,4.16.1,sangat mudah membantu,negatif
Pengguna Google,5,05/05/2026 0:25,4.16.1,jkn yang fantastis,negatif
Pengguna Google,5,05/05/2026 0:21,4.16.1,keren banget,positif
Pengguna Google,5,05/05/2026 0:17,4.16.1,sangat bermanfaat,negatif
Pengguna Google,1,05/05/2026 0:09,4.16.1,aplikasi jelek suka ke logout sendiri captcha nya lama amat mau dapat,negatif
Pengguna Google,1,05/04/2026 23:46,4.16.1,ga bisa masuk jkn apk payah percuma tiap bulan potong gaji buat ini mau berobat ga bisa sial,negatif
Pengguna Google,5,05/04/2026 23:41,4.16.1,sangat bermanfaat,negatif
Pengguna Google,5,05/04/2026 23:34,4.16.1,cm saran utk perubahan faskes terlalu lama menunggu kalau baru bisa digunakan harus menunggu bulan,negatif
Pengguna Google,1,05/04/2026 23:14,4.16.1,mau ambil antrian di faskes via online aja gabisa padahal dulu bisa joh,negatif
Pengguna Google,5,05/04/2026 23:13,4.16.1,sangat membantu,negatif
Pengguna Google,5,05/04/2026 23:02,4.16.1,sangat memmbantu,negatif
Pengguna Google,4,05/04/2026 22:48,4.16.1,mempermudahkan,negatif
Pengguna Google,5,05/04/2026 22:25,4.16.1,sangat membantu dan memudahkan,negatif
Pengguna Google,5,05/04/2026 22:16,4.16.1,nomor telepon gk ada kode otp,negatif
Pengguna Google,5,05/04/2026 21:53,4.16.1,membantu,negatif
Pengguna Google,1,05/04/2026 21:52,4.16.1,udah semingguan mau login selalu permintaan gak bisa di proses terus,negatif
Pengguna Google,5,05/04/2026 20:32,4.16.1,good,negatif
Pengguna Google,5,05/04/2026 20:14,4.16.1,baguss,positif
Pengguna Google,1,05/04/2026 19:21,4.16.1,aplikasi apaan dah masa ga bisa login hapus aja kalau ga niat melayani,negatif
Pengguna Google,5,05/04/2026 18:55,4.16.1,mempermudah proses semuanya,negatif
Pengguna Google,5,05/04/2026 17:00,4.14.0,mantul,negatif
Pengguna Google,1,05/04/2026 16:50,4.14.0,udah ribet susah masuknya lagi gmn kalo urgen,negatif
Pengguna Google,5,05/04/2026 16:50,4.16.1,terbaik apk bosku,positif
Pengguna Google,1,05/04/2026 16:25,4.16.1,aplikasi bengakkk dikit logout pas mau login lagi bacaan nik salah padahal udah sesuai tolong diperbaiki lagi nyusahin aja bikin orng emosi,positif
Pengguna Google,2,05/04/2026 16:16,4.16.1,barusan abis update jujur ui nya lebih jelek mendingan yg versi lama versi sekarang kerasa kayak tone down gitu warnanya monoton juga banyak teks yang keluar frame jadi informasi ga tersampaikan dengan baik terus di menu riwayat pemeriksaan masa ada watermark nik juga sih urgensi nya apa ya dikasih wm gitu kalo di ss gampang tuh nik nyebar,negatif
Pengguna Google,1,05/04/2026 16:01,4.16.1,aplikasi gaje setiap login suruh login ulang giliran lupa sandi malah ga kekirim kode otp nya gajeee,negatif
Pengguna Google,5,05/04/2026 15:42,4.16.1,lebih mudah lebih cepat lebih oke,positif
Pengguna Google,4,05/04/2026 15:34,4.16.1,bagus membantu pendaftaran,positif
Pengguna Google,5,05/04/2026 15:14,4.16.1,aplikasi ini sangat bermanfaat,negatif
Pengguna Google,1,05/04/2026 15:13,4.14.0,apk kocak nagih iruan aja cepat itu apk dibenahi dulu akun sering logout tanpa sebab setiap mau loogin saja ribetnya minta ampun apk kocak,positif
Pengguna Google,1,05/04/2026 15:12,4.16.1,udah registrasi lengkap katanya udah berhasil tapi ngga bisa masuk akun,negatif
Pengguna Google,1,05/04/2026 15:10,4.16.1,kenapa selalu tidak ada kode otp melalu nomor kita padahal nomornya aktiv sudah hari coba daftar tidak bisa mohon segera di perbaiki terima kasih,positif
Pengguna Google,2,05/04/2026 15:03,4.16.1,setelah pembaruan saya tidak bisa login padahal nik dan sandinya benar mohon segera diperbaiki bug aplikasinya,positif
Pengguna Google,5,05/04/2026 15:03,4.16.1,di perbaiki lah sistem nya masa ga masuk masuk kode verifikasi nya di sms katanya harus ada pulsanya tp tetep ga bisa ya g bener bikin sistem,positif
Pengguna Google,5,05/04/2026 14:57,4.16.1,jujur saya sedang mengalami kendala terkait data saya tbtb tidak ditanggung padahal pembayaran rutin lunas solusinya apa ya selain reaktivasi,negatif
Pengguna Google,5,05/04/2026 14:52,4.16.1,sejauh ini masih aman pakai nya,positif
Pengguna Google,4,05/04/2026 14:50,4.16.1,sangat bermanfaat,negatif
Pengguna Google,4,05/04/2026 14:40,4.16.1,mendesak mau periksa ektp muncul minta skrining eh muter aja lama kenapa itu kn jd gk bs daftar,negatif
Pengguna Google,5,05/04/2026 14:29,4.16.1,fitur dan layanan mudah digunakan,negatif
Pengguna Google,5,05/04/2026 14:22,4.16.1,the best,positif
Pengguna Google,1,05/04/2026 14:18,4.16.1,aplikasi ruwet wong buat lansia aja pake foto hadap kiri kanan dll mestinya buat cuma daftar antrian online buat aplikasi yg mudah toh juga pasien rata yg sakit kok pake ferifikasi foto detail klo pasien sakit stroke gima jadi nya ga selesai daftarnya ruwet,positif
Pengguna Google,1,05/04/2026 14:13,4.16.1,suka tiba tiba logout terus susah masuknya lagi mau login gabisa terusssss gimana si aplikasi gajelassss,positif
Pengguna Google,1,05/04/2026 14:07,4.16.1,tolong diperbaikii,positif
Pengguna Google,4,05/04/2026 13:45,4.16.1,ribet,negatif
Pengguna Google,5,05/04/2026 13:35,4.16.1,terbanti banget,negatif
Pengguna Google,2,05/04/2026 13:31,4.16.1,kenapa sih gak bisa bayar lewat qris kurang canggih,negatif
Pengguna Google,1,05/04/2026 13:24,4.16.1,kode sms gapernah masuk,negatif
Pengguna Google,5,05/04/2026 13:22,4.14.0,puas,positif
Pengguna Google,5,05/04/2026 13:21,4.16.1,terimakasih apk jkn semua urusan jadi mudah,negatif
Pengguna Google,1,05/04/2026 13:18,4.16.1,aplikasi jelek mending hapus aj daftar berobat terjadi kesalahan mulu apk eror,negatif
Pengguna Google,5,05/04/2026 13:15,4.16.1,mantap,positif
Pengguna Google,5,05/04/2026 13:13,4.16.1,sangat membantu,negatif
Pengguna Google,5,05/04/2026 12:59,4.16.1,terimakasih aplikasi ini sangat membantu sekali,negatif
Pengguna Google,5,05/04/2026 12:58,4.16.1,sangat membantu,negatif
Pengguna Google,5,05/04/2026 12:58,4.16.1,ok,negatif
Pengguna Google,1,05/04/2026 12:54,4.16.1,kenapa dipaksa harus auto debet kan seharusnya bisa manual,negatif
Pengguna Google,1,05/04/2026 12:53,4.16.1,aok cacat kode otp tidak bisa dikirm,negatif
Pengguna Google,1,05/04/2026 12:47,4.16.1,daftar susah kode nya ga mau masuk padahal udah berbagai cara,negatif
Pengguna Google,5,05/04/2026 12:45,4.16.1,ok,negatif
Pengguna Google,1,05/04/2026 12:33,4.16.1,mau nanya ini kode otpnya kok gk dikirim kirim kenapa lama sekali ya padahal udah ganti hp sama saja ganti nomor email juga gak di kirim kirim kode otpnya gimana ini,negatif
Pengguna Google,5,05/04/2026 12:32,4.16.1,aplikasi agak payah dibukak,negatif
Pengguna Google,5,05/04/2026 12:31,4.16.1,aplikasinya cepat tidak bertele tele,positif
Pengguna Google,5,05/04/2026 12:15,4.16.1,ok,negatif
Pengguna Google,1,05/04/2026 12:13,4.16.1,ini smsnya mana,negatif
Pengguna Google,1,05/04/2026 12:06,4.16.1,aplikasi tidak jelas kode otp tidak pernah di kirim,negatif
Pengguna Google,1,05/04/2026 11:55,4.16.1,nmr hpku kok g bisa masuk yh permintaan tdk dapat di proses mulu,negatif
Pengguna Google,5,05/04/2026 11:52,4.16.1,mantap,positif
Pengguna Google,4,05/04/2026 11:50,4.16.1,baik,positif
Pengguna Google,5,05/04/2026 11:46,4.16.1,sangat memuaskan dan mempermudah,positif
Pengguna Google,5,05/04/2026 11:45,4.16.1,aplikasi yang sangat membantu sekali dan mempermudah ketika sedang darurat,negatif
Pengguna Google,5,05/04/2026 11:42,4.16.1,otp nomer hp kok belum muncul yah,negatif
Pengguna Google,5,05/04/2026 11:41,4.16.1,mabmntap,negatif
Pengguna Google,3,05/04/2026 11:40,4.16.1,aplikasinya buruk sering keluar entah apa maksudnya setelah cek in di loket registrasi baru ke bukak bisa setelah di scan surat control nya langsung tiba tiba log out harus masuk ulang ini gila sangat gila saya ampir tidak mengerti apa tujuan mereka,negatif
Pengguna Google,5,05/04/2026 11:36,4.16.1,bagus,positif
Pengguna Google,4,05/04/2026 11:36,4.16.1,bagus,positif
Pengguna Google,5,05/04/2026 11:28,4.16.1,bagus bgt pelayanannya,positif
Pengguna Google,5,05/04/2026 11:16,4.16.1,apk bagus,positif
Pengguna Google,1,05/04/2026 11:07,4.16.1,mao daftar baru ajh g pernah bisa,negatif
Pengguna Google,5,05/04/2026 11:02,4.16.1,terbaik,positif
Pengguna Google,5,05/04/2026 11:01,4.16.1,sangat baik dan sangat membantu untuk proses pendaftaran dalam pengobatan ke rumah sakit dan lebih praktis,positif
Pengguna Google,5,05/04/2026 10:50,4.16.1,aku kasih bintang biar kebaca aku udah ganti nomor hp melalui pandawa dan berhasil tapi tetep pas mau daftar bpjs di mobile jkn harus pake nomor hp yang pertama kali daftarin bpjs sedangkan nomor hpnya pun gak tau nomor siapa kasian emak ku mana kalau berobat ke puskesmas harus daftar online mana perawatnya judes lagi hadeuhhhh cape dehhh,negatif
Pengguna Google,5,05/04/2026 10:46,4.16.1,susah bagus pertahankan,positif
Pengguna Google,5,05/04/2026 10:46,4.16.1,berguna,negatif
Pengguna Google,5,05/04/2026 10:42,4.16.1,udah daftar pake wajah error pake no hp kode otp nya gak masuk pake gmail bisa ini error apa gimana maksudnya,negatif
Pengguna Google,1,05/04/2026 10:38,4.16.1,kode otp ga masuk masuk kerja ga becus,negatif
Pengguna Google,1,05/04/2026 10:31,4.16.1,aplikasi sangat susah digunakan susah daftarnya sering eror ga jelas saya sebagai orang it sangat kecewa padahal aplikasi harus memudahkan user,negatif
Pengguna Google,5,05/04/2026 10:06,4.16.1,sangat membantu,negatif
Pengguna Google,5,05/04/2026 10:05,4.16.1,lumayan lah,negatif
Pengguna Google,1,05/04/2026 10:03,4.16.1,pelayanan busuk mau bayar aja susah dan pengaduan muter yang jawab robot,negatif
Pengguna Google,5,05/04/2026 9:49,4.16.1,sangatttt membantu sekali,negatif
Pengguna Google,5,05/04/2026 9:43,4.16.1,baik dan cepat,positif
Pengguna Google,5,05/04/2026 9:40,4.16.1,tolong di perbaiki karen tidak bisa verifikasi nomor telepon sudah di ulang dalam beberapa menit tetap tidak bisa tolong di bantu,positif
Pengguna Google,1,05/04/2026 9:36,4.16.1,gak bisa login gangguan,negatif
Pengguna Google,5,05/04/2026 9:26,4.16.1,ok,negatif
Pengguna Google,5,05/04/2026 9:22,4.16.1,aplikasi cukup membantu,negatif
Pengguna Google,5,05/04/2026 9:19,4.16.1,good,negatif
Pengguna Google,5,05/04/2026 9:07,4.14.0,mudah cepat,positif
Pengguna Google,5,05/04/2026 9:06,4.16.1,sangat membantu,negatif
Pengguna Google,1,05/04/2026 9:04,4.16.1,mau daftar gabisa tolong dong gimana,negatif
Pengguna Google,5,05/04/2026 8:58,4.16.0,aplikasi sangat membantu,negatif
Pengguna Google,1,05/04/2026 8:56,4.16.1,woi benerin aplikasi nya ini masa masih banyak bug dan sering eror coba team it periksa lagi,negatif
Pengguna Google,1,05/04/2026 8:39,4.16.1,gini amat aplikasi punya negara harusnya kalo online bisa lebih mudah ini sama aja ribetnya otp gak muncul lah,negatif
Pengguna Google,5,05/04/2026 8:36,4.16.1,baik,positif
Pengguna Google,1,05/04/2026 8:27,4.16.1,bukannya mempermudah malah yaa tau lahhh otp nya ga masuk blom dibayar kali yaa sms otp nya,negatif
Pengguna Google,5,05/04/2026 8:26,4.16.1,sangat memuaskan,positif
Pengguna Google,5,05/04/2026 8:16,4.16.1,sengaja kasih bintang biar dibaca hei itu yang verifikasi nomor harus pakai telkomsel kah saya pakai nomor smartfren katanya belum dapat diproses lah apalah tapi saya coba pakai nomor teman saya yang kartu telkomsel langsung bisa apa apaan ini,negatif
Pengguna Google,5,05/04/2026 8:15,4.16.1,mantabb,negatif
Pengguna Google,5,05/04/2026 8:11,4.1.3,gabisa di instal,negatif
Pengguna Google,1,05/04/2026 8:03,4.16.1,sumpah udah bayar mahal jelek ribet mana app skrg makin susah mau bayar juga susah ga di bayar pinalti tapi mau bayar di ribetin,negatif
Pengguna Google,5,05/04/2026 8:03,4.16.1,mantap,positif
Pengguna Google,5,05/04/2026 7:58,4.16.1,bagus,positif
Pengguna Google,4,05/04/2026 7:50,4.16.1,ini kenapa gak bisa buka yak tulisannya aplikasi gak bisa dibuka di perangkat ini,negatif
Pengguna Google,5,05/04/2026 7:48,4.16.1,oke,positif
Pengguna Google,1,05/04/2026 7:47,4.16.1,terputus terus tidak ada suara,negatif
Pengguna Google,3,05/04/2026 7:46,4.16.1,ini apk gimana dah mau masuk aja susah banget tak coba daftar baru aja tetep ga bisa ni apk dibuat buat apa kalo login ga bisa daftar baru juga bisa haduuhhh parah,negatif
Pengguna Google,1,05/04/2026 7:42,4.16.1,udah daftar masukin no hp berkali kali kode otp nggak masuk aplikasi ribet kasian orang orang yg mau gunain aplikasi ini jadi tertunda,negatif
Pengguna Google,2,05/04/2026 7:39,4.16.1,tolong dong bpjs mau daftar autodebit susah bangeet padahal tinggal masukin nomor telepon salah mulu gak di acc padahal bener nomer nya,negatif
Pengguna Google,1,05/04/2026 7:22,4.16.1,aplikasi macam apa ini anggaran pake uang negara tapi pengurusan ribet banyak gagal nya,negatif
Pengguna Google,5,05/04/2026 7:19,4.16.1,bagus,positif
Pengguna Google,5,05/04/2026 7:12,4.16.1,mudah dan cepat,positif
Pengguna Google,5,05/04/2026 7:07,4.16.1,good,negatif
Pengguna Google,5,05/04/2026 7:03,4.16.1,mantap dan sangat mudah menggunakan nya,positif
Pengguna Google,1,05/04/2026 7:02,4.16.1,aplikasi busuk bikin puyeng suruh log in berulang males jadinya,negatif
Pengguna Google,3,05/04/2026 7:01,4.16.1,semenjak ada jkn jadi semakin ribet ruwet,negatif
Pengguna Google,1,05/04/2026 6:56,4.16.1,jkn eror trus terusan woi gabisa daftar ke faskes,negatif
Pengguna Google,1,05/04/2026 6:55,4.16.1,aplikasi burik sms lemot parah tampilan kuno regis login ribet budaya aplikasi pemerintah harus lemot anggaran gede,negatif
Pengguna Google,1,05/04/2026 6:47,4.16.1,lambat kali ngirim otp hapus aja bpjs kalau mempersulit pandawa chat juga lambat respon jawab nya kej orang abis nge lem yang di tanya apa di jawab apa,negatif
Pengguna Google,1,05/04/2026 6:44,4.16.1,susah banget daftar pake aplikasi ini,negatif
Pengguna Google,1,05/04/2026 6:39,4.16.1,kode verifikasi no hp gagal trs apl ribet buang waktu,negatif
Pengguna Google,4,05/04/2026 6:32,4.16.1,apk ngak bermanfaat,negatif
Pengguna Google,1,05/04/2026 6:30,4.16.1,pelayanan pandawa sangat tolol,negatif
Pengguna Google,5,05/04/2026 6:29,4.16.1,pelayanan cepat,positif
Pengguna Google,1,05/04/2026 6:27,4.16.1,tanggal mei aplikasi mau dipake daftar berobat malah down siang begini kualitasnya jelek sekali tim it ny siang bolong malah gangguan lama orang mau berobat jadi ga bisa disuruh bayar tiap bulan kuantitas kek gini hdeh siap aja di sumpahin rakyat yang di kwcewain,negatif
Pengguna Google,5,05/04/2026 6:21,4.16.1,memuaskan,positif
Pengguna Google,4,05/04/2026 6:11,4.16.1,pelayanan kurang memuaskan tambah nomor telepon g bza,positif
Pengguna Google,1,05/04/2026 6:11,4.16.1,oi suruh kirim kode otp pake nomer tapi kode nya ga keluar pulsa ada paket ada apalagi,negatif
Pengguna Google,5,05/04/2026 6:07,4.16.1,ksh bintang biar akses nya tdk eror,negatif
Pengguna Google,5,05/04/2026 6:07,4.16.1,senang mempermudah urusan,negatif
Pengguna Google,3,05/04/2026 6:01,4.16.1,tolong ketika jadwal kontrol atau tanggal rujukan di hari h sudah penuh agar sistem bisa di auto generate tanggal rujukan di hari berikutnya karena yang sekarang malah hilang tanggal rujuk baliknya,negatif
Pengguna Google,1,05/04/2026 5:58,4.16.1,pandawa botnya lalot gak menyelesaikan masalah,negatif
Pengguna Google,1,05/04/2026 5:53,4.16.1,aplikasi bobrok mau daftar aja ribet banget otp nya gak masuk masuk,negatif
Pengguna Google,5,05/04/2026 5:53,4.16.1,kenapa gagal verifikasi wajah dan pendaftaran nomor telepon di persulit sedangkan akun goggle langsung masuk,negatif
Pengguna Google,5,05/04/2026 5:52,4.8.1,ok,negatif
Pengguna Google,5,05/04/2026 5:50,4.16.1,aplikasi busuk emang,negatif
Pengguna Google,5,05/04/2026 5:44,4.16.1,akses mudah pindah data juga mudah alhamdulillah pelayanan di kota lain bagus,positif
Pengguna Google,1,05/04/2026 5:43,4.16.1,aplikasi bego tidak lansia friendly gabisa apa memperkejakan tim it yang bagus dikit dikit rusak aplikasinya dapat dimana sii itu yang ngoding aplikasinya,negatif
Pengguna Google,5,05/04/2026 5:42,4.16.1,bintang mudah dan cepat,positif
Pengguna Google,1,05/04/2026 5:35,4.16.1,smsnya tolong di benerin butuh buat daftarkan istri mau lahiran,negatif
Pengguna Google,5,05/04/2026 5:34,4.16.1,mantap pelayanan,positif
Pengguna Google,1,05/04/2026 5:34,4.16.1,bukannya mempermudah layanan ehhh ini malah mempersulit layanan setann bener dah yg ngelola app nya,negatif
Pengguna Google,1,05/04/2026 5:30,4.16.1,aplikasi ga guna,negatif
Pengguna Google,5,05/04/2026 5:27,4.16.1,mempermudah masyarakat,negatif
Pengguna Google,5,05/04/2026 5:25,4.16.1,sangat membantu,negatif
Pengguna Google,5,05/04/2026 5:22,4.16.1,apk paling buruk yang pernah ada,negatif
Pengguna Google,1,05/04/2026 5:20,4.16.1,apk ngga jelas ribet di suruh ngisi apa tapi ngga ada kejelasannya,negatif
Pengguna Google,5,05/04/2026 5:17,4.16.1,sangat membantu sekali,negatif
Pengguna Google,1,05/04/2026 5:12,4.16.1,aplikasi apaan sih mau daftar bagian otp ga masuk udah bener nomernya hadehh aplikasi pemerintah emng busuk,negatif
Pengguna Google,1,05/04/2026 5:11,4.16.1,aplikasi layanan masyarakat ko kaya gini buat minta kode verif aja ga bisa padahal mau bikin akun bukan log in,negatif
Pengguna Google,4,05/04/2026 5:08,4.16.1,in sya allah lancar,positif
Pengguna Google,1,05/04/2026 4:59,4.16.1,apk ribetttt gua daftar pulsa kesedot ootp gk dapet kasihan orang yg gk punya hp kalah antrian sama yg pake apk ini setidaknya jgn kurangin pulsa klo emang pulsa kurang,negatif
Pengguna Google,5,05/04/2026 4:56,4.16.1,bagus lanjutkan ribetnya,positif
Pengguna Google,1,05/04/2026 4:52,4.16.1,pendaftaran ribet otp nya gk d kirim lemot apk nya,negatif
Pengguna Google,1,05/04/2026 4:47,4.16.1,apkasi g jelas daftar tinggal kode otp no hp saja tidak pernah dikirimkam kode nya sampai nunggu jam tetap saja tidak pernah dikirimkan malah eror mulu sekelas aplikasi milik negara kok sebrobrok ini makan gaji buta skill rendah mending g usah kerja masih banyak ahli it dimasyarakat,negatif
Pengguna Google,5,05/04/2026 4:47,4.16.1,mantapp,positif
Pengguna Google,5,05/04/2026 4:46,4.16.1,sangat mudah digunakan dan membantu masyarakat umum,negatif
Pengguna Google,5,05/04/2026 4:44,4.16.1,tuh kasih bintang tapi masih aja bayar kendala,negatif
Pengguna Google,1,05/04/2026 4:38,4.16.1,aplikasi sialan minta otp ga masuk buat reset sandi mana bisa buka acount buat nge aktifin kocak,negatif
Pengguna Google,4,05/04/2026 4:38,4.16.1,sudah lumayan baguss,positif
Pengguna Google,5,05/04/2026 4:37,4.16.1,luar biasa,negatif
Pengguna Google,5,05/04/2026 4:35,4.16.1,bagus cepet gak ribet,positif
Pengguna Google,5,05/04/2026 4:33,4.16.1,tetap ramah para petugasnya semangat,positif
Pengguna Google,1,05/04/2026 4:31,4.16.1,apk bosok,negatif
Pengguna Google,5,05/04/2026 4:29,4.16.1,kalau ada bintang pasti ku kasih saking senangnya aku dengan kemudahan layanan nya,negatif
Pengguna Google,1,05/04/2026 4:27,4.16.1,gangguan terooooooooossss,negatif
Pengguna Google,5,05/04/2026 4:25,4.16.1,sell di permudah,negatif
Pengguna Google,5,05/04/2026 4:22,4.16.1,terimakasih,negatif
Pengguna Google,1,05/04/2026 4:21,4.16.1,hp saya ga di root ko bisa bisanya terdeteksi hp root saya jadi gabisa buka aplikasinya mana sekarang setiap ke rs wajib ada mobile jkn,negatif
Pengguna Google,4,05/04/2026 4:19,4.16.1,baik,positif
Pengguna Google,1,05/04/2026 4:18,4.16.1,aplikasi njengkelake,negatif
Pengguna Google,5,05/04/2026 4:17,4.16.1,membantu sekali,negatif
Pengguna Google,5,05/04/2026 4:14,4.16.1,cukup membantu,negatif
Pengguna Google,5,05/04/2026 4:14,4.16.1,sangat gampang,negatif
Pengguna Google,1,05/04/2026 4:12,4.16.1,gabisa send otp,negatif
Pengguna Google,1,05/04/2026 4:09,4.16.1,parah sih ini gangguan terus tiap mau di butuhkan urgent ini tpi aplikasinya eror terus,negatif
Pengguna Google,5,05/04/2026 4:08,4.16.1,ok,negatif
Pengguna Google,5,05/04/2026 4:02,4.16.1,oke,positif
Pengguna Google,2,05/04/2026 3:47,4.16.1,sudah pakai data dan isi pulsa pun masih sulit untuk menerima otp ga akan dosa kok mempermudah rakyat nya buat ga cemas,negatif
Pengguna Google,5,05/04/2026 3:47,4.16.1,aplikasi ini sangat membantu,negatif
Pengguna Google,1,05/04/2026 3:40,4.12.0,kenapa susah sekali buat masuk nya ganti sandi juga susah,negatif
Pengguna Google,5,05/04/2026 3:39,4.16.1,jozz,negatif
Pengguna Google,5,05/04/2026 3:38,4.16.1,sangat membantu dalam kesehatan,negatif
Pengguna Google,5,05/04/2026 3:33,4.16.1,bagus,positif
Pengguna Google,5,05/04/2026 3:30,4.16.1,sangat membantu saat pendaftaran ga usah antri bisa pakai mobile jkn,negatif
Pengguna Google,5,05/04/2026 3:16,4.16.1,sangat terbantu dengan jkn pelayanan cepat dan ramah,positif
Pengguna Google,5,05/04/2026 3:12,4.16.1,sesuai dan akurat,positif
Pengguna Google,1,05/04/2026 3:06,4.16.1,tidak bisa ubah peserta yang akan di daftarkan,negatif
Pengguna Google,1,05/04/2026 3:03,4.16.1,buruk bgt aplikasinya sangat menyusahkan untuk mendaftar saja mohon diperbaiki agar dipermudah buat daftarnya,negatif
Pengguna Google,1,05/04/2026 3:03,4.16.1,aplikasi paling ribet sedunia untuk verifikasi mbulet,negatif
Pengguna Google,5,05/04/2026 2:57,4.16.1,bagus cepat jelas,positif
Pengguna Google,5,05/04/2026 2:56,4.16.1,good,negatif
Pengguna Google,4,05/04/2026 2:46,4.16.1,ini aplikasi bagus memudahkan juga dalam satu kk bisa langsung daftar online utk pemeriksaan rujukan tapi kekurangannya di menu riwayat pelayanan hanya bisa di akses oleh akun yg di daftarkan saja tidak semua peserta yg terdaftar di kk bisa mengaksesnya,positif
Pengguna Google,5,05/04/2026 2:46,4.16.1,tolong udah hari gak bisa daftar,negatif
Pengguna Google,1,05/04/2026 2:42,4.16.1,apk untuk kesehatan tapi malah bikin sakit dan pusing d suruh masukin no hp email dan password segala macem udah d masukin no hp tapi malah gak ada kirim kode verifikasi nya malah langsung d respon lewat gmail muncul langsungg kode verifikasi nya apk gak jelass,negatif
Pengguna Google,5,05/04/2026 2:40,4.16.0,baik,positif
Pengguna Google,1,05/04/2026 2:38,4.16.1,masa harus konfirmasi lagi di tempat ribet tau gitu daftar ditempat aja,negatif
Pengguna Google,5,05/04/2026 2:31,4.16.1,mudah dan cepat penggunaannya praktis dan mudah digunakan,positif
Pengguna Google,1,05/04/2026 2:28,4.16.1,suka logout sendiri tolong perbaiki aplikasinya kakak developer,positif
Pengguna Google,1,05/04/2026 2:20,4.16.1,proses aktif dari pembayaran lama kasian pasiennya,negatif
Pengguna Google,5,05/04/2026 2:17,4.16.1,bagus,positif
Pengguna Google,5,05/04/2026 2:17,4.16.1,cukup memuaskan dan mudah digunakan,positif
Pengguna Google,1,05/04/2026 1:59,4.16.1,akun sudah terdaftar tiba keluar sendiri mau login ulang malah muncul notif akun belum terdaftar akhirnya coba daftar lagi dari awal tapi kode otp dari sms gak masuk diperbaiki lagi aplikasinya,positif
Pengguna Google,5,05/04/2026 1:48,4.15.0,sangat bagus dan membantu,positif
Pengguna Google,1,05/04/2026 1:42,4.16.1,apk aneh gak jelas minta kode verifikasi lewat no gk dikirim sumpah emosi bngtt hapus ajalah apk ini gajelas bikin ribet pendaftaran orng aja,negatif
Pengguna Google,5,05/04/2026 1:41,4.16.1,prosesnya cepat lancar,positif
Pengguna Google,5,05/04/2026 1:41,4.16.1,sangat membantu masyarakat,negatif
Pengguna Google,2,05/04/2026 1:39,4.16.1,log in notifnya coba lagi terusss,negatif
Pengguna Google,5,05/04/2026 1:38,4.16.1,best,positif
Pengguna Google,5,05/04/2026 1:27,4.16.1,keren sekali,positif
Pengguna Google,5,05/04/2026 1:25,4.16.1,ok,negatif
Pengguna Google,1,05/04/2026 1:17,4.16.1,aplikasi taiii tinggal nunggu verifikasi nunggu kode gak dikirim kirim,negatif
Pengguna Google,5,05/04/2026 1:12,4.16.1,aplikasi nya bikin orang sehat jadi sakit ribet pake banget gak bisa apa pemerintah buat yang gampang aja udah lama pake jkn malah log out sendiri dan mau daftar pake no baru susah nya minta ampun verivikasi wajah susah sampe bikin emosi nunggu kode otp berjam sampe bolak balik masukin no hp tolong di perhatikan dan di permudah,negatif
Pengguna Google,5,05/04/2026 1:10,4.16.1,bagus,positif
Pengguna Google,5,05/04/2026 1:05,4.16.1,ok tapi kadang susah di buka aplikasinya,negatif
Pengguna Google,1,05/04/2026 0:57,4.16.1,aplikasi cacat verifikasi wajah susah malah mempersulit,negatif
Pengguna Google,5,05/04/2026 0:56,4.16.1,mantap,positif
Pengguna Google,5,05/04/2026 0:42,4.16.1,bagus,positif
Pengguna Google,5,05/04/2026 0:41,4.16.1,mantap,positif
Pengguna Google,1,05/04/2026 0:35,4.16.1,sampah,negatif
Pengguna Google,5,05/04/2026 0:32,4.16.1,proses layanan baik,positif
Pengguna Google,5,05/04/2026 0:30,4.16.1,bagus,positif
Pengguna Google,1,05/04/2026 0:27,4.16.1,otp nya mana woy tanggung amat bikin aplikasi bukan mempermudah tetap saja harus datang ke kantor,negatif
Pengguna Google,2,05/04/2026 0:20,4.16.1,aplikasinya sering log out sendiri kurang efisien dan sering membuat para orang tua kebingungan menggunakannya,negatif
Pengguna Google,5,05/04/2026 0:20,4.16.1,aplikasinya bagus dan bermanfaat,positif
Pengguna Google,5,05/04/2026 0:10,4.16.1,mobil jkn mantappp,positif
Pengguna Google,1,05/04/2026 0:09,4.16.1,aplikasi abal abal wkwkwk,negatif
Pengguna Google,1,05/03/2026 23:52,4.16.1,musti log in mulu ribet,negatif
Pengguna Google,5,05/03/2026 23:49,4.16.1,baik,positif
Pengguna Google,5,05/03/2026 23:40,4.16.1,terima kasih sudah mengingatkan saya untuk senyum,negatif
Pengguna Google,1,05/03/2026 23:34,4.16.1,loading mulu,negatif
Pengguna Google,5,05/03/2026 23:27,4.16.1,sangat membantu mempermudah mendapat informasi faskes kesehatan dn dftar antrian online lebih mudah,negatif
Pengguna Google,1,05/03/2026 23:20,4.16.1,aplikasi nya eror mulu sistemnya belom bener,negatif
Pengguna Google,1,05/03/2026 23:12,4.16.1,knp gak bisa dapet otpnya pdhl pulsa ada udah puluhan kali tak ulang tetep aja gak bisa,negatif
Pengguna Google,5,05/03/2026 22:59,4.16.1,mantap,positif
Pengguna Google,3,05/03/2026 22:54,4.16.1,kalau membuat peraturan berobat harus menggunakan apk mobile jkn ya aplikasinya diperbaiki dong masa setiap mau ambil antrian selalu gagal gimana caranya kami mau berobat sampai di faskes ditanya suruh pakai aplikasi wong aplikasinya yg jelek,negatif
Pengguna Google,1,05/03/2026 22:41,4.16.1,administrasi sangat ribet dan kacau saya tidak bisa mengubah nomor telepon selalu muncul notifikasi silahkan pilih metode verifikasi namun tidak ada metode verifikasi yang tersedia di ui tolong segera di fix,negatif
Pengguna Google,5,05/03/2026 22:31,4.16.1,mantap,positif
Pengguna Google,4,05/03/2026 22:17,4.16.1,mantap,positif
Pengguna Google,5,05/03/2026 21:49,4.16.1,terimakasih sangat membantu saya untuk perubahan faskes hal penting harus ada pulsa buat kode otp,negatif
Pengguna Google,5,05/03/2026 21:47,4.16.1,terima kasih ok pemerintah saya bisa berobat gratis,negatif
Pengguna Google,5,05/03/2026 21:24,4.16.1,baik,positif
Pengguna Google,5,05/03/2026 20:26,4.16.1,aplikasi keren,positif
Pengguna Google,1,05/03/2026 18:43,4.16.1,aplikasi gajelas verif lewat email fast verif lewat sms lama akhirnya juga ga keluar keluar kode nya gajelas banget sih,negatif
Pengguna Google,5,05/03/2026 17:17,4.16.1,sengaja nih bintang biar kebaca lu di kasih dana sama pemerintah yang puluhan triliun hasilnya gini mau ambil antrean aja servernya busuk meledak tuh server lu dikasih puluhan triliun buat apa pea buat server yang bagus juga ratusan miliar udah bagus banget,negatif
Pengguna Google,2,05/03/2026 17:16,4.16.1,tolong diperbaiki pak saya yakin dana untuk membuat aplikasi tidak sedikit tapi ngasih kode referal saja sulit bolak balik saya scan wajah ibu saya padahal keadaan beliau sedang sakit setelah berhasil scan masukkin kode saya cek gak ada sms justru bikin susah yang mau berobat kalau begitu terus,positif
Pengguna Google,5,05/03/2026 16:16,4.16.1,mantap,positif
Pengguna Google,1,05/03/2026 16:00,4.16.1,aplikasi tidak jelas kode otp tidak masuk masuk,negatif
Pengguna Google,4,05/03/2026 15:44,4.16.1,nice,negatif
Pengguna Google,5,05/03/2026 15:35,4.16.1,aplikasi mudah digunakan,negatif
Pengguna Google,1,05/03/2026 15:32,4.16.1,aah elaah ribeeetttt bangettt katanya memudahkan,negatif
Pengguna Google,5,05/03/2026 15:28,4.16.1,tebaik,positif
Pengguna Google,2,05/03/2026 15:27,4.16.1,ngirim kode otp pakai pulsa dawg,negatif
Pengguna Google,5,05/03/2026 15:27,4.16.1,keren terbantu kali kalau mau ambil antrian berobat ga perlu ngantri dari pagi supaya dpt no awal berkat pake aplikasi ini bisa ambil antrian melalui online,positif
Pengguna Google,4,05/03/2026 15:27,4.16.1,tidak susa aplikasinya trimakasih,negatif
Pengguna Google,5,05/03/2026 15:12,4.16.1,semoga tetap membantu masyarakat kecil amin,negatif
Pengguna Google,5,05/03/2026 15:07,4.16.1,good experience thanks,negatif
Pengguna Google,4,05/03/2026 14:56,4.16.1,update agak lemot,negatif
Pengguna Google,1,05/03/2026 14:49,4.16.1,susah banget masuknya,negatif
Pengguna Google,1,05/03/2026 14:32,4.16.1,alhamdulillah aplikasi ini direkomendasikan untuk bantu memancing emosi saat daftar membantu merangsang hawa negatif saat tunggu otp alhamdulillah samgat djkn teruskan lelet aplikasinya salam ketidak warasan,positif
Pengguna Google,1,05/03/2026 14:23,4.16.1,udh klik masuk tp gak bisa kalau mau masuk harus daftar autodebet dlu sedangkan saya gapunya bank yg bisa autodebet sama aja saya gabisa pake apk ini padahal saya baru daftar dan mau bayar pake va mau lihat aplikasinya aja gabisa masuk,negatif
Pengguna Google,1,05/03/2026 14:17,4.16.1,aplikasi bikin susah orang bukannya mempermudah malah mempersulit udah masuk keluar sendiri kalau mau masuk harus ulang lagi mau nambah peserta masukin nomor kartu keluarganya susah banget,negatif
Pengguna Google,1,05/03/2026 14:06,4.16.1,app sampah,negatif
Pengguna Google,5,05/03/2026 13:57,4.16.1,oke,positif
Pengguna Google,2,05/03/2026 13:50,4.16.1,kode otp lewat sms nya kaga nongol giliran lewat email masukk nyangkut dimana woyyy kode otp sms gw,negatif
Pengguna Google,1,05/03/2026 13:45,4.16.1,aplikasi nya gimana sih mau daftar aja susah nya minta ampun katanya mempermudah ter nyata mempersulit welcome to indonesia,negatif
Pengguna Google,5,05/03/2026 13:40,4.15.0,bagus,positif
Pengguna Google,5,05/03/2026 13:34,4.16.1,ok,negatif
Pengguna Google,1,05/03/2026 13:19,4.16.1,otp sms kelamaan mau masukin nomer lagi nunggu nya se abad,negatif
Pengguna Google,1,05/03/2026 13:16,4.16.1,ga bisa masuk kode,negatif
Pengguna Google,1,05/03/2026 13:15,4.16.1,app ruwet wes jelas tp raiso mlebu koplo,negatif
Pengguna Google,1,05/03/2026 13:12,4.16.1,bikin pusing dibikin ribet indonesia kapan maju nya indonesia mempersulit rakyat nya saja,negatif
Pengguna Google,5,05/03/2026 13:11,4.16.1,sengaja nih gua rating biar di baca apk nyebelin gua pikir bikin bpjs lewat online bakal gampang eh malah makin nyusahin gua udah daftar ini itu eh pas kirim kode otp ke sms kaga muncul tuh kode udah di coba beberapa kali loh padahal pulsa gua ada jaringan lancar tapi kaga ada tu kode muncul gua kira gua doang yang ngalamin ternyata ada juga yg lain dasar apk gajelas tolong perbaiki secepatnya gua mau bikin skck harus pake bpjs cepet perbaiki gua butuh banget buat kerja,positif
Pengguna Google,5,05/03/2026 12:50,4.16.1,terimakasih mobile jkn mempermudah penggunaan untuk informasi data maupun perubahannya,negatif
Pengguna Google,5,05/03/2026 12:43,4.16.1,ok,negatif
Pengguna Google,5,05/03/2026 12:41,4.16.1,ok baik,positif
Pengguna Google,5,05/03/2026 12:40,4.16.1,sejauh pengalaman sy bagus jarang sekali ada kendala begitu sudah daftar di aplikasi terus dateng ke lokasi udah singkron bisa memperkirakan estimasi waktu jadi ga usah nunggu lama,positif
Pengguna Google,5,05/03/2026 12:37,4.16.1,sangat membantu,negatif
Pengguna Google,5,05/03/2026 12:37,4.16.1,oke,positif
Pengguna Google,1,05/03/2026 12:37,4.16.1,perbaiki bos apk mu bikin susah eror terus,positif
Pengguna Google,5,05/03/2026 12:36,4.16.1,keren,positif
Pengguna Google,5,05/03/2026 12:22,4.16.1,lebih dipermudakan trims jkn,negatif
Pengguna Google,5,05/03/2026 12:09,4.14.0,keren,positif
Pengguna Google,5,05/03/2026 12:00,4.16.1,cukup nyaman,positif
Pengguna Google,5,05/03/2026 11:58,4.16.0,bisa ngubah faskes biar ga ikut klinik tempat kerja jos markotop,positif
Pengguna Google,5,05/03/2026 11:50,4.16.0,good,negatif
Pengguna Google,1,05/03/2026 11:46,4.16.1,anggaran doang gede kaga fungsi amat buat rubah data g bisa ujung nya ke kantor juga mending g ush sok an digitalisasi kalo belum mampu,negatif
Pengguna Google,5,05/03/2026 11:46,4.16.1,good,negatif
Pengguna Google,1,05/03/2026 11:26,4.16.1,aplikasi sampah data diaktifin org lain pengaduan malah ga ada solusi akun lain malah nope sma email dibilang ga aktif pdhal udh taon pake,negatif
Pengguna Google,5,05/03/2026 11:24,4.16.1,mudah di pahami,negatif
Pengguna Google,5,05/03/2026 11:04,4.16.1,ok,negatif
Pengguna Google,5,05/03/2026 10:55,4.16.1,keren,positif
Pengguna Google,3,05/03/2026 10:47,4.15.0,agak sulit loggin nya,negatif
Pengguna Google,1,05/03/2026 10:47,4.16.1,aplikasi nya byk bug ny mau ambil no antrean selalu ga bisa pdhl sinyal udh bagus udh make wifi trs surat control rujukanny juga aktif sy coba login ulang ttp aj ga muncul bisa tolong perbaiki lgi jngn cuma dibaca doang jarene dikon daftar online giliran daftar online mlh nyusahke,positif
Pengguna Google,1,05/03/2026 10:45,4.16.1,susah login akun tidak terdaftar akun belum terdaftar atau gabisa di klik sama sekali atau tiba tiba logout sendiri segala macem macem,negatif
Pengguna Google,1,05/03/2026 10:39,4.16.1,banyak banget problem buat ngasih nilai ke rs aja kaga bisa banyak menu yg cuma jadi pajangan doang atau sengaja kalihh biar kita ga bisa ngasih rating pelayanan kepada pelayanan kesehatan tertentu bhkan gk ad menu bantuan chat konsultasi gitu atau apalah,negatif
Pengguna Google,5,05/03/2026 10:28,4.16.1,aplikasi sangat membaantu sekali,negatif
Pengguna Google,1,05/03/2026 10:24,4.16.1,aplikasi gk jelas tunggu chptcha aja kayak nunggu kepastian dari dia yg tak kunjung dtg,negatif
Pengguna Google,5,05/03/2026 10:17,4.16.1,sangat memudahkan,negatif
Pengguna Google,2,05/03/2026 10:17,4.16.1,aplikasi ribet orang udah pusing cuma mau daftar masuk aja ruwet masa kode otp dikirim lewat no telp gak ada udah dicoba berkali sedangkan waktu tunggu nya lama banget buat kirim ulang giliran kirim ke email udah verifikasi harusnya udah bisa masa ttep harus isi no telp tapi tetep gabisa harus kirim otp lagi seharusnya kalo udah dapet otp dr email kan udah otomatis masuk sangat muak,negatif
Pengguna Google,5,05/03/2026 9:45,4.16.1,daftarnya kok susahnya minta ampun ya gk dapat no otp terus,negatif
Pengguna Google,5,05/03/2026 9:39,4.16.1,sangat membantu ku,negatif
Pengguna Google,4,05/03/2026 9:27,4.16.1,lumayan bagus sekali,positif
Pengguna Google,2,05/03/2026 9:23,4.16.1,kenapa hp saya uda ga bisa pke jkn mobile,negatif
Pengguna Google,1,05/03/2026 9:20,4.16.1,aplikasi tolol,negatif
Pengguna Google,4,05/03/2026 9:18,4.16.1,lumayan bagus hanya waktu pengaktifan pindah faskes terlalu lama,negatif
Pengguna Google,4,05/03/2026 9:12,4.16.1,dulu lah karena belum di buktikan perubahan data nya berhasil atau tidak di fasilitas kesehatan nya,negatif
Pengguna Google,5,05/03/2026 9:11,4.16.1,semua nya bagus mudah di pergunakan,positif
Pengguna Google,5,05/03/2026 9:03,4.16.1,mau kasih bintang cuma gak ada keluar terus harus verifikasi terus katanya salah nik terus salah capcha terus aja gitu malah gak bisa masuk,negatif
Pengguna Google,5,05/03/2026 8:57,4.16.1,bagus,positif
Pengguna Google,5,05/03/2026 8:55,4.16.1,good,negatif
Pengguna Google,5,05/03/2026 8:44,4.16.1,mudah digunakan,negatif
Pengguna Google,5,05/03/2026 8:11,4.16.1,mau daftar antrian pada hari minggu tidak bisa padahal daftar antriannya buat besok hari senin gini amat program pemerintah padahal tiap bulan selalu bayar,negatif
Pengguna Google,2,05/03/2026 8:06,4.16.1,tidak bisa menerinma kode otp padahal nomor yang saya gunakan untuk daftar masih aktif,negatif
Pengguna Google,5,05/03/2026 8:04,4.16.1,bagus,positif
Pengguna Google,5,05/03/2026 7:59,4.16.1,sangat membantu,negatif
Pengguna Google,5,05/03/2026 7:58,4.16.1,sangat membantu dan aplikasi yg bagus,positif
Pengguna Google,1,05/03/2026 7:47,4.16.1,kode ga muncul nik salah melulu dikira gua buta kali ya ribet,negatif
Pengguna Google,5,05/03/2026 7:36,4.16.1,terimakasih jkn,negatif
Pengguna Google,5,05/03/2026 7:33,4.16.1,sudah jauh lebih baik updatenya semoga terus terjaga aplikasinya normal,positif
Pengguna Google,1,05/03/2026 7:05,4.16.1,aplikasi ini ulasan membuat daftar nya sangat buruk dan butuh waktu yang lama jika perlu update biar masyarakat dapat baik mengunakan menunggu kode itu sangat menjengkelkan jadi buat pemerintah tolong di tindak lanjut proses update aplikasi terbaru,negatif
Pengguna Google,1,05/03/2026 7:03,4.16.1,apk tolol udah masukin nik dan kk dengan benar sama capctha bisa bisanya masih di anggap salah,negatif
Pengguna Google,1,05/03/2026 7:02,4.16.1,apk tolol udah masukin nik dan kk dengan benar sama captcpa bisa bisanya masih di anggap salah,negatif
Pengguna Google,1,05/03/2026 7:01,4.16.1,kode otp no telepon gak muncul muncul,negatif
Pengguna Google,5,05/03/2026 7:00,4.16.1,terbaik,positif
Pengguna Google,5,05/03/2026 6:53,4.16.1,very good,negatif
Pengguna Google,1,05/03/2026 6:52,4.16.1,apknya error hp gak diapa apain gak bisa dibuka katanya hp di root,negatif
Pengguna Google,2,05/03/2026 6:46,4.16.1,kenapa bintang karena aplikasinya sangat sangat ribet ribetnya karena selalu loading lah error lah coba lagi coba lagi nanti lah ahhh apa ini hidup bagaimana ini q,negatif
Pengguna Google,5,05/03/2026 6:41,4.16.1,the best,positif
Pengguna Google,4,05/03/2026 6:24,4.15.0,cukup baik,positif
Pengguna Google,5,05/03/2026 6:24,4.16.1,mantap,positif
Pengguna Google,1,05/03/2026 6:16,4.16.1,perbaiki dong verifikasi wajah nya masa gagal mulu ribet,positif
Pengguna Google,1,05/03/2026 6:16,4.16.1,otp yang melalui nomor hp tak kunjungan ada selalu gagal pendaftaran,negatif
Pengguna Google,1,05/03/2026 6:10,4.16.1,susah banget aplikasi ini cuma gegara lupa pin harus belibet udah ngikutin cara nya tetep aja gagal nyusahin masarakat tau kalau kaya gini udah bayar juga aneh bet,negatif
Pengguna Google,5,05/03/2026 6:09,4.16.1,aplikasi apaan daftar ae susah,negatif
Pengguna Google,5,05/03/2026 6:03,4.16.1,sejauh ini aplikasinya tidak ada eror dan memudahkan pengguna,negatif
Pengguna Google,2,05/03/2026 5:59,4.16.1,sering log out sendiri bikin susah,negatif
Pengguna Google,5,05/03/2026 5:59,4.16.1,bagus,positif
Pengguna Google,5,05/03/2026 5:52,4.16.1,aplikasinya bagus bintang fiturnya,positif
Pengguna Google,5,05/03/2026 5:45,4.16.1,busett aga laen,negatif
Pengguna Google,1,05/03/2026 5:44,4.16.1,sangat kecewa sama apk ini,negatif
Pengguna Google,2,05/03/2026 5:32,4.16.1,login jkn susah nya minta ampun lebih mudah login fb apa tok tok,negatif
Pengguna Google,1,05/03/2026 5:26,4.16.1,ribet,negatif
Pengguna Google,1,05/03/2026 5:23,4.16.1,padahal sinyal lancar buat nonton youtube game segala macam tapi giliran buat daftar jkn mobile kok ga bisa ya ga ada sinyal dikata hari berturut siang malam tetep ga bisa apa karna kebanyakan di korup anggarannya jadi nya ga maksimal apk jkn mobile nya,positif
Pengguna Google,1,05/03/2026 5:00,4.16.1,suka log out sendiri mau masuk lagi susah,positif
Pengguna Google,5,05/03/2026 4:46,4.9.0,ok,negatif
Pengguna Google,3,05/03/2026 4:46,4.14.0,kasian untuk yang udah lanjut usia ribet banget mau kontrol juga harus verivikasi wajah yang gak selesai selesai padahal sudah struk gimana bisa senyum penyakitan gitu dan masukin nomer hp selalu salah dan sudah terdaftar nomer lain,negatif
Pengguna Google,5,05/03/2026 4:26,4.16.1,aplikaai mantap sudah nggak oerlu lagi ke kantor deeh bisa ambil antrian langsung dari rumah terimakasih jkn,positif
Pengguna Google,5,05/03/2026 4:15,4.16.1,sengaja ksh bintang karna tunggu otp nomor masuk tidak masuk masuk padahal sdh coba ulng ulang ttp tidak masuk tapi kode di email kok masuk cepat sekali ya,positif
Pengguna Google,5,05/03/2026 3:52,4.16.1,nunggu kode otp ga keluar bpjs yg bayar tapi di persulit udah mah bayar tapi bikin pusing kebanyakan aturan,negatif
Pengguna Google,1,05/03/2026 3:50,4.16.1,kode selalu ga masuk,negatif
Pengguna Google,1,05/03/2026 3:48,4.16.1,verifikasi wajah sulit gagal terus ini yang salah pengguna atau memang aplikasinya yang buruk sih,negatif
Pengguna Google,5,05/03/2026 3:37,4.16.1,sangat membantu,negatif
Pengguna Google,1,05/03/2026 3:27,4.16.1,apk ga recommend mau daftar dipersulit kode tidak masuk masuk,negatif
Pengguna Google,1,05/03/2026 3:20,4.16.1,apk gk jls di perbaiki deh tolong mau cek kesehatan aja ribet banget pake apk gk berguna kyk gini cmn mempersulit,positif
Pengguna Google,1,05/03/2026 3:15,4.16.1,nungguin otp sampe lebaran gk ada,negatif
Pengguna Google,1,05/03/2026 3:13,4.16.1,ini aplikasi gimana sih tujuan mempermudah malah sulit kode verifikasi sms aja susah y minta ampun apa gak punya pulsa niat gak sih bikin aplikasinya,negatif
Pengguna Google,1,05/03/2026 3:07,4.16.1,sering eror,negatif
Pengguna Google,5,05/03/2026 3:05,4.16.1,sangat membantu sekalai,negatif
Pengguna Google,5,05/03/2026 2:43,4.16.1,apk yg sangat membantu,negatif
Pengguna Google,5,05/03/2026 2:38,4.16.1,puas,positif
Pengguna Google,5,05/03/2026 2:11,4.16.1,bagus apkasi nya sy ambil antrean lewat hp sja,positif
Pengguna Google,1,05/03/2026 2:09,4.16.1,aplikasi ga guna notif ga msuk,negatif
Pengguna Google,1,05/03/2026 2:07,4.16.1,otp sms ga masuk masuk udah bulan aku nungguin,negatif
Pengguna Google,1,05/03/2026 1:46,4.16.1,mau daftar gabisa login dipersulit lewat email gabisa pake sms ga dikirim kirim kode otpnya yeu,negatif
Pengguna Google,5,05/03/2026 1:46,4.16.1,ok cepat,positif
Pengguna Google,5,05/03/2026 1:38,4.16.1,bagus,positif
Pengguna Google,5,05/03/2026 1:17,4.16.1,alhamdulillah terbantukan dan lebih cepat dan dinamis,positif
Pengguna Google,5,05/03/2026 1:16,4.16.1,semoga amanah,positif
Pengguna Google,5,05/03/2026 1:16,4.16.1,sangat ok,negatif
Pengguna Google,1,05/03/2026 1:15,4.7.0,tidak bisa di update di sistem hp saya,negatif
Pengguna Google,5,05/03/2026 1:11,4.16.1,sangat membantu pada saat saya daftar online untuk dapat nomor urut ke dokter dan sangat membantu apabila apabila mau tanya ke bpjs kesehatan vis lansung di respon dan di beri jalan keluarnya hanya satu kata terima kasih,negatif
Pengguna Google,1,05/03/2026 0:45,4.16.1,tidak bsa dowlod apk y kenapa y klu apk lain bsa sy jajal brhti bukn hp sy yg elor tpi apk jkn y,negatif
Pengguna Google,5,05/03/2026 0:42,4.16.1,perlunya biometrik yang bersuara mengarahkan pemakai yang cacat mata minus bisa mendengar tanpa kacamata,negatif
Pengguna Google,5,05/03/2026 0:01,4.16.1,sangat baik dan bermandaat,positif
Pengguna Google,5,05/02/2026 23:46,4.16.1,sangat terbantu memudahkan,negatif
Pengguna Google,4,05/02/2026 23:44,4.16.1,gk bisa login ya ampun padahal jaringan bagus kouta ada,positif
Pengguna Google,5,05/02/2026 23:42,4.16.1,pelayanan bagus terimakasih,positif
Pengguna Google,5,05/02/2026 23:02,4.16.1,mohon di permudah untuk otp jangan lewat sms saja bisa lewat whatshapp juga soalnya takutnya lupa sandinya apa gimana,negatif
Pengguna Google,2,05/02/2026 23:02,4.16.1,harus daftar lagi gk jelas sdh masuk harus daftar dulu,negatif
Pengguna Google,5,05/02/2026 22:57,4.16.1,sangat baik,positif
Pengguna Google,1,05/02/2026 21:20,4.16.1,ini aplikasi yang wajib di gunakan tp malah justru mempersulit pengguna udah sering log out sendiri masukin no ktp udah bnr tp katanya salah tolong lah jangan di buat ribet kyk gini orang mau berobat pake aplikasi biar mudah malah jd sulit kyk gini ini pemerintah tau gak sih susah nya kyk gini,negatif
Pengguna Google,1,05/02/2026 19:16,4.16.1,gajelas banget udah banyak yang ngasih keluhan yang sama tapi ga ada perbaikann sebenernya guna ulasan di sini buat apa nunggu kode otp sms gd masuk uda lakuin berbagai cara sampah,negatif
Pengguna Google,5,05/02/2026 17:39,4.16.1,aplikasi nya sangat membantu mempermudah daftar pelayanan klinik ga perlu antri pindah faskes dan daftar peserta baru juga mudah terimakasih yaa,negatif
Pengguna Google,1,05/02/2026 17:21,4.16.1,nih gimana pemerintah sama hal bgini aja ga becus apa udh gada yg pinter lagi kah bagian it nya apa gimana ini udh tahun masih aja apk gagal malu woy,negatif
Pengguna Google,5,05/02/2026 17:17,4.16.1,bagus banyak info kesehatan yg menarik,positif
Pengguna Google,5,05/02/2026 16:42,4.14.0,semoga semakin semakin meningkat layanan untuk masyarakat,negatif
Pengguna Google,5,05/02/2026 16:40,4.16.1,kode otp nomer sayah gax muncul terusss,negatif
Pengguna Google,5,05/02/2026 16:32,4.16.1,pelayanan cepat,positif
Pengguna Google,5,05/02/2026 16:26,4.16.1,mantab,negatif
Pengguna Google,5,05/02/2026 16:23,4.16.1,ok,negatif
Pengguna Google,1,05/02/2026 16:20,4.16.1,gangguan terus,negatif
Pengguna Google,5,05/02/2026 16:11,4.16.1,sangat puas,positif
Pengguna Google,5,05/02/2026 16:04,4.16.1,oke semuanya sangat membantu terima kasih,positif
Pengguna Google,1,05/02/2026 15:40,4.16.1,tidak bisa cek riwayat anggota lain payah masa iya kk harus punya apk org apk,negatif
Pengguna Google,5,05/02/2026 15:38,4.16.1,nih makan bintang baca betul betul jangan mempersulit yang udah dipermudah mau daftar aja jaringan harus bagus paket banget double pake kendala gagal masuk ke server rs dikira yang daftar paham it apa seharian cuma buat nunggu berhasil atau kagak daftar tapi ujungnya malah pesan yang di dapat,positif
Pengguna Google,5,05/02/2026 14:51,4.16.1,ok keren,positif
Pengguna Google,1,05/02/2026 14:47,4.16.1,susah untuk trima kode otp,negatif
Pengguna Google,5,05/02/2026 14:45,4.16.1,pelayanan bagus jkn tetap dipertahankan dan kalau bisa ditingkatkan pelayanannya,positif
Pengguna Google,1,05/02/2026 14:43,4.16.1,jujur harus banyak yang diperbaiki apa apa di persulit ribet banget,positif
Pengguna Google,5,05/02/2026 14:31,4.16.1,is the best,positif
Pengguna Google,3,05/02/2026 14:22,4.16.1,banyak komentar negatif ini membuat saya jadi ragu menggunakan nya,negatif
Pengguna Google,2,05/02/2026 14:05,4.16.1,ini kenapa ya mau login ajah gangguan terus,negatif
Pengguna Google,5,05/02/2026 14:01,4.16.1,simple lebih mudah aman cepat,positif
Pengguna Google,5,05/02/2026 13:51,4.16.1,sanag di rekomendasi kan,positif
Pengguna Google,5,05/02/2026 13:34,4.16.1,membantu untuk mengecek status keaktifan akun bpjs kita,negatif
Pengguna Google,3,05/02/2026 13:08,4.16.1,josjis,negatif
Pengguna Google,5,05/02/2026 13:05,4.16.1,mantp,negatif
Pengguna Google,5,05/02/2026 12:34,4.16.1,good app,negatif
Pengguna Google,5,05/02/2026 12:30,4.16.1,good,negatif
Pengguna Google,5,05/02/2026 12:27,4.16.1,nih gw kasih bintang biar di baca apk gajelas gausah di download malah ga bisa daftar aneh,negatif
Pengguna Google,1,05/02/2026 12:26,4.16.1,kode otp lama sudah diulang x disuruh menunggu hasil tetap tidak bisa,negatif
Pengguna Google,1,05/02/2026 12:13,4.16.1,aplikasi gak jelas mau daftar aja susah,negatif
Pengguna Google,5,05/02/2026 12:07,4.14.0,lebih memudahkan dalam aplikasi,negatif
Pengguna Google,5,05/02/2026 12:04,4.16.1,membantu,negatif
Pengguna Google,5,05/02/2026 12:01,4.16.1,ohhh ternyata bukan cma aku doang yg daftar pake nomor ga bisa padahal nomornya masi aktif capslok nih biar puass dan di lihat,positif
Pengguna Google,5,05/02/2026 11:54,4.16.1,sangat membantu untuk saya,negatif
Pengguna Google,3,05/02/2026 11:49,4.16.1,duh aplikasinya gimana sh jelas pas bikin sudah terdaftar untuk autodebit giliran mau login suruh daftar lagi mana otp nya susah gimana mau ngecek kalo gini,negatif
Pengguna Google,5,05/02/2026 11:45,4.16.1,praktis,negatif
Pengguna Google,5,05/02/2026 11:36,4.16.1,mudah dan aktual,negatif
Pengguna Google,5,05/02/2026 11:26,4.14.0,semoga selalu seperti ini mudah di akses aplikasi nya,negatif
Pengguna Google,5,05/02/2026 11:21,4.16.1,baik sangat terbantu,positif
Pengguna Google,1,05/02/2026 11:01,4.16.1,nyusahin,negatif
Pengguna Google,1,05/02/2026 10:53,4.16.1,aplikasi ribet verifikasi susah mau ambil antrean kadang error indonesia repot banget kalo urusan administrasi gini,negatif
Pengguna Google,5,05/02/2026 10:47,4.16.1,sangat membantu,negatif
Pengguna Google,4,05/02/2026 10:41,4.16.1,bagus,positif
Pengguna Google,5,05/02/2026 10:36,4.16.1,sengaja kasih ni rating biar di notice kok ni apk apa ngebug saya daftar pake aplikasi ni sore datang lah terus pelayanan nya bilang dokter pengganti nya datangnya malam jam dokter yang dipilih lagi cuti kok bisa lagi cuti ada pilihan dokter ini nah ga lama saya cek buat mau brngkt kesana tulisannya udah selesai pemeriksaan pdhl saya belum datang dan periksa ke klinik nih,negatif
Pengguna Google,5,05/02/2026 10:24,4.16.1,knp aplikasi nya ga muncul ya,negatif
Pengguna Google,5,05/02/2026 10:10,4.16.1,baik pelayanan,positif
Pengguna Google,5,05/02/2026 10:03,4.16.1,bagus,positif
Pengguna Google,5,05/02/2026 9:57,4.15.0,mantap,positif
Pengguna Google,5,05/02/2026 9:48,4.16.1,kenapa kartu kis pbi saa tidak aktif padahal mau dipake lahiran,negatif
Pengguna Google,5,05/02/2026 9:48,4.16.1,sangat membantu dan memberikan manfaat bagi keluarga saya,negatif
Pengguna Google,1,05/02/2026 9:35,4.16.1,aplikasi jelek banget masa kode otp ga ke kirim kirim haduhhhh,negatif
Pengguna Google,5,05/02/2026 9:31,4.16.1,mantap,positif
Pengguna Google,5,05/02/2026 9:15,4.16.1,aplikasi jkn sangatbantu,negatif
Pengguna Google,5,05/02/2026 9:08,4.16.1,cepat tanggap,positif
Pengguna Google,5,05/02/2026 9:05,4.16.1,alhamdulillah sehat lagi,negatif
Pengguna Google,5,05/02/2026 9:04,4.16.1,bagus mudah membantu,positif
Pengguna Google,4,05/02/2026 8:44,4.16.1,gak bisa masuk ya kak,negatif
Pengguna Google,1,05/02/2026 8:43,4.16.1,buruk verifikasi nomor telefon gak muncul,negatif
Pengguna Google,5,05/02/2026 8:27,4.16.1,sangat membantu dan bagus,positif
Pengguna Google,1,05/02/2026 7:59,4.16.1,pelayanan bpjs hanya bisa dihari kerja saja sedangkan hari libur dan sabtu minggu tidak bisa emangnya klo sakit bisa memilih hari sakit nih pemerintah,negatif
Pengguna Google,5,05/02/2026 7:38,4.16.1,alhamdulillah banyak kemudahan,negatif
Pengguna Google,5,05/02/2026 7:34,4.16.1,berguna,negatif
Pengguna Google,2,05/02/2026 7:03,4.16.1,ini gimana aku mau long in kok ngk bisa,negatif
Pengguna Google,5,05/02/2026 6:54,4.16.1,tapi kenapa sering susah dibuka ya,negatif
Pengguna Google,5,05/02/2026 6:38,4.16.1,mudah,negatif
Pengguna Google,5,05/02/2026 6:30,4.16.1,semakin memudahkan,negatif
Pengguna Google,5,05/02/2026 6:25,4.16.1,membantu banget,negatif
Pengguna Google,5,05/02/2026 6:16,4.16.1,ok,negatif
Pengguna Google,1,05/02/2026 5:53,4.16.1,kenapa si masalah kesehatan aja di persulit knp hrus lewat aplikasi segala macem kesehatan nyangkutin mslh nyawa urgent orng tua yg biasanya ke rs sndiri jadi gabisa karna ga ngerti pake hp mana apknya burik lagi ga masuk masuk otp sms nya yg masuk cuma otp email tolong dong jangan semuanya di persulit mending normal lagi aja kaya dulu ga semuanya hrus lewat apk ga semua warga punya hp ga semua warga ngerti hp anak muda aja bnyk yg kesulitan dan keberatan apalagi lansia,negatif
Pengguna Google,1,05/02/2026 5:36,4.16.1,aplikasi menyusahkan banget daftar salah teros padahal semua udh sesuai,positif
Pengguna Google,1,05/02/2026 5:33,4.16.1,update hari ini saya kan lupa sandi saya harap otp dan sebagainya masuk ke nomor tertera ini sudah sesuai tapi kok tidak bisa ya gagal terus notifikasinya,positif
Pengguna Google,5,05/02/2026 5:16,4.16.1,keren,positif
Pengguna Google,5,05/02/2026 5:12,4.16.1,minta tolong kenapa tidak bisa merubah alamat,negatif
Pengguna Google,5,05/02/2026 5:04,4.16.1,sangat membantu dan memudahkan saya dan keluarga,negatif
Pengguna Google,2,05/02/2026 5:00,4.16.1,ga bisa verifikasi no hp,negatif
Pengguna Google,5,05/02/2026 4:55,4.14.0,dengan bantuan mobile jkn sangat membantu dan praktis bagi peserta bpjs,negatif
Pengguna Google,5,05/02/2026 4:39,4.16.1,trimakasih pemerintah indonesia,negatif
Pengguna Google,5,05/02/2026 4:39,4.16.1,nice,negatif
Pengguna Google,5,05/02/2026 4:33,4.16.1,sangat puas appl jkn mobile ini karena pelayanan pakai bpjs bi kesehatan ini sangat memudahkan pesertanya jika mengalami keluan atau sakit jika mau berobat ataupun mau rawat inap trimakasih bpjs dan pemerintah,positif
Pengguna Google,1,05/02/2026 4:33,4.16.1,aplikasi pelayan kok gini amat minta kode verifikasi hp aja nggak di kirim sangaatt lemot pelayanan taik,negatif
Pengguna Google,5,05/02/2026 4:22,4.16.1,mobile jkn terbaik membantu banget,positif
Pengguna Google,3,05/02/2026 4:21,4.16.1,cuma mau perbaiki kata sandi aja ribetnya bukan main astaghfirullah astaghfirullah,positif
Pengguna Google,5,05/02/2026 4:03,4.16.1,baik,positif
Pengguna Google,5,05/02/2026 3:43,4.16.1,baik,positif
Pengguna Google,1,05/02/2026 3:43,4.16.1,aplikasi banyak cacatnya verifikasi wajah selalu gagal email gabisa sedangkan dari no tlpn ga dikirim otpnya pas coba lagi malah billing eror udh ikutin panduan udh coba segala cara sampai ganti hp pun tetep gagal katanya mau mempermudah tapi verifikasi aja ribet aplikasi sampah,negatif
Pengguna Google,5,05/02/2026 3:40,4.16.1,bagus,positif
Pengguna Google,5,05/02/2026 3:36,4.16.1,good,negatif
Pengguna Google,5,05/02/2026 3:34,4.16.1,terimakasih,negatif
Pengguna Google,5,05/02/2026 3:22,4.16.1,bagus dan memuaskan,positif
Pengguna Google,5,05/02/2026 3:19,4.16.1,bagus capca huruf bagi kami yg sdh lansia cukup merepotkan,positif
Pengguna Google,5,05/02/2026 3:14,4.16.1,mantabek,negatif
Pengguna Google,1,05/02/2026 3:10,4.16.1,ini apps aneh banget gak kek dlu saya mau bikin janji temu aja susah banget sdh ke rs dapat surat kontrol utk bln dpn tpi di jkn selalu gak muncul pdhl surat rujukan masih bln lagi ini gimana mempermudah kalau gini aja apps suka error bug,negatif
Pengguna Google,5,05/02/2026 3:01,4.16.1,ok,negatif
Pengguna Google,1,05/02/2026 2:52,4.16.1,app yg tidak jelas kode otp gk bisa pas daftar no hp gk masuk sudah beberapa kali coba dan ganti no juga sama saja buang waktu download app ini gak guna,negatif
Pengguna Google,5,05/02/2026 2:49,4.16.1,good,negatif
Pengguna Google,5,05/02/2026 2:46,4.16.1,pelayanan baik,positif
Pengguna Google,1,05/02/2026 2:45,4.16.1,kode otp susah,negatif
Pengguna Google,1,05/02/2026 2:43,4.16.1,setelah pembayaran bpjs update nya lama bngt padahal mau di pake sekarang,negatif
Pengguna Google,3,05/02/2026 2:42,4.16.1,sekarang agak susah masuk ke apknya,negatif
Pengguna Google,5,05/02/2026 2:39,4.16.1,ok,negatif
Pengguna Google,5,05/02/2026 2:37,4.16.1,sangat membantu sekali terimakasih,negatif
Pengguna Google,1,05/02/2026 2:36,4.16.1,haaahhhh ora masuk jkn susah masuknya bikin moodku berantakan mlah bikin emosiii aja,negatif
Pengguna Google,5,05/02/2026 2:28,4.16.1,sangat mudah,negatif
Pengguna Google,5,05/02/2026 2:24,4.16.1,sangat membantu dalam kelancaran,positif
Pengguna Google,3,05/02/2026 2:24,4.16.1,ni apk knpa si minta kode verifikasi ke no hp gprnh masuk kodenya ditungguin lama gmasuk msuk,negatif
Pengguna Google,5,05/02/2026 2:21,4.16.1,membantu sekali,negatif
Pengguna Google,5,05/02/2026 1:58,4.16.1,ok,negatif
Pengguna Google,5,05/02/2026 1:36,4.16.1,aplikasi berjalan dg lancar terima kasih,positif
Pengguna Google,1,05/02/2026 1:26,4.16.1,kode otp nya ga dikirim kirim,negatif
Pengguna Google,5,05/02/2026 1:10,4.16.1,sangat baik tingkatkan dan pertahankan,positif
Pengguna Google,5,05/02/2026 1:02,4.16.1,good,negatif
Pengguna Google,1,05/02/2026 0:39,4.16.1,aplikasi ga jelas otp ga masuk masuk ga bilang dari awal kalo password ga boleh pake spasi,negatif
Pengguna Google,5,05/02/2026 0:34,4.16.1,alhamdulillah sangat membantu,negatif
Pengguna Google,1,05/02/2026 0:14,4.16.1,yang bikin aplikasi ini anak sd atau pemula sih sebenernya bukannya mempermudah malah mempersulit,negatif
Pengguna Google,5,05/02/2026 0:04,4.16.1,ga bisa login gagal melulu aplikasi payah,negatif
Pengguna Google,5,05/01/2026 23:46,4.16.1,nyaman di gunakan untuk mengubah data,positif
Pengguna Google,3,05/01/2026 23:42,4.12.0,aplikasi ga jelas,negatif
Pengguna Google,5,05/01/2026 23:14,4.16.1,sangat membantu,negatif
Pengguna Google,1,05/01/2026 23:01,4.16.1,ngaco ini aplikasi pemerintah bikinnya mahal tp banyak banget errornya tiap mau ambil antrian error tiba log out mau log in lagi error curiga ini duit buat ngembangin apk sisanya masuk kantong masing,negatif
Pengguna Google,2,05/01/2026 22:47,4.16.1,lama ngeselin sudah dikasih aktif eh tiba disuruh login sudah dilogin ga bisa padahal sudah diisi bener tapi ga bisa juga dibuka p e r cu m a bikin emosi nyusahin rakyat umur thn q susah ga bisa dibuka jkn nanggung bangt peduliy,negatif
Pengguna Google,5,05/01/2026 22:39,4.16.1,lebih praktis,negatif
Pengguna Google,1,05/01/2026 22:24,4.11.2,aplikasinya terlalu ribet daftar harus lewat no hp tapi kode gak masuk lewat sms verifikasi wajah pun gagal terus untung bisa dilewati nah kalau lewat email aman tolong donk diperbaiki aplikasinya bukan malah memudahkan ini malah bikin sulit hp akun padahal dalam kk tolong donk untuk peserta anak bisa gabung sama ortunya jgn pisah akun kan tidak semua anak sudah punya hp,positif
Pengguna Google,5,05/01/2026 22:21,4.16.1,sangat membantu,negatif
Pengguna Google,1,05/01/2026 22:07,4.16.1,gk bisa masuk terus alasan hp root pdhl kd,negatif
Pengguna Google,5,05/01/2026 21:44,4.16.1,tolong update lagi jknnya biar tiap ada perubahan status pembayaran hasilnya langsung terlihat di aplikasi kaya aplikasi brimo shopeepay dll,negatif
Pengguna Google,1,05/01/2026 21:23,4.16.1,aneh banget ini aplikasi padahal gua udah daftarin no hp sama email pas di suruh verifikasi lewat sms ga bisa karna nomor kosong pake email ga bisa kosong juga terus pake muka gagal terus udah jelas pas daftar gua udah masukin nomor dan email lengkap jadi ga bisa di pake ini apk kalo ga bisa verifikasi bangke,negatif
Pengguna Google,1,05/01/2026 21:18,4.16.1,jelek banget anjir udh pernah login tapi suruh daftar lagi trus pas daftar ulang akunnya lagi katanya nama ttl nya salah padahal udah jelas benar dengan ktp maupun kk,negatif
Pengguna Google,5,05/01/2026 20:52,4.16.1,oke,positif
Pengguna Google,5,05/01/2026 20:29,4.16.1,nih dah tak kasih bintang masukin nomer gabisa terus gokkk,negatif
Pengguna Google,5,05/01/2026 19:43,4.16.1,mantab,negatif
Pengguna Google,5,05/01/2026 19:16,4.16.1,sangat di permudah terima kasih,negatif
Pengguna Google,5,05/01/2026 18:45,4.16.1,terima kasih,negatif
Pengguna Google,5,05/01/2026 18:38,4.16.1,sangat membantu,negatif
Pengguna Google,5,05/01/2026 18:13,4.16.1,oke,positif
Pengguna Google,5,05/01/2026 16:58,4.16.1,bagus,positif
Pengguna Google,5,05/01/2026 16:52,4.16.1,hebat,positif
Pengguna Google,1,05/01/2026 16:41,4.16.1,ribet banget gabisa verifikasi wajah gara no telpon beda mau ubah no telpon harus verifikasi wajah dlu hadehh muter ujungnya hapus pengaturan akun mlh gabisa login sama sekali hubungin no sesuai arahan ga membantu,positif
Pengguna Google,5,05/01/2026 16:13,4.8.1,sangat cocok untuk membantu memudahkan untuk kesehatan,positif
Pengguna Google,1,05/01/2026 16:00,4.16.1,aplikasinya rusak sering terloguot sendiri coba di loginin bacaannya gak terdaftar coba registrasi ulang masa data gw gak cocok padahal nik tgl lahir udah sama semua hadeuhhh ribet nya hidup di negara ini bukan mempermudah masyarakat malah bikin puyeng masyarakat,negatif
Pengguna Google,5,05/01/2026 15:46,4.16.1,mempermudah urus kesehatan,negatif
Pengguna Google,5,05/01/2026 15:30,4.16.1,lebih mudah mobile jkn,negatif
Pengguna Google,5,05/01/2026 15:05,4.16.1,sangat bermanfaat dan mudah digunakan,negatif
Pengguna Google,5,05/01/2026 15:03,4.14.0,mudah di akses,negatif
Pengguna Google,1,05/01/2026 14:37,4.16.1,server sampah kebanyakan dikorupsi terus aja tiap hari mau buat akun permintaan anda tidak dapat diproses silahkan coba lain kali,negatif
Pengguna Google,3,05/01/2026 14:28,4.16.1,tolng ini adminya no hp saya kenapa nggak bisa buat bikin akun tolong lah di perbaiki,positif
Pengguna Google,5,05/01/2026 14:24,4.16.1,mantap,positif
Pengguna Google,5,05/01/2026 14:16,4.16.1,aplikasi mudah digunakan,negatif
Pengguna Google,1,05/01/2026 14:12,4.16.1,apk ribet,negatif
Pengguna Google,5,05/01/2026 14:07,4.16.1,pelayanan ramah,positif
Pengguna Google,5,05/01/2026 14:06,4.16.1,bagus sangat membantu,positif
Pengguna Google,5,05/01/2026 13:57,4.16.1,bagus,positif
Pengguna Google,4,05/01/2026 13:37,4.16.1,apknya bagus,positif
Pengguna Google,5,05/01/2026 13:02,4.16.1,bagus,positif
Pengguna Google,5,05/01/2026 12:56,4.16.1,sangat membantu masyarakat perihal kesehatan,negatif
Pengguna Google,1,05/01/2026 12:46,4.16.1,aplikasi pembodohan kirim kode otp gak bisa server gak pernah di perbaiki,positif
Pengguna Google,5,05/01/2026 12:43,4.16.1,bagusss,positif
Pengguna Google,2,05/01/2026 12:33,4.16.1,bosen banget keluar sndri mulu,negatif
Pengguna Google,1,05/01/2026 12:27,4.16.1,kenapa harus autodebet sih itu kenapa gak ada tulisan non autodebet aja pilih non bank gak bisa lagi kemarin udah masuk ini saya mau nge check va nya buat bayar malah gak bisa log in astaghfirullah gimana dong,negatif
Pengguna Google,1,05/01/2026 12:24,4.16.1,kode otp nya gak masuk kalau lewat nomor,negatif
Pengguna Google,3,05/01/2026 12:00,4.16.1,untuk pembaruan tiga aja dulu,negatif
Pengguna Google,5,05/01/2026 11:57,4.16.1,ok,negatif
Pengguna Google,5,05/01/2026 11:54,4.15.0,good,negatif
Pengguna Google,1,05/01/2026 11:34,4.16.1,di aplikasi keluarga terdaftar semua email udh di ganti sama semua tapi tidak muncul juga saat liat kartu yg terliat cuman kepala keluarga tolong dong di perbaikin aplikasinya jangan menyusakan,positif
Pengguna Google,1,05/01/2026 11:29,4.16.1,apk proyek nga jelas bukan nya mempermudah tapi malah mempersulit banyak sekali kendalan nya setiap kali mau ambil antrian online,negatif
Pengguna Google,1,05/01/2026 11:19,4.16.1,woey ini bikin aplikasi gajelas mau verif nomer sama email aja susah nya minta ampun,negatif
Pengguna Google,3,05/01/2026 11:18,4.16.1,anak saya tidak terdaftar di aplikasi jkn padahal sudah saya daftarkan apa sebabnya,negatif
Pengguna Google,1,05/01/2026 11:18,4.16.1,tolol,negatif
Pengguna Google,5,05/01/2026 11:11,4.16.1,sangat bagus ada y aplikasi jkn,positif
Pengguna Google,1,05/01/2026 10:58,4.16.1,kode sms gak masuk,negatif
Pengguna Google,5,05/01/2026 10:48,4.16.1,sumpahh kenapa pas mau otkp nomer di tunggu sms malahh gaada udahh coba berkali kali tetep gaada,negatif
Pengguna Google,5,05/01/2026 10:43,4.14.0,ok,negatif
Pengguna Google,5,05/01/2026 10:40,4.16.1,mantap,positif
Pengguna Google,5,05/01/2026 10:28,4.16.1,pendaftaran kesehatan jadi mudah,negatif
Pengguna Google,5,05/01/2026 10:17,4.16.1,mantap,positif
Pengguna Google,5,05/01/2026 10:07,4.16.1,sukses,positif
Pengguna Google,5,05/01/2026 9:56,4.16.1,baru x ini nemuin aplikasi pemerintah yg mudah di akses dan tak berbelit belit dalam menggunakan nya mantap terimakasih,positif
Pengguna Google,5,05/01/2026 9:51,4.16.1,mantap,positif
Pengguna Google,5,05/01/2026 9:41,4.16.1,semoga bermanfaat buat kita semua,negatif
Pengguna Google,1,05/01/2026 9:34,4.16.1,apk budget mahal hasilnya diluar nuril definisi ada yg susah ngapa cari yg gampang sms otp ga sampe gmn mah daftar juancukkk,negatif
Pengguna Google,1,05/01/2026 9:11,4.16.1,aplikasi gajelas bisa nya kesehatan konoha pake aplikasi ini gajelas trus gagal login sudah cari tutor sana sini sudah ikuti dari ttp gabisa,negatif
Pengguna Google,1,05/01/2026 8:57,4.16.1,aplikasi ndableg slalu keluar sndiri,negatif
Pengguna Google,1,05/01/2026 8:42,4.16.1,ribetnya astaga udah jadul sering eror kerja yang bener napa,negatif
Pengguna Google,5,05/01/2026 8:27,4.16.1,mantap,positif
Pengguna Google,4,05/01/2026 8:23,4.16.1,susah daftarnya mau masuk vertifikasi otpnya gak ada balasanya,negatif
Pengguna Google,5,05/01/2026 8:19,4.16.1,gak bisa dibuka,negatif
Pengguna Google,2,05/01/2026 8:11,4.16.1,masa harus login terus tiap buka aplikasi tiap beberapa hari sekali bikin ruwet saja gak bisa langsung tersimpan loginnya masa tiap mau daftar harus ganti paswort,negatif
Pengguna Google,4,05/01/2026 8:08,4.16.1,sangat membantu sekali di saat pasien sdg darurat kita bs daftar via online lewat jkn trmks,negatif
Pengguna Google,1,05/01/2026 8:00,4.16.1,aplikasi ngawur tidak bisa login dan harus daftar autodebit padahal bank dan layanan lainnya masih terbatas kalau tdk punya bank nya apa harus bikin akun bank lain hanya untuk bayar bpjs perbaiki sistem yg mengharuskan autodebit hanya untuk login aplikasi kalau belum bisa all bank,positif
Pengguna Google,1,05/01/2026 7:57,4.16.1,apk ga jelas susah untuk daftar kode otp ga muncul nunggu sampe tua jga ga muncul,negatif
Pengguna Google,1,05/01/2026 7:46,4.16.1,verifikasi wajah susahnya minta ampun tu knp sih dari semalem sampe sekarang gagal terus pindah tempat sampe panas panas jg tetep gabisa ganti hp juga masih gabisa trus maunya tu apaaa,negatif
Pengguna Google,5,05/01/2026 7:44,4.16.1,sangat berguna tak perlu ke kantor lagi untuk ubah faskes,negatif
Pengguna Google,5,05/01/2026 7:24,4.16.1,sangat bagus dan berguna,positif
Pengguna Google,5,05/01/2026 6:52,4.16.1,pelayanan bagus tapi banyak kendala sistem di aplikasi jkn,positif
Pengguna Google,3,05/01/2026 6:51,4.16.1,kalo bisa harus nya urusan rujuk merujuk jangn di kaitkan ke akun jkn mobile sekalinya ganguan jkn mobile se indonesia ga bisa di rujuk ke rs langsung ajah tingkat pkm langsung dengan rs jika ada rujukan jangn harus masuk dulu jkn mobile biar ga menghambat yang semestinya cepat cepat mau berobat yg memprsulit nya adalah cara daftar jkn mobile sngat sulit kenapa ga di permudah,positif
Pengguna Google,5,05/01/2026 6:51,4.16.1,sangat bagus,positif
Pengguna Google,5,05/01/2026 6:41,4.16.1,mantap apps sudah berkembang,positif
Pengguna Google,1,05/01/2026 6:41,4.16.1,pas verifikasi wajah di tolak terus di bilang sistem sedang ada kendala kurang personil kamu ya di sana,negatif
Pengguna Google,5,05/01/2026 6:38,4.16.1,baik,positif
Pengguna Google,1,05/01/2026 6:38,4.16.1,minta otp tidak pernah ada balasan di coba berapa kali tetap tidak ada makin di update makin parah ni aplikasi,negatif
Pengguna Google,1,05/01/2026 6:31,4.16.1,apk sampah login daftar aja susah heran sama anggran nyangkutnya kemana mending hapus aja di apk gk ada kemudahan sama sekali,negatif
Pengguna Google,1,05/01/2026 6:23,4.16.1,bintang satu aja udah berapa puluh kali daftar tetep aja gagal di verifikasi wajah yang bener kalau bikin aplikasi kalau tidak bisa mendingan jangan ada sekalian,negatif
Pengguna Google,5,05/01/2026 6:21,4.16.1,sangat membantu,negatif
Pengguna Google,1,05/01/2026 6:15,4.16.1,aplikasi yg sangat menyusahkan login susah ngirim kode ke no hp hapir menit di tambah gagal terus sayah kasih bitang malah gk usah di kasih bitang,negatif
Pengguna Google,5,05/01/2026 6:14,4.16.1,bagus,positif
Pengguna Google,5,05/01/2026 6:14,4.16.1,saya keluarga pasien anggrek b bp kirmono selama dirawat puas dg pelayanan perawatnya ramah,positif
Pengguna Google,1,05/01/2026 6:10,4.16.1,pindah faskes aja gagal mulu,negatif
Pengguna Google,1,05/01/2026 6:01,4.16.1,jkn bikin kesel br daftar kembali blm ada mgg dah keluar lagi srh dftr lagi dr dl bgni nih jlk nya aplikasi jkn tolong donk di perbaiki knp hrs keluar tiba,positif
Pengguna Google,1,05/01/2026 5:57,4.16.1,padahal di gaji buat bikin apk ini tapi kayak sumbangan gak gak jelas,negatif
Pengguna Google,2,05/01/2026 5:54,4.16.1,parah untuk registrasi saja sangat sulit apa apa selalu dipersulit,negatif
Pengguna Google,1,05/01/2026 5:39,4.16.1,loba pisan gangguan na aduh jkn teh kumaha aplikasi teu di buka log out sorangan terus kata sandi poho edek di ganti kode otp na teh kana email eweh kana sms eweh kumaha sih meni asa loba pisan gangguan na tolong lebih di perbaiki lagi buat lebih mudah yahh tolong,positif
Pengguna Google,1,05/01/2026 5:32,4.16.1,mobil jln tidak bisa memverifikasi wajah tolong di benahi karna dengan aplikasi mobil jkn syarat rujuk merujuk di sana,negatif
Pengguna Google,1,05/01/2026 5:32,4.16.1,aplikasi dajal sistem rumit sekali bapak saya lupa sandinya mau verifikasi lewat nomor hp tidak ada masuk ke sms mana captcha nya sangat rumit untuk sekelas orang tua,negatif
Pengguna Google,1,05/01/2026 5:31,4.16.1,daftar malah gagal terus gimna inj malah suruh coba lagi aja terusssss,negatif
Pengguna Google,1,05/01/2026 5:29,4.16.1,aplikasi buatan pemerintah selalu jancookk,negatif
Pengguna Google,1,05/01/2026 5:25,4.16.1,aplikasi apaan ini gak jelas mau daftar aja susah sekali sampe berkali gagal trus pdahal kuota pulsa full sinyal lancar,positif
Pengguna Google,5,05/01/2026 5:22,4.16.1,sangatt membantu,negatif
Pengguna Google,1,05/01/2026 5:19,4.16.1,lupa kata sandi mau ubah susah bgt kode konfirmasi ga di kirim aplikasi broken,positif
Pengguna Google,5,05/01/2026 5:19,4.16.1,sangat memuaskan dan pelayanan sistem yang sangat cepat,positif
Pengguna Google,1,05/01/2026 5:16,4.16.1,verifikasi wajah selalu eror aplikasi sampah nyusahin,negatif
Pengguna Google,1,05/01/2026 5:13,4.16.1,pelayanan parah mau login ajah susahnya minta ampun apk selalu ke logout otomatis mau rubah data dipersulit udah call diarahin kepandawa udah chat pandawa responnya lama banget belum dpt solusi pihak pandawa sudah mengakhiri chat tolong jangan dibikin repot begini,negatif
Pengguna Google,1,05/01/2026 4:55,4.16.1,susah digunakan saat daftar no hp gagal berkali kali,negatif
Pengguna Google,1,05/01/2026 4:54,4.16.1,knapa ya diindo kl urusan teknologi kayak ga becus aplikasi kok gak jelas bgt malah ribet rata pada keluh yg sama tapi gak diperbaiki orng pinter it disini pada kabur keluarnegri disini gak dihargai makanya yg buat apk kayak anak magang,positif
Pengguna Google,5,05/01/2026 4:54,4.16.1,mempermudah banyak hal terimakasih layanan mobile jkn,negatif
Pengguna Google,5,05/01/2026 4:48,4.16.1,pelayanna bagus,positif
Pengguna Google,5,05/01/2026 4:42,4.16.1,mobil jkn untuk mempermudah dalam mengakses semua informasi yang menyangkut dengan bpjs kesehatan,negatif
Pengguna Google,5,05/01/2026 4:29,4.16.1,ok,negatif
Pengguna Google,1,05/01/2026 4:29,4.16.1,di aplikasi tertulis setiap tanggal baru ada tagihan pembayaran tapi ini baru tanggal udah ada tagihan,negatif
Pengguna Google,5,05/01/2026 4:20,4.16.1,very good,negatif
Pengguna Google,1,05/01/2026 4:17,4.16.1,aplikasi gaguna daftar jkn bikin ribetttt,negatif
Pengguna Google,5,05/01/2026 4:13,4.16.1,sangat membantu,negatif
Pengguna Google,1,05/01/2026 3:51,4.16.1,mentang mau brobat pake bpjs jadi di persulit fto pake muka senyum kedip kanan kiri tetep aja gabisa harus ulang,negatif
Pengguna Google,5,05/01/2026 3:45,4.16.1,sangat mmbantu lah pokok xa,negatif
Pengguna Google,1,05/01/2026 3:44,4.16.1,tidak bisa mengambil no antrian dan susah untuk login,negatif
Pengguna Google,5,05/01/2026 3:43,4.16.1,kenapa harus masuk dari awal terus terlalu lama untuk pengguna yg sudah lanjut usia harusnya kalau sudah pernah masuk ya aktif terus biar bisa langsung dipakai maaf menurut q itu bug yg perlu dipertimbangkan,negatif
Pengguna Google,1,05/01/2026 3:39,4.16.1,tolong dong buat semua yg di bidang kesehatan jangan apa apa tutup orang lagi sakit butuh penanganan malah tutup tapi di aplikasi tersedia,negatif
Pengguna Google,2,05/01/2026 3:34,4.16.1,mau verivikasi wajah aja susah bngt gak bisa,negatif
Pengguna Google,1,05/01/2026 3:28,4.16.1,ini itu gagal trus mau berobat di bikin susah,negatif
Pengguna Google,1,05/01/2026 3:28,4.16.1,sekelas aplikasi pemerintah sejelek ini mau daftar aja eror terusss susah bener hidup di indonesia ini untuk berobat saja,negatif
Pengguna Google,5,05/01/2026 3:17,4.16.1,sangat membantu dalam proses kesehatan,negatif
Pengguna Google,1,05/01/2026 3:17,4.16.1,apk apa ini jelek banget verifikasi muka udah bener tetep aja coba lagi coba lagi,negatif
Pengguna Google,5,05/01/2026 3:10,4.16.1,bagus,positif
Pengguna Google,1,05/01/2026 3:10,4.16.1,aplikasi mobile jkn ini sangat buruk tidak membantu lupa email minta kirim nomor kode otp kartu mesti ada pulsa,negatif
Pengguna Google,5,05/01/2026 3:05,4.16.1,sukses melakukan perubahan data,positif
Pengguna Google,5,05/01/2026 3:03,4.16.1,keren,positif
Pengguna Google,1,05/01/2026 2:52,4.16.1,gabisa mau cek aktif tidaknya bpjs pas di scan muka gabisa terus sudah coba berulang,negatif
Pengguna Google,1,05/01/2026 2:34,4.16.1,hadehhh,negatif
Pengguna Google,5,05/01/2026 2:33,4.16.1,membantu,negatif
Pengguna Google,1,05/01/2026 2:32,4.16.1,aplikasi gajelas mau ambil antrian gagal terhubung ke server terus udah berapa hari masih sama aja gagal terhubung ke server rumah sakit aplikasi aneh mempersulit ga membantu sama sekali,negatif
Pengguna Google,1,05/01/2026 2:32,4.16.1,katanya daftar lebih di permudah mana ada ini di persulit parah mau verifikasi wajah gagal terus gk guna banget bikin apk gk tau orang lagi butuh kalo ada keperluan mendadak di rumah sakit puskesmas yg di minta itu data dari jkn ini tolong di perbaiki jangan cuma mau untungnya aja,negatif
Pengguna Google,5,05/01/2026 2:24,4.16.1,semoga sehat,negatif
Pengguna Google,5,05/01/2026 1:55,4.16.1,sangat membantu dengan ada nya jln mobile,negatif
Pengguna Google,5,05/01/2026 1:52,4.16.1,sangat membantu sekali,negatif
Pengguna Google,5,05/01/2026 1:48,4.16.1,mantap,positif
Pengguna Google,1,05/01/2026 1:46,4.16.1,aplikasi gak ada manfaatnya gk bisa buat akun kaya tokaii,negatif
Pengguna Google,5,05/01/2026 1:43,4.16.1,sanggar baguss,positif
Pengguna Google,1,05/01/2026 1:41,4.16.1,gak jelas error terooooosssss,negatif
Pengguna Google,1,05/01/2026 1:38,4.16.1,aplikasi sampah mempersulit,negatif
Pengguna Google,1,05/01/2026 1:27,4.16.1,kamera verifikasi nya di miror kenapa co kalau bukan karena buzzer dah ratting bintang nih apk,negatif
Pengguna Google,1,05/01/2026 1:09,4.16.1,parah ngk bisa digunakan beda provinsi dinonaktifkan harus ganti data alamat sedangkan kk masih alamat lama orang di suruh ngurus ke provinsi tempat asal,negatif
Pengguna Google,1,05/01/2026 1:03,4.16.1,tolong lah diperbaiki itu sistem kode otp nya udah nunggu berapa jam gak ada masuk ke chat sama juga sering eror dan di suruh coba lagi aneh banget ini sistem bobrok,positif
Pengguna Google,1,05/01/2026 0:59,4.16.1,mau login dipersulit gajelassss,negatif
Pengguna Google,5,05/01/2026 0:48,4.16.1,alhamdulillah sangat membantu,negatif
Pengguna Google,5,05/01/2026 0:43,4.16.1,bagus sangat membantu,positif
Pengguna Google,1,05/01/2026 0:42,4.16.1,cuman minta kode otp aja sampai sekarang gak di kasih terus waktu tunggu kirim ulangnya juga lama detik udah x gw ulang gak di kasih kode verifikasi nya,negatif
Pengguna Google,1,05/01/2026 0:34,4.16.1,aplikasi panipuaan yg cuma ingin mendapatkan nik dan data orang lain hati hati buat yg lain,negatif
Pengguna Google,5,05/01/2026 0:29,4.16.1,sangat membantu,negatif
Pengguna Google,1,05/01/2026 0:28,4.16.1,sdh ngikutin petunjuk ga bs log in seharusnya memudahkan bkn menyulitkan,negatif
Pengguna Google,5,05/01/2026 0:25,4.16.1,jossss,negatif
Pengguna Google,5,05/01/2026 0:06,4.16.1,perubahan faskes bisa dilakukan di aplikasi,negatif
Pengguna Google,5,05/01/2026 0:00,4.16.1,trimakasih ya aplikasi nya sangat membantu terus bisa di gunakan yaaa,negatif
Pengguna Google,1,04/30/2026 23:58,4.16.1,makin kesini makin ribet dan susah di pake tiap login gagal disuruh daftar dari awal giliran daftar ga bisa di betulin napa,negatif
Pengguna Google,1,04/30/2026 23:57,4.16.1,ferivikasi wajah ga bisa bisa giliran bisa suruh coba lagi,negatif
Pengguna Google,1,04/30/2026 23:52,4.16.1,kenapa susah banget buat ganti password apakah akun saya sudah di blokir mana bantuannya jangan bales ulasan dengan template otomatis,negatif
Pengguna Google,5,04/30/2026 23:48,4.16.1,memudahkan peserta,negatif
Pengguna Google,1,04/30/2026 23:38,4.16.1,registrasi gak bisa mulu gajelas,negatif
Pengguna Google,5,04/30/2026 23:32,4.16.1,bagus aplikasinya dan sangat bermanfaat,positif
Pengguna Google,2,04/30/2026 23:30,4.16.1,kode otp kok tidak dikirim padahal kartu aktif pulsa juga ada tolong lah jangan dipersulit untuk daftar,negatif
Pengguna Google,5,04/30/2026 23:28,4.14.0,sangat membantu untuk merubah data peserta dan mencari klinik terdekat,negatif
Pengguna Google,1,04/30/2026 23:27,4.16.1,lupa pasword gak bisa login email gak bisa no telp sdh mati mau daftar baru gk bisa krn sdh terdaftar rumit amat indo indo,negatif
Pengguna Google,1,04/30/2026 23:18,4.16.1,he tolongg verifikasi wajah nya di permudah bosssss,negatif
Pengguna Google,5,04/30/2026 22:56,4.16.1,sangat membantu mudah dimengerti,negatif
Pengguna Google,5,04/30/2026 22:51,4.16.1,nice,negatif
Pengguna Google,5,04/30/2026 22:49,4.16.1,good,negatif
Pengguna Google,2,04/30/2026 22:42,4.5.1,ini mobile jkn kenapa jadi begini sih mau ganti faskes aja harus pakai verifikasi muka lalu gagal terus pas pilih lewat pin masih gagal juga tiap bulan saya bayar ontime loh kenapa jadi dipersulit gini sih buat mindahin faseksnya padahal mau dipakai buat lahiran akhir bulan ini,negatif
Pengguna Google,5,04/30/2026 22:35,4.16.1,aplikasi yang sangat bagus,positif
Pengguna Google,5,04/30/2026 22:32,4.16.1,pelayanannya sangat bsgus dan tidak dipersulit,negatif
Pengguna Google,2,04/30/2026 22:11,4.16.1,hapus aja sistem bobrok gini apa verifikasi wajah mending lgsg bner udah ngikutin intrusi ampe teleng susahnya minta ampun metode cara lain kek,negatif
Pengguna Google,1,04/30/2026 22:09,4.16.1,apk aneh,negatif
Pengguna Google,4,04/30/2026 22:07,4.16.1,ok,negatif
Pengguna Google,4,04/30/2026 22:05,4.16.1,sangat bermanfaat dan juga lebih mempermudah masyarakat,negatif
Pengguna Google,5,04/30/2026 21:05,4.16.1,lebih cepat responnya,positif
Pengguna Google,5,04/30/2026 21:04,4.16.1,mantappp sangat membantu untuk berobat,positif
Pengguna Google,5,04/30/2026 20:52,4.16.1,aplikasi ini sangat baik banget luar biasa,positif
Pengguna Google,2,04/30/2026 20:49,4.16.1,tolong donk aplikasi pemerintah jgn dipersulit udh hr ngurus bgnian ga kelar smpe pusing saya sya masuk diaplikasi mobile jkn ga bisa ktanya akun blm trdftr pas sya dftr ktanya akun sudah trdftr pdhl saya menggunakan aplikasi ini sudah lma tp knp skrng jd bgni tolong diperbaiki lg sistemnya jgn bkin orang pusing,positif
Pengguna Google,5,04/30/2026 17:45,4.16.1,sangat terbantu untuk kami yang kaum duafa,negatif
Pengguna Google,5,04/30/2026 17:16,4.16.1,bagus sekali,positif
Pengguna Google,5,04/30/2026 17:11,4.16.1,mantap layanannnya,positif
Pengguna Google,1,04/30/2026 17:00,4.16.1,gak keluar kode verifikasi nya mau daftar,negatif
Pengguna Google,1,04/30/2026 16:14,4.16.1,apaan nih aplikasi keluar logout sendiri katanya masuk di perangkat lain udah gitu sekarang mau masuk kaga bisa erorr gangguan dll mau cek bpjs jadi susah,negatif
Pengguna Google,2,04/30/2026 15:49,4.16.1,mau mendaftar saja susah verifikasi muka selalu gagal padahal sudah mengikuti arahan tolong diperbaiki lagi agar tidak mempersulit,positif
Pengguna Google,1,04/30/2026 15:40,4.16.1,login aja susah banget aplikasi pemerintah,negatif
Pengguna Google,5,04/30/2026 15:38,4.16.1,sudah kasih bintang lima tapi tolong buat isi nomor hp kok sudah isi nomor lengkap tapi masih belum lengkap gitu balasannya,negatif
Pengguna Google,5,04/30/2026 15:17,4.16.1,alhamdulillah sangat menyukai,negatif
Pengguna Google,1,04/30/2026 15:01,4.16.1,data not found sering banget kek begini datanya anomali yg pake berjuta umat perbaiki dong aplikasinya bikin mudah klik klik ga pake ribet kadang kebaca kadang data not found ribet amat,positif
Pengguna Google,1,04/30/2026 14:58,4.16.1,mohon dibaca bukan malah membuat cepat prosesnya sekarang malah ribet pake otentikasi wajah yang selalu gagal lebih enak versi yang sebelumnya cukup password atau pin sbnernya untuk aplikasi yang sekarang justru membuat ribet,positif
Pengguna Google,1,04/30/2026 14:47,4.16.1,aplikasi paling busuk,negatif
Pengguna Google,5,04/30/2026 14:38,4.16.1,sangat baik,positif
Pengguna Google,1,04/30/2026 14:33,4.16.1,sama kayak gendala lain otp tidak masuk,negatif
Pengguna Google,5,04/30/2026 14:12,4.16.1,semakin hari semakin parah dari layanan nya sampe apl nya sungguh memprihatin kan,negatif
Pengguna Google,1,04/30/2026 14:11,4.16.1,aplikasi gepuk susah banget login kode error melulu bikin frustasi,negatif
Pengguna Google,1,04/30/2026 14:10,4.16.1,aplikasi eror di pertahankan,negatif
Pengguna Google,5,04/30/2026 14:07,4.15.0,ok,negatif
Pengguna Google,3,04/30/2026 13:53,4.16.1,bagus,positif
Pengguna Google,3,04/30/2026 13:47,4.16.1,sering offline pas butuh,negatif
Pengguna Google,1,04/30/2026 13:34,4.16.1,semakin dipersulit,negatif
Pengguna Google,1,04/30/2026 13:31,4.16.1,tolonglah kepada pihak jkn jangan dipersulit untuk mengirim kode otpnya mohon kebijakannya klo gini pengguna bisa kecewa,negatif
Pengguna Google,1,04/30/2026 13:16,4.16.1,ini gimana mau masuk gabisa gini tiba tiba keluar ajah,negatif
Pengguna Google,1,04/30/2026 13:15,4.16.1,aplikasi banyak bug nya mau auto debit aja error terus sering down server sampah lah,negatif
Pengguna Google,5,04/30/2026 12:58,4.16.1,bagus,positif
Pengguna Google,1,04/30/2026 12:51,4.16.1,mau ganti faskes tingkat susah face recognition gajelas udah coba berkali tetap gabisa padahal sudah ngikutin instruksinya beda sama face recognition aplikasi bank jauh lebih baik,positif
Pengguna Google,5,04/30/2026 12:40,4.16.1,sangat membantu,negatif
Pengguna Google,1,04/30/2026 12:37,4.16.1,aplikasi jelek padahal jaringan ku bagus aja tpi gagal terus karna koneksi sring log out trs kata sandi salah padahal aku ingat sandi ku klau mau masuk hrus klik lupa kata sandi kode otp juga ga masuk perbaiki dong aplikasi nya min,positif
Pengguna Google,1,04/30/2026 12:29,4.16.1,menu perubahan data peserta ga bisa dipakai developer ayo perbaiki proses daftar akun dan login ribet pakai sms untuk otp ga modern sekarang aplikasi lain bisa pakai beragam alternatif cara kirim otp misalnya pakai whatsapp ayo masih jauh dari sempurna nanti kalau sudah sempurna saya kasih bintang,positif
Pengguna Google,1,04/30/2026 12:19,4.16.1,kode otp tidak di kirim sudah saya tunggu kali selama detik tetap sama tidak dikirim aplikasi tidak jelas cocok untuk bintang satu tidak rekomen banget,positif
Pengguna Google,1,04/30/2026 12:09,4.16.1,susah banget mau login padahal password sudah benar,negatif
Pengguna Google,2,04/30/2026 11:52,4.16.1,aplikasi sering banget bikin akun logout sendiri padahal beberapa hari sebelumnya udah login ketika dicoba login lagi malah gak bisa diproses udah capek capek login lho sampe cari data nik yang panjang aplikasi pemerintah kok begini banget ini bukan sekali atau dua kali lho ayo ditingkatkan dong,negatif
Pengguna Google,1,04/30/2026 11:44,4.16.1,gabisa mulu eror mulu sistem ofline mulu,negatif
Pengguna Google,5,04/30/2026 11:43,4.16.1,sengaja kasih bintang kalo ga niat bikin aplikasi jangan bikin menyusahkan masyarkat aja,negatif
Pengguna Google,1,04/30/2026 11:41,4.16.1,verifikasi wajah gagal terus ini aplikasi yg buat anak sd ya tugas prakarya sudah banyak ulasan jelek bintang malah ga di perbaiki susah memang produk pemerintah,negatif
Pengguna Google,2,04/30/2026 11:41,4.16.1,ko punyaku log out sendiri sekaeang mau log in ga bisa,negatif
Pengguna Google,1,04/30/2026 11:38,4.16.1,susah buat daftar verifikasi wajah susah masukin no hp otp nya lama bngt ribet bngt buat berobat doang daftar nya,negatif
Pengguna Google,1,04/30/2026 11:33,4.16.1,autentikasi wajahnya rusak jelek,negatif
Pengguna Google,1,04/30/2026 11:30,4.16.1,aplikasi kagak jls mau daftar aja susah nya minta ampun,negatif
Pengguna Google,1,04/30/2026 11:27,4.16.1,izin tanya donk admin istriku kena asam lambung sudah hampir bulanan dari awal puasa itu periksa juga sudah sering dikasih pun juga sering penyakit tidak pas bulan sakit nggak tapi kadang kambuh dicek ke fktp juga sudah sering kadang enak an seminggu habis itu kambuh lagi akhirnya aku punya inisiatif mau tak bawa ke spesialis saja istriku barang kali memang ada yang ganggu kesehatan nya dari dalam pikir mu dikasih ternyata sama dokternya gak dikasih rujukan,positif
Pengguna Google,1,04/30/2026 11:27,4.16.1,menyusahkan untuk dapatkan kode otp susah banget aplikasi bobrok,negatif
Pengguna Google,5,04/30/2026 11:06,4.16.1,mantap,positif
Pengguna Google,1,04/30/2026 11:02,4.16.1,tidak bisa ubah faskes mana ngatur agar wajah masuk tu sulit sangat tidak bersahabat bagi yg minus stelah gagal verifikasi wajah dicoba pake pin juga gagal tolong bikin anggaram buat aplikasi kesehatan jangan hanya kaos kaki k to motor listrik buat mbg,negatif
Pengguna Google,1,04/30/2026 10:37,4.16.1,aplikasi mumet,negatif
Pengguna Google,5,04/30/2026 10:36,4.16.1,mudah dan akurat untuk digunakan,negatif
Pengguna Google,5,04/30/2026 10:34,4.12.0,aplikasi mobile jkn sangat membantu,negatif
Pengguna Google,1,04/30/2026 10:20,4.16.1,tolong integrasi sistem otp ke wa saja sms udah ga relevan lama ga masuk masuk,negatif
Pengguna Google,1,04/30/2026 10:10,4.16.1,apapun aplikasi dari pemerintah pasti banyak kekuranganya ampas mau daftar ambil antrean fakses lemot trs ada tulisan maaf permintaan anda tidak dapt di proses aplikasi buatan pemerintah emang agak lain,negatif
Pengguna Google,2,04/30/2026 10:08,4.16.1,tolong perbaiki lagi aplikasi nya ambil nomer antrian aja harus nunggu lama sampai mau habis surat rujukan dari rs dan sering eror eror ketika dibuka,negatif
Pengguna Google,4,04/30/2026 10:03,4.16.1,skrg lg bermasalah,negatif
Pengguna Google,1,04/30/2026 10:00,4.11.2,aplikasi tambah mempersulit banyak errornya,negatif
Pengguna Google,5,04/30/2026 10:00,4.16.1,sangat simpel n tidak ribet,negatif
Pengguna Google,2,04/30/2026 9:53,4.16.1,tak turunin bintangnya gak bisa real time halaman muka status non aktif di ketuk ikon ada rincian peserta aktif ini gimana,negatif
Pengguna Google,5,04/30/2026 9:52,4.16.1,josjis,negatif
Pengguna Google,1,04/30/2026 9:49,4.16.1,apk eror minta otp ga masuk,negatif
Pengguna Google,1,04/30/2026 9:46,4.16.1,benerin,negatif
Pengguna Google,5,04/30/2026 9:45,4.16.1,bagus,positif
Pengguna Google,1,04/30/2026 9:41,4.16.1,mau log in aja susahnya kebangetan nunggu capcah sampe jam ga muncul muncul padahal lagi dibutuhkan untuk berobat,negatif
Pengguna Google,3,04/30/2026 9:40,4.16.1,tolong petunjuk kenapa akun ku selalu keluar tiap mau digunakan pasti sudah log out lalu login lalu log out lagiii capee tau log in mulu,negatif
Pengguna Google,1,04/30/2026 9:40,4.16.1,nggak bisa masuk tiba tiba akun keluar sendiri,negatif
Pengguna Google,1,04/30/2026 9:39,4.16.1,sampahhhhhhhh sesampah sampahnyaaa mau login aja harus capca capca gajelasss kediteksi capca salah mulu lagi ditambah mau daftar antrian tingkat satu tapi gada jadwal dokternya dikit dikit eror lagi anehh,negatif
Pengguna Google,1,04/30/2026 9:38,4.16.1,nih server apa gk di perbaiki susah bner masuknya loadingnya lama pula pdahal internet udha ngebut buat streming,negatif
Pengguna Google,1,04/30/2026 9:35,4.16.1,aplikasi gk jelas uda data uda bener malah gagal trus,negatif
Pengguna Google,1,04/30/2026 9:35,4.16.1,mau chekin kontrol malah aplikasinya logout sendiri dan susah di akses aneh,negatif
Pengguna Google,1,04/30/2026 9:33,4.16.1,aplikasi nya lemot gajelas,negatif
Pengguna Google,1,04/30/2026 9:33,4.16.1,aplikasi nya payah sekali masa klo mau masuk selalu keluar akun sendiri dan harus masuk lagi sangat mengganggu banget sangat sangat mengganggu payah,negatif
Pengguna Google,5,04/30/2026 9:31,4.16.1,tolong ini jaringan gua bagus tapi im say sorry kalau ruangan server kalian jelek minta tolong di upgrade lah ruangan data kalian server kalian jaringan gue bagusloh knp mau login mau daftar susah teknologi dh canggih di jaman skrg knp hal seperti ini spele bgt di lakuin,positif
Pengguna Google,2,04/30/2026 9:30,4.16.1,aplikasi sering ngelegg saat daftar ataupun masuk tolong di perbaiki masa orang membutuhkan harus terhambat sama maslah aplikasi di perbaiki dong jangsn dana nya aja di korupsi,positif
Pengguna Google,1,04/30/2026 9:29,4.16.1,sudah masukan kode gatcha bener malah di blg salah sistem mempersulitttttt,positif
Pengguna Google,1,04/30/2026 9:29,4.16.1,tolong ya di perbaiki kode captcha angkanya yang jelas jangan bertumpuk kalau yang ngecek orang yg udah tua tidak kelihatan,positif
Pengguna Google,1,04/30/2026 9:28,4.16.1,apk mempersulit pasienn,negatif
Pengguna Google,3,04/30/2026 9:27,4.16.1,wey benerin lah gw lupa password udh kasih no hp nunggu kode otp masa gk dikirim kirim kek mana lah kalian kerja ny,negatif
Pengguna Google,2,04/30/2026 9:26,4.16.1,bagus tapi disayangkan sisa antrian tidak update dan tambah kesini tambah lemot,negatif
Pengguna Google,1,04/30/2026 9:26,4.16.1,aplikasi gak jelas sering nongol kata permintaan anda belum dapat di proses silahkan memcoba beberapa saat lagi mohon maaf atas ketidak nyamanan anda dasar aplikasi bosok bukanya mempermudah malah nyusahin gwe bpjs bayar bukan pemerintah yang nanggung,positif
Pengguna Google,1,04/30/2026 9:23,4.16.1,aplikasi apaan ini daftar aja susah gini salah terus captcha nya kalau ngak salah captcha nya ngak keluar,negatif
Pengguna Google,5,04/30/2026 9:23,4.16.1,sudah terdaftar kemudian tiba tiba ada notifikasi untuk upgrade beberapa kali masukin captha gagal terus mohon diperbaiki,positif
Pengguna Google,1,04/30/2026 9:23,4.16.1,aplikasi beta,negatif
Pengguna Google,1,04/30/2026 9:20,4.16.1,aplikasi aneh uda betul katanya salah,negatif
Pengguna Google,1,04/30/2026 9:19,4.16.1,aplikasi lemot payah sering error,negatif
Pengguna Google,5,04/30/2026 9:18,4.16.1,sangat membantu utk keluarga saya yg sering keluar kota dalam waktu bln lebih,negatif
Pengguna Google,1,04/30/2026 9:17,4.16.1,aplikasi sering eror ngga bisa login kadang log out sendiri bikin kesel deh saran coba diperbaiki apk nya,positif
Pengguna Google,5,04/30/2026 9:17,4.16.1,sangat membantu,negatif
Pengguna Google,5,04/30/2026 9:15,4.16.1,sukses selalu berikan yang terbaik untuk kita,positif
Pengguna Google,5,04/30/2026 9:14,4.16.1,bagus sangat membantu,positif
Pengguna Google,1,04/30/2026 9:13,4.16.1,susah login mau brrobat juga jadi susah sapii,negatif
Pengguna Google,1,04/30/2026 9:12,4.16.1,kenapa log out sendiri giliran masuk lagi masa password salah ngerepotin orang sakit aja,negatif
Pengguna Google,1,04/30/2026 9:12,4.16.1,sampah,negatif
Pengguna Google,1,04/30/2026 9:11,4.16.1,tolong lah ya kalo udh login bisa gak gak ush reset lagi disuruh login jujur aja ribet sama satu lagi buat apa di pasaang fingerprint terus sama aja gak bisa masuk tolong otak nya dipake ya bikin ribet aja tiap mau cek malah disuruh login lagi isi data lagi terus ada fingerprint nya tapi gak bisa buat login masuk bagi yg terkena reset,negatif
Pengguna Google,1,04/30/2026 9:10,4.16.1,baru mau daftar tiba log out login ulang mohon diperbaiki bugnya terima kasih,positif
Pengguna Google,1,04/30/2026 9:05,4.16.0,min ini aplikasi banyak banget bug nya suka kekuar akun sendiri lemot gak efisien banget padahal daftar rs lewat sini,negatif
Pengguna Google,1,04/30/2026 9:05,4.16.1,bedul bikin ceptah nya yg bener,negatif
Pengguna Google,1,04/30/2026 9:02,4.16.1,sekrining ribet bikin layanan lambat membuat yang pasien nunggu lama bikin yang sakit makin parah apa gk bisa bikin apk yang simpel dan cepat ini berkaitan dengan nyawa banyak orang malah bahaya pakek apk ini kalau gak prosesnya cepat dan tepat,negatif
Pengguna Google,1,04/30/2026 8:59,4.16.1,aplikasi apa ini menyusahkan masarakat saja tidak bisa login nungu otp ngak masuk masuk aplikasi macam apa ini,negatif
Pengguna Google,2,04/30/2026 8:59,4.16.1,aplikasi sering eror ketika akhir bulan dan awal bulan,negatif
Pengguna Google,5,04/30/2026 8:58,4.16.1,koneksi bagus,positif
Pengguna Google,5,04/30/2026 8:58,4.16.1,terimakasih,negatif
Pengguna Google,1,04/30/2026 8:58,4.16.1,ga jelas banget ni aplikasi berkali kali dibilang salah captcha padahal udah jelas bener tolong diperbaiki bugfix nya,positif
Pengguna Google,5,04/30/2026 8:56,4.16.1,ok,negatif
Pengguna Google,1,04/30/2026 8:54,4.16.1,tidak ada tanggapan apapun,negatif
Pengguna Google,1,04/30/2026 8:54,4.16.1,gk perlu bintang lima mau daftar ajah susah udah masukin no hp baru gk bisa opline trus masa tiaphari opline gk jelas knpa masyarakat sllu dipersulit heran gw,negatif
Pengguna Google,3,04/30/2026 8:51,4.16.1,login sendiri mulu keseringan jd nya bosen masukin akun terus tolong lah jangan keseringan login ribet jadinya maaf aku kasih bintang karna kurang puas,positif
Pengguna Google,5,04/30/2026 8:49,4.16.1,baik,positif
Pengguna Google,5,04/30/2026 8:48,4.16.1,good,negatif
Pengguna Google,5,04/30/2026 8:46,4.16.1,maksimal untuk tetap menjaga kesehatan rakyat indonesia,negatif
Pengguna Google,5,04/30/2026 8:39,4.16.1,suka sekali dan sangat membantu,positif
Pengguna Google,4,04/30/2026 8:32,4.16.1,lumayan daripada lumanyun,negatif
Pengguna Google,5,04/30/2026 8:30,4.16.1,keren praktis membantu sekali,positif
Pengguna Google,5,04/30/2026 8:03,4.16.1,cepat tepat mudah,positif
Pengguna Google,5,04/30/2026 8:02,4.16.1,sangat bermanfaat,negatif
Pengguna Google,5,04/30/2026 7:50,4.16.1,bismillah sama dg yg lainnya,negatif
Pengguna Google,5,04/30/2026 7:42,4.16.1,bagus cuma kadang agak lemot,negatif
Pengguna Google,5,04/30/2026 7:38,4.16.1,sms otp ga masuk,negatif
Pengguna Google,5,04/30/2026 7:35,4.16.1,baik dan cepat,positif
Pengguna Google,1,04/30/2026 7:31,4.2.2,ini kalo yang berobat orang tua yg gak melek teknologi dan dgn kondisi gak ada keluarga yg bisa tolong atau lagi jauh untuk daftar jkn mobile ini bisa bisa gak ketolong perbaikilah kalo gak mau menyusahkan banyak orang,positif
Pengguna Google,5,04/30/2026 7:27,4.16.1,sipp,negatif
Pengguna Google,5,04/30/2026 7:25,4.16.1,flexible,negatif
Pengguna Google,5,04/30/2026 7:24,4.16.1,okkk,negatif
Pengguna Google,1,04/30/2026 7:24,4.16.1,tidak tepat memberikan sisa nomor antrean,negatif
Pengguna Google,5,04/30/2026 7:23,4.16.1,baik,positif
Pengguna Google,5,04/30/2026 7:12,4.16.1,aplikasinya bagus,positif
Pengguna Google,5,04/30/2026 7:09,4.16.1,baik,positif
Pengguna Google,1,04/30/2026 7:05,4.16.1,lebih di perhatikan dong masa bisa tiba tiba log out ribet ngurus daftar nya lagi,negatif
Pengguna Google,1,04/30/2026 7:01,4.16.1,otp nya lama banget keluar,negatif
Pengguna Google,4,04/30/2026 6:51,4.16.1,sangat baik,positif
Pengguna Google,3,04/30/2026 6:47,4.16.1,sangatbaik,positif
Pengguna Google,5,04/30/2026 6:45,4.16.1,good,negatif
Pengguna Google,5,04/30/2026 6:43,4.16.1,memudahkan rakyat terimakasih jkn terimakasih pemerintah,negatif
Pengguna Google,5,04/30/2026 6:35,4.16.1,kebantu banget dgn adanya aplikasi jkn,negatif
Pengguna Google,5,04/30/2026 6:33,4.16.1,bagus dan informatif,positif
Pengguna Google,5,04/30/2026 6:13,4.16.1,best,positif
Pengguna Google,1,04/30/2026 6:09,4.16.1,susah buat daftar dr verifikasi wajah yg lebih parah verifikasi nomer telpon udah kirim ulang no otp nya sampe detik lama banget,negatif
Pengguna Google,5,04/30/2026 5:55,4.16.1,cukup membantu buat keluarga saya dan gampang di gunakan,negatif
Pengguna Google,5,04/30/2026 5:55,4.16.1,aplikasi engga jelas udah masukin masih salah terus tolong di perbaiki jadi nyusahin,positif
Pengguna Google,5,04/30/2026 5:50,4.16.1,sangat puas,positif
Pengguna Google,5,04/30/2026 5:38,4.16.1,sangat membantu aplikasi juga lancar jaya tanpa lemot mantapppp,positif
Pengguna Google,1,04/30/2026 5:30,4.16.1,kok ga bisa dibuka yh apk y pdhal mau buat dftr kontrol ke rs,negatif
Pengguna Google,5,04/30/2026 5:28,4.16.1,baik,positif
Pengguna Google,5,04/30/2026 5:22,4.16.1,tolong untuk masalah log ini nya di perbaiki lagi saya sudah masukan nik dan pasword benar tpi keterangannya nik salah,positif
Pengguna Google,1,04/30/2026 5:14,4.16.1,mempersulit banget udah nurut make ni app buat check up malah errornya keterusan it nya kemanasih apa gadigaji pemerintah,negatif
Pengguna Google,1,04/30/2026 5:05,4.16.1,hai tim bpjs kalian jgn menikmati gaji aja hal seperti ini harusnya ditanggapi dan diperbaiki masak udah banyak komen jelek dibiarkan sampai berlarut meluncurkan apk yg sangat amat gak berguna katanya mempermudah tapi hasilnya riview komen jelek sekali apk ini sampah dan gak berguna dan dibandingkan apk lain lebih mudah untuk daftar login,negatif
Pengguna Google,5,04/30/2026 4:59,4.16.1,aplikasi pelayanan kesehatan terbaik,positif
Pengguna Google,5,04/30/2026 4:49,4.16.1,good aplikasi,negatif
Pengguna Google,5,04/30/2026 4:39,4.16.1,sangat membantu,negatif
Pengguna Google,4,04/30/2026 4:29,4.16.1,mudah di gunakan dan bagua,negatif
Pengguna Google,5,04/30/2026 4:18,4.16.1,mudah digunakan,negatif
Pengguna Google,5,04/30/2026 4:15,4.16.1,ok,negatif
Pengguna Google,5,04/30/2026 4:12,4.16.1,terima kasih,negatif
Pengguna Google,4,04/30/2026 4:00,4.16.1,sistem perekaman wajah masih belum optimal karena harus menunggu beberapa saat untuk foto,positif
Pengguna Google,5,04/30/2026 3:58,4.16.1,untuk pelayanan di mobile jkn ini sangt cepat dn sangat membantu skli smga kdpnny akn trs mempermudah,positif
Pengguna Google,5,04/30/2026 3:54,4.16.1,sangat bermanfaat bagi kesehatan tubuh,negatif
Pengguna Google,1,04/30/2026 3:51,4.16.1,verifikasi otp tidak terkirim tolong dong bpjs di perbaiki udah hari du ulang tetep nga di kirim percuma gaji banyak nga becus buat aplikasi,positif
Pengguna Google,5,04/30/2026 3:38,4.16.1,aplikasinya bagus,positif
Pengguna Google,1,04/30/2026 3:38,4.16.1,pengiriman kode otp lemot mau urus online aja susah,negatif
Pengguna Google,5,04/30/2026 3:30,4.16.1,oke,positif
Pengguna Google,5,04/30/2026 3:29,4.16.1,lebih tepat dan akurat dalam melayani masyarakat setulus hati,negatif
Pengguna Google,2,04/30/2026 3:28,4.16.1,kode otp via sms kaga masuk masuk gimana ini udah dari lama kaga ada perkembangan tolong lah di perbaiki,negatif
Pengguna Google,5,04/30/2026 3:21,4.16.1,sangat baik,positif
Pengguna Google,5,04/30/2026 3:13,4.16.1,sangat membantu,negatif
Pengguna Google,5,04/30/2026 3:03,4.16.1,aplikasinya mudah digunakan,negatif
Pengguna Google,5,04/30/2026 2:50,4.16.1,sangat membantu,negatif
Pengguna Google,5,04/30/2026 2:50,4.16.1,ok,negatif
Pengguna Google,5,04/30/2026 2:46,4.16.1,cepat,positif
Pengguna Google,4,04/30/2026 2:44,4.16.1,gak bisa masuk,negatif
Pengguna Google,5,04/30/2026 2:42,4.16.1,sangat membantu sekali dengan menggunakan mobile jkn ini semoga semakin ditingkatkan kwalitasx,negatif
Pengguna Google,1,04/30/2026 2:40,4.16.1,aplikasi sampah kode otw ngga pernah masuk,negatif
Pengguna Google,5,04/30/2026 2:33,4.16.1,sangat membantu kami masyarakat jakarta,negatif
Pengguna Google,5,04/30/2026 2:31,4.16.1,sangat cepat,positif
Pengguna Google,5,04/30/2026 2:30,4.16.1,kadang bagus kadang bingungke,positif
Pengguna Google,5,04/30/2026 2:17,4.16.1,sangat terbantu dan terselamatkan dengan adanya kemudahan ini,negatif
Pengguna Google,5,04/30/2026 2:16,4.16.1,mantap,positif
Pengguna Google,1,04/30/2026 2:02,4.16.1,kode otp ga masuk masuk lewat wa tidak dapat di proses payahh pelayanan rusak,negatif
Pengguna Google,5,04/30/2026 1:59,4.16.1,top,positif
Pengguna Google,5,04/30/2026 1:56,4.16.1,ini kenapa otp nomer telpon nya dipersulit gini sih aneh banget ini aplikasi,negatif
Pengguna Google,5,04/30/2026 1:55,4.16.1,mudah di akses,negatif
Pengguna Google,5,04/30/2026 1:47,4.16.1,sangat membantu terima kasih,negatif
Pengguna Google,5,04/30/2026 1:47,4.11.2,semoga pelayanan jkn bisa lebih baik lagi untuk masyarakat seperti kami,positif
Pengguna Google,1,04/30/2026 1:46,4.16.1,ribet,negatif
Pengguna Google,5,04/30/2026 1:39,4.16.1,mudah praktis dan cepat,positif
Pengguna Google,1,04/30/2026 1:33,4.16.1,aplikasi pemerintah selalu sampah lol,negatif
Pengguna Google,5,04/30/2026 1:30,4.16.1,semoga membantu,negatif
Pengguna Google,5,04/30/2026 1:30,4.16.1,bagus,positif
Pengguna Google,5,04/30/2026 1:22,4.16.1,masih mantap,positif
Pengguna Google,4,04/30/2026 1:16,4.16.1,sudah mendaftar untuk verifikasi wajahnya sll ga bisa sampek capek,negatif
Pengguna Google,5,04/30/2026 1:05,4.16.1,aplikasi terbaik,positif
Pengguna Google,5,04/30/2026 1:02,4.16.1,kebanyakan pertanyaan ini yang banyak kenapa kode nya lama banget jawaban nya adalah kamu nggak punya pulsa mangkanya nggak bisa muncul kode nya harus ada pulsa baru bisa muncul kode nyaa,negatif
Pengguna Google,5,04/30/2026 0:57,4.16.1,pelayanan baik,positif
Pengguna Google,5,04/30/2026 0:47,4.15.0,sangat membantu,negatif
Pengguna Google,4,04/30/2026 0:43,4.16.1,terkadang tiba log out padahal sering diakses,negatif
Pengguna Google,1,04/30/2026 0:35,4.16.1,bagus,positif
Pengguna Google,5,04/30/2026 0:34,4.16.1,good,negatif
Pengguna Google,5,04/30/2026 0:34,4.16.1,ruwet cok,negatif
Pengguna Google,5,04/30/2026 0:27,4.16.1,sangat membantu dan praktis,negatif
Pengguna Google,5,04/30/2026 0:21,4.16.1,aplikasi bagus tanpa gangguan tanpa ribet dan mudah di pahami,positif
Pengguna Google,5,04/30/2026 0:11,4.16.0,good,negatif
Pengguna Google,5,04/30/2026 0:09,4.16.1,daftar sdh lancar sekarang tidak ada kendala bagus tingkatkan terus,positif
Pengguna Google,5,04/30/2026 0:07,4.16.0,sangat membantu,negatif
Pengguna Google,5,04/29/2026 23:53,4.16.1,suruh daftar online kalau sakit udah daftar boro boro bisa daftar verifikasi nomor hpnya ga masuk masuk susah ya kalau jadi orang ngarepin puskesmas,negatif
Pengguna Google,5,04/29/2026 23:46,4.16.1,mudah digunakan untuk mengubah tempat faaskes dan lainya,negatif
Pengguna Google,1,04/29/2026 23:39,4.16.1,sudah melakukan pelunasan tunggakan tetapi status masih penangguhan,negatif
Pengguna Google,1,04/29/2026 23:38,4.16.1,lama gak dapat nomer verifikasinya yah tau kami rakyat miskin jadinya di tunda tunda,negatif
Pengguna Google,5,04/29/2026 23:32,4.16.1,cepat mudah terimakasih atas kemudahan layanannya,positif
Pengguna Google,5,04/29/2026 23:08,4.16.1,aplikasinya digunakan dengan akun pribadi kok malah terkunci klo bisa saya beri stengah bintang atau bisa komentar tanpa bintang maka saya komentar tanpa memberikan bintang,negatif
Pengguna Google,1,04/29/2026 22:48,4.16.1,dari kemarin tidak bisa menerima kode otp padahal jelas bahwa internet nya nyambung dan bisa digunakan dengan lancar giliran digunakan untuk mendapatkan kode otp susah poolll mohon bantuannya untuk diperbaiki karena sangat penting,positif
Pengguna Google,5,04/29/2026 22:45,4.16.1,siip,negatif
Pengguna Google,5,04/29/2026 22:40,4.16.1,mempermudah proses,negatif
Pengguna Google,5,04/29/2026 22:22,4.16.1,mudah digunakan,negatif
Pengguna Google,5,04/29/2026 21:45,4.16.1,semoga bermanfaat dan pelayanan lebih baik lagi,positif
Pengguna Google,1,04/29/2026 21:33,4.16.1,aplikasi abal abal mau masuk salah ini itu sana sini,negatif
Pengguna Google,5,04/29/2026 21:24,4.16.1,aplikasinya eror aja g bisa d istall mengapa setiap bulan harus cek in terus,negatif
Pengguna Google,5,04/29/2026 20:44,4.16.1,the best,positif
Pengguna Google,5,04/29/2026 20:40,4.16.1,terimakasih sudah membantu,negatif
Pengguna Google,4,04/29/2026 19:34,4.16.1,ok,negatif
Pengguna Google,1,04/29/2026 19:20,4.16.1,udah x masukin no hp buat registrasi gagal terus kalah sama situs slot,negatif
Pengguna Google,1,04/29/2026 18:59,4.16.1,kacau ngak bisa log in karna otp lewat imail ngak masuk lewat sms apa lagi,negatif
Pengguna Google,5,04/29/2026 18:58,4.16.1,good,negatif
Pengguna Google,5,04/29/2026 18:34,4.16.1,sangat membantu,negatif
Pengguna Google,5,04/29/2026 17:50,4.16.1,sangat membantu pelayanan terbaik,positif
Pengguna Google,5,04/29/2026 17:22,4.16.1,bismilah semoga bisa bikin bpjs karna sakit path tulang paha kaki,negatif
Pengguna Google,2,04/29/2026 17:04,4.16.1,susah kirim otp nya ke nomor nyaa gmna sihh,negatif
Pengguna Google,5,04/29/2026 16:30,4.16.1,good job,negatif
Pengguna Google,1,04/29/2026 15:55,4.16.1,aplikasi apa si ini udh daftr lewat no hp kata y no sudah perna di gunakan trus pakai no baru malah gk di kirim kode yh buang waktu buat daftar doang bukannya di permudah malah di persulit gak jelas,negatif
Pengguna Google,5,04/29/2026 15:49,4.16.1,manis,negatif
Pengguna Google,1,04/29/2026 15:21,4.16.1,apk gajelas pas mau verifikasi dibagian nomor hp lama banget nungguin kodenya padahal udah masukin nomor hp yg sesuai tapi gak muncul kode nya tolong diperbaiki,positif
Pengguna Google,5,04/29/2026 14:53,4.16.1,ok deh,negatif
Pengguna Google,1,04/29/2026 14:43,4.16.1,aplikasi dibatasi cuma buat akun belum tentu yg namanya orangtua bisa pakai aplikasi ini jadi sy sbg anak perlu mendaftarkan ortu kalau lg kontrol tp aplikasi gak bisa masuk krna tololnya sistem dibatasi akun tolong di permudah,positif
Pengguna Google,1,04/29/2026 14:36,4.16.1,berulang kali minta di krim kode otp ke sms tidak pernah masuk email juga tetap tidak bisa tolong di perbaiki,positif
Pengguna Google,5,04/29/2026 14:28,4.16.1,memuaskan,positif
Pengguna Google,5,04/29/2026 14:27,4.16.1,simple,negatif
Pengguna Google,1,04/29/2026 14:04,4.16.1,aplikasi jelek harus verifikasi nomer telp trus berkali kali verifikasi gabisa ambil antrean,negatif
Pengguna Google,5,04/29/2026 14:03,4.13.0,ok,negatif
Pengguna Google,5,04/29/2026 13:59,4.16.1,jos gandos,negatif
Pengguna Google,3,04/29/2026 13:56,4.16.1,mau ubah segmen kenapa harus autodebet dulu sih bisa gak sih buat ada pilihannya pilihan banknya juga cuma empat lah kan jadi kesulitan buat yang harus ngubah segmen,negatif
Pengguna Google,5,04/29/2026 13:42,4.16.1,mantap,positif
Pengguna Google,1,04/29/2026 13:40,4.16.1,aplikasi jelek dan gak guna,negatif
Pengguna Google,5,04/29/2026 13:37,4.16.1,aplikasi yg sangat membantu masyarakat good jobs,negatif
Pengguna Google,5,04/29/2026 13:32,4.16.1,dengan adanya bpjs sangat membantu saya pada saat proses persalinan sc,negatif
Pengguna Google,4,04/29/2026 13:30,4.16.1,pelayanan cepat,positif
Pengguna Google,5,04/29/2026 13:27,4.16.1,siip,negatif
Pengguna Google,5,04/29/2026 13:26,4.16.1,mantaf komplit,negatif
Pengguna Google,1,04/29/2026 13:26,4.16.1,aplikasi gak jelas buang buang kuota aja dasaar gak jelaad ngapaain di kasiih bintang gak sudi langsung saya apuus,negatif
Pengguna Google,5,04/29/2026 13:24,4.16.1,pelayanan oke,positif
Pengguna Google,5,04/29/2026 13:23,4.16.1,lancar,positif
Pengguna Google,1,04/29/2026 13:15,4.16.1,mohon maaf aku harus jujur untuk memberikan rating terburuk untuk jkn mobile dikarenakan untuk dapatkan download kartu bpjs sangat berbelit belit harus hafal password aplikasi ditambah harus hafal pin ditambah pengurusan verifikasi dan otp yang berulang ulang,negatif
Pengguna Google,5,04/29/2026 13:06,4.16.1,isthebest,positif
Pengguna Google,5,04/29/2026 13:02,4.16.1,siip,negatif
Pengguna Google,5,04/29/2026 12:50,4.16.1,sangat memudahkan disaat pendaftaran ke faskes lanjutan semoga kedepannya lebih baik lagi,positif
Pengguna Google,5,04/29/2026 12:39,4.16.1,trbantu sekali dengan fasilitas kesehatan dan pengobatan yang baik,positif
Pengguna Google,5,04/29/2026 12:36,4.16.1,aplikasi yg mudah dan berkualitas untuk memulai pengobatan,positif
Pengguna Google,5,04/29/2026 12:28,4.16.1,pelayanan terbaik dari mobile jkn terima kasih,positif
Pengguna Google,2,04/29/2026 12:19,4.16.1,gabisa bisa verifikasi otp cek dong aplikasi nya berjalan lancar atau engga padahal dibaca baca banyak yg kasih ulasan mengenai kode otp tapi gaada tindakan ini niatnya mempermudah atau mempersulit aplikasi nya diadakan tujuan nya buat apa tolong dong ditinjau lagi,positif
Pengguna Google,5,04/29/2026 12:17,4.16.1,ok,negatif
Pengguna Google,1,04/29/2026 12:17,4.16.1,malu malu in aplikasi ini hampir dimiliki seluruh warga indonesia tapi performa nya jelek banget kaya kurang niat bikin nya banyak bug harus log in berkali kali harus masukin captcha berkali kali ngerepotin banget sidik jari juga yang tujuannya untuk memudahkan login susah banget tersimpannya ini gimana kerja developernya kita disini costumer ngga gratis pake aplikasinya tolong ya point point diatas diperhatikan lagi ngerepotin lama waste my time,negatif
Pengguna Google,1,04/29/2026 12:13,4.16.1,aplikasi jelek ladang korup gausah pake aplikasi segala,negatif
Pengguna Google,1,04/29/2026 11:57,4.16.1,ribet banget mau login nya,negatif
Pengguna Google,5,04/29/2026 11:57,4.16.1,sangat membantu untuk informasi kesehatan mulai dari fasilitas pelayanan dan pengaduan,negatif
Pengguna Google,5,04/29/2026 11:56,4.16.1,good,negatif
Pengguna Google,5,04/29/2026 11:53,4.16.1,bagus dan pertahankan ya,positif
Pengguna Google,1,04/29/2026 11:51,4.16.1,kalo bisa kode otp nya jangan lewat sms soalnya susah masuk mending lewat wa biasanya langsung bisa ini aku masih belum bisa daftar karena otp nya ngga masuk sama sekali udah nunggu bejam jam tetep ga muncul kalo memang pengen buat aplikasi yang membantu orang jangan sampe nyusahin kek gini,negatif
Pengguna Google,1,04/29/2026 11:48,4.13.1,aplikasi sangat menyulitkan rakyat pemerintah atau siapapun yang berwenang tolong dipermudah terutama verifikasi nya,negatif
Pengguna Google,5,04/29/2026 11:39,4.16.1,mudah untuk berobat sekeluarga,negatif
Pengguna Google,5,04/29/2026 11:37,4.16.1,ok,negatif
Pengguna Google,1,04/29/2026 11:36,4.16.1,mau daftar aja susah kali otp aja ngk pernah masuk,negatif
Pengguna Google,1,04/29/2026 11:34,4.16.1,aplikasi ampas kode otp ga masuk masuk lewat gmail juga gabisaa,negatif
Pengguna Google,4,04/29/2026 11:27,4.16.1,bagus,positif
Pengguna Google,5,04/29/2026 11:25,4.16.1,ok,negatif
Pengguna Google,1,04/29/2026 11:19,4.15.0,hp tanp root kok mala ada notif hp d root tolong di perbaiki lagi padahal hp saya tanpa root niat banget nyusahin orang lagi sakit,positif
Pengguna Google,5,04/29/2026 11:14,4.16.1,sangat bagus,positif
Pengguna Google,1,04/29/2026 11:06,4.16.1,verifikasi wajah sulit via sms gak bisa via email gak bisa ribett bukan nya makin mudah malah jadi susah buat berobat ke rs rujukan,negatif
Pengguna Google,1,04/29/2026 10:58,4.15.0,pelayanan buruk masa kode otp buat registrasi gak masuk kalo kya gini mah balik aja ke sistem jadul,negatif
Pengguna Google,5,04/29/2026 10:55,4.16.1,baik,positif
Pengguna Google,4,04/29/2026 10:51,4.16.1,bagus,positif
Pengguna Google,5,04/29/2026 10:43,4.16.1,berguna semoga semakin berkembang,negatif
Pengguna Google,1,04/29/2026 10:42,4.16.1,aplikasi gajelassss mau daftar akun aja ga bisa,negatif
Pengguna Google,5,04/29/2026 10:39,4.16.1,sangat membantu aplikasinya mudah digunakan,negatif
Pengguna Google,5,04/29/2026 10:35,4.15.0,semakin keren dan mantab,positif
Pengguna Google,5,04/29/2026 10:24,4.16.1,mantap,positif
Pengguna Google,4,04/29/2026 10:18,4.16.1,mntap,negatif
Pengguna Google,5,04/29/2026 10:17,4.16.1,gud,negatif
Pengguna Google,1,04/29/2026 10:12,4.16.1,jadi ribed kebanyakan foto,negatif
Pengguna Google,1,04/29/2026 10:09,4.16.1,apaan ini aplikasi bikin kesal gakbtau orang butuh kah kenapa begitu menyulitkan tolong lah aplikasi ini di perhatikan lagi sangat sulit menunggu notifikasi otp juga tetap gagal dan lain lain begitu banyak permasalahan nya susah juga di jelaskan secara tertulis begini tolonglah aplikasi nya,negatif
Pengguna Google,1,04/29/2026 10:08,4.16.1,apk ga jelas udh verifikasi wajah jelas bngt tpi ga bisa ke verifikasi,negatif
Pengguna Google,3,04/29/2026 10:08,4.16.1,aplikasi sering brmasalah tidak terhubung k server padalah jaringan internet oke jadwal dokter di rumah sakit tidak sinkron dengan mobile jkn,positif
Pengguna Google,5,04/29/2026 10:06,4.16.1,bagus,positif
Pengguna Google,1,04/29/2026 9:58,4.16.1,tidak bisa verifikasi no tlpn ribetnya minta ampun,negatif
Pengguna Google,5,04/29/2026 9:58,4.16.1,coba dulu,negatif
Pengguna Google,1,04/29/2026 9:57,4.16.1,aplikasi rusak ini minta kode otp sms aja gk masuk masuk setiap daftar gk bisa,negatif
Pengguna Google,5,04/29/2026 9:39,4.16.1,sangat membantu terimakasih,negatif
Pengguna Google,5,04/29/2026 9:34,4.16.1,sangat memudahkan saat berobat,negatif
Pengguna Google,5,04/29/2026 9:30,4.16.1,sangat bagus dan lebih mudah untuk pendaftaran,positif
Pengguna Google,2,04/29/2026 9:15,4.16.1,pada saat ganti pin kenapa sering keluar sendiri mohon di perbaiki,positif
Pengguna Google,5,04/29/2026 9:07,4.16.1,mudah mengoperasikannya,negatif
Pengguna Google,4,04/29/2026 9:07,4.16.1,ini kenapa minggu saya coba berulangkali buat verifikasi gagal mulu gimana mau daftar antrean hadeh,negatif
Pengguna Google,4,04/29/2026 9:01,4.16.1,sudah downlot setiap mau loging suruh daftar no ktp sudah bener katanya salah ribet bener beberapa minggu harus apdet kalau lama gak dipakai berarti orangnya sehat aplikasi pemerintah tp gak memudahkan rakyat pakai apalagi yg pakai orang gua banyak yg gaptake tolong minta diperbaiki gak usah kebanyakan apdet kadang susah nyari anak muda lg pada sibuk,negatif
Pengguna Google,5,04/29/2026 9:01,4.16.1,baguss,positif
Pengguna Google,5,04/29/2026 9:01,4.16.1,sangat membantu,negatif
Pengguna Google,5,04/29/2026 8:55,4.16.1,nih bintang buat aplikasi untuk mempersulit diri sms otentivikasi tidak bisa mau ganti no hp tidak ada fiturnya aplikasi yang hanya bisa digunakan tuk satu orang aplikasi hanya untuk orang berduit kasihan bagi orang yang tidak memiliki hp,negatif
Pengguna Google,5,04/29/2026 8:43,4.16.1,ok,negatif
Pengguna Google,5,04/29/2026 8:38,4.16.1,terbaik,positif
Pengguna Google,5,04/29/2026 8:30,4.16.1,sangat ramah petugas pelayanan keliling nya yg berlokasi di mtq pekanbaru riau,positif
Pengguna Google,5,04/29/2026 8:24,4.16.1,mantap aplikasi,positif
Pengguna Google,1,04/29/2026 8:24,4.16.1,banyak kendala pada aplikasinya akun jkn selalu log out sendiri mencoba login kembali suda tdk bisa krna email dan nomor hp akun lama suda tidak dipakai suda mencoba di pengaduan whatsapp tapi tidak ada solusi apa apa yang di kasih sampai sekarang masi belum bisa login,negatif
Pengguna Google,5,04/29/2026 8:18,4.16.1,good,negatif
Pengguna Google,5,04/29/2026 8:11,4.16.1,sangat membantu,negatif
Pengguna Google,1,04/29/2026 8:03,4.16.1,sulit sekali mau login kode otp tidak masuk dikondisi terdesak log out sendiri susah loginnya mohon segera ditindak lanjuti aplikasinya,negatif
Pengguna Google,1,04/29/2026 8:03,4.16.1,aku akan ganti rating kalau udah bisa otp pakai whatsapp soalnya otp pake sms itu susah wooy perlu pulsa dan sekarang jarang yang pake pulsa harus beli dulu kalau bisa kedepannya bikin opsi pakai sms atau bisa pakai whatsapp,negatif
Pengguna Google,5,04/29/2026 8:01,4.16.1,nice mantep,negatif
Pengguna Google,1,04/29/2026 7:54,4.16.1,aplikasi tolol daftar awal pakek no gagal ngirim otp harus ada pulsa pakek no yg ada pulsa masuk otp langung pendaftaran berhasil sekarang mau rubah data malah yg terdaftar no hp yg lagi,negatif
Pengguna Google,5,04/29/2026 7:53,4.16.1,bagus,positif
Pengguna Google,5,04/29/2026 7:46,4.16.1,good,negatif
Pengguna Google,5,04/29/2026 7:38,4.16.1,proses ny cepat,positif
Pengguna Google,1,04/29/2026 7:28,4.16.1,jelek selalu out sendiri pdhal gk fi pake udh log in pake pulsa kurang efktif,negatif
Pengguna Google,2,04/29/2026 7:24,4.16.1,aplikasi bobrok udah isi pulsa buat kirim otp sms tapi selalu gagal udah coba kali kirim otp sms tapi gagal tidak muncul otp gini amat mau berobat di bikin ribet anehhh,negatif
Pengguna Google,1,04/29/2026 7:14,4.16.0,payah,negatif
Pengguna Google,1,04/29/2026 7:08,4.16.1,verivikasi nya susah,negatif
Pengguna Google,1,04/29/2026 7:00,4.16.1,aplikasi kerek,negatif
Pengguna Google,1,04/29/2026 6:57,4.16.1,aplikasi jelek cuma nunggu verifikasi auto debit sampe berhari hari ga ada sms ataupun whatsapp,negatif
Pengguna Google,5,04/29/2026 6:56,4.16.1,mempermudah,negatif
Pengguna Google,1,04/29/2026 6:48,4.16.1,yang katanya aplikasi nya membantu dan lebih mudah mudah apanya aku udah pakai nomor malah ga ada kode verifikasi sms ga masuk pakai email sama juga,negatif
Pengguna Google,1,04/29/2026 6:46,4.16.1,aplikasinya gimana ini tolong diperbaiki dong nggak bisa login padahal nik sudah benar password sudah benar tp selalu dibilang katanya keliru gliran mau ganti password juga ga bisa karena kode otp gk masuk lwt sms pakai email juga tdk bisa solusinya dong aplikasi hrusnya mempermudah ini malah bikin makin ribet sumpahh,positif
Pengguna Google,1,04/29/2026 6:22,4.16.1,daftar tapi kode sms otp gaa di kirim udah coba ganti nomor yg lain padahal pulsa jg masih ada gaa sistem bpjs nyaa gaa aplikasinya parahhh nii,negatif
Pengguna Google,5,04/29/2026 6:20,4.16.1,good apps,negatif
Pengguna Google,4,04/29/2026 6:10,4.16.1,mantap,positif
Pengguna Google,5,04/29/2026 6:05,4.16.1,terimakasih bpjs kesehatan,negatif
Pengguna Google,5,04/29/2026 6:03,4.16.1,ok,negatif
Pengguna Google,4,04/29/2026 5:54,4.16.1,mau isi tanggal kunjungan yang muncul cuma sampai tanggal saja padahal tanggal kunjungan ke rs tgl kok bisa begitu,negatif
Pengguna Google,5,04/29/2026 5:50,4.16.0,memudahkan,negatif
Pengguna Google,2,04/29/2026 5:47,4.16.1,bobrok kode otp gapernah masuk,negatif
Pengguna Google,5,04/29/2026 5:46,4.16.1,alhamdulillah mudah mengoperasikannya,negatif
Pengguna Google,5,04/29/2026 5:46,4.16.1,mantap,positif
Pengguna Google,5,04/29/2026 5:42,4.16.1,apk ny good,negatif
Pengguna Google,5,04/29/2026 5:05,4.16.1,apk jkn yg sangat sangat membatu terbaik,positif
Pengguna Google,5,04/29/2026 4:59,4.16.1,saat ini apl sy sedang error,negatif
Pengguna Google,5,04/29/2026 4:56,4.16.1,oke,positif
Pengguna Google,5,04/29/2026 4:53,4.16.1,bagus,positif
Pengguna Google,1,04/29/2026 4:53,4.16.1,jkn mobile saya mengalami root terus sudah update dan dimatikan ulang hp nya tetap saja tidak bisa login,negatif
Pengguna Google,5,04/29/2026 4:49,4.16.1,terimakasih untuk semuanya layanan jkn memuaskan dan sangat membantu bagi kami,positif
Pengguna Google,5,04/29/2026 4:47,4.16.1,kenapa ngga bisa kirim otp,negatif
Pengguna Google,5,04/29/2026 4:40,4.16.1,pelayanan bagus,positif
Pengguna Google,5,04/29/2026 4:35,4.16.1,jadi lebih mudah pindah faskes,negatif
Pengguna Google,5,04/29/2026 4:34,4.16.1,sangat membantu,negatif
Pengguna Google,1,04/29/2026 4:28,4.16.1,aplikasi kocak udah daftar udah sesuai semua tinggal nunggu kode verifikasi lewat sms aja ga dikirim ditungguin lama juga sampe sehari nunggu tetep ga dapet sms kocakk bgt njrrr blokir aja dah aplikasi ini hpus dari play store gaguna,negatif
Pengguna Google,5,04/29/2026 4:24,4.16.1,terbaik pokoknya,positif
Pengguna Google,5,04/29/2026 4:21,4.16.1,pelayanannya cepat,positif
Pengguna Google,5,04/29/2026 4:17,4.16.1,jam pelayanan di aplikasi tidak sesuai di lapangan wkwk,negatif
Pengguna Google,4,04/29/2026 4:12,4.16.1,udah baikudah an lebih baik lagi,positif
Pengguna Google,5,04/29/2026 4:07,4.16.1,terimakasih banyak bpjs bpk ibu yg bertugas baik yg di belakang tak lihat terimakasih untuk semua nya,positif
Pengguna Google,1,04/29/2026 4:06,4.16.1,buat otp nya susah sekali berapa kali coba tetap engga menerima sms kode otp nya kouta lancar wifi apalagi pulsa cukup tp tetep ga dapet kode otp nya buat daftar cukup kecewa si harusnya mempermudah malah jadi susah,negatif
Pengguna Google,5,04/29/2026 4:06,4.16.1,sms nya gk ada,negatif
Pengguna Google,5,04/29/2026 3:58,4.16.1,sukses terus lancar,positif
Pengguna Google,5,04/29/2026 3:50,4.16.1,bagus sekali dan sangat bermanfaat,positif
Pengguna Google,1,04/29/2026 3:38,4.16.1,minta kode otp lewat sms gak masuk mana waktu tunggu nya dtk lama bnget gajelas giliran email langsung masuk ternyata memang banyak yg kaya gitu juga sengaja apa gimana supaya gak bisa bikin bpjs,negatif
Pengguna Google,5,04/29/2026 3:24,4.16.1,mantab sangat membantu,negatif
Pengguna Google,5,04/29/2026 3:17,4.16.1,mantap,positif
Pengguna Google,1,04/29/2026 3:16,4.16.1,ya begitulah kalo aplikasi pemerintah pasti lelet lah sering gangguan lah,negatif
Pengguna Google,5,04/29/2026 3:13,4.16.1,sangat baik dan mempermudah saat mengadministrasikan saat berobat,positif
Pengguna Google,5,04/29/2026 3:12,4.16.1,terus ditingkatkan dan diperbaiki layanan semua bidang,positif
Pengguna Google,1,04/29/2026 3:06,4.16.1,sandi nggak pernah diubah kok bisa salah sms juga lelet banget,negatif
Pengguna Google,5,04/29/2026 3:06,4.16.1,ok,negatif
Pengguna Google,1,04/29/2026 3:00,4.16.1,sewaktu saya mau coba registrasi dan mengisi nomor telepon kode verifikasi otp nya ga muncul muncul,negatif
Pengguna Google,1,04/29/2026 2:58,4.16.1,gk sopan genit lagi,negatif
Pengguna Google,5,04/29/2026 2:46,4.14.0,ok,negatif
Pengguna Google,5,04/29/2026 2:32,4.16.1,sangat bermamfaat,negatif
Pengguna Google,1,04/29/2026 2:25,4.16.1,otp lu kagak masuk masuk egeee,negatif
Pengguna Google,1,04/29/2026 2:17,4.16.1,ribet banget anjir,negatif
Pengguna Google,1,04/29/2026 2:14,4.16.1,nda bisa di buka,negatif
Pengguna Google,1,04/29/2026 2:12,4.16.1,sering logout ga jelas udh dimasukin tiba keluar trus ga bisa login selama menit padahal posisi lagi urgent,negatif
Pengguna Google,5,04/29/2026 2:10,4.16.1,baguss bgt sangat membantu,positif
Pengguna Google,5,04/29/2026 2:08,4.16.1,bagus sekali pelayanannya cuma sering suruh buat password yg sering lupa,positif
Pengguna Google,5,04/29/2026 2:06,4.16.1,memudah kan dalam meng updet data tanpa harus mengantri mantap,positif
Pengguna Google,1,04/29/2026 2:03,4.16.0,fitur untuk rubah faskes bagian kameranya ga berfungsi,negatif
Pengguna Google,1,04/29/2026 2:01,4.16.1,aplikasi sampah perbaiki lah aplikasinya min,negatif
Pengguna Google,5,04/29/2026 1:59,4.16.1,bagus,positif
Pengguna Google,5,04/29/2026 1:57,4.16.1,sangat baik,positif
Pengguna Google,5,04/29/2026 1:41,4.16.1,alhamdulillah mudah bgt,negatif
Pengguna Google,1,04/29/2026 1:35,4.16.1,tidak bisa login,negatif
Pengguna Google,5,04/29/2026 1:21,4.16.1,ngoweeerrrr,negatif
Pengguna Google,1,04/29/2026 1:12,4.16.1,udah jengkel sama apk ini udah beberapa kali daftar selalu gagal ketika nungguin otp lewat no hp beberapa kali pake no hp lain juga gak bisa bisa,negatif
Pengguna Google,1,04/29/2026 1:09,4.16.1,tolong lah kode verifikasi tidak bisa dikirim karena permintaan anda belum bisa di proses terus terus dan terus udh di coba di lain hari masih sama saja,negatif
Pengguna Google,5,04/29/2026 0:53,4.16.1,sangat berguna dan membantu pelayanan kesehatan keluarga,negatif
Pengguna Google,5,04/29/2026 0:46,4.16.1,sangat puas,positif
Pengguna Google,1,04/29/2026 0:44,4.16.1,diperbaiki lagi ya untuk sistemnya sudah login tapi keluar keluar terus ada masalah apaya tolong ditingkatkan lagi sistemnya yang sangat buruk dan tidak menguntungkan penggunanya ya,negatif
Pengguna Google,5,04/29/2026 0:39,4.16.1,semakin mudah,negatif
Pengguna Google,3,04/29/2026 0:29,4.16.1,kenapa tidak muncul nomor antrian stlh didaftar,negatif
Pengguna Google,5,04/29/2026 0:29,4.16.1,gercep pelayanan,negatif
Pengguna Google,5,04/29/2026 0:28,4.16.1,aplikasi komplit mudah di mengerti sangat mudah dan praktis gampang di pahami,negatif
Pengguna Google,1,04/29/2026 0:26,4.16.1,nomor handphone tidak boleh kosong tapi udah diketik malah nomor sudah pernah digunakan peserta lain terus gimana nomernya cuma satu ini masa harus beli nomer lagi cuma buat daftar doang,negatif
Pengguna Google,4,04/29/2026 0:22,4.16.1,setelah di update masuk lagi susah disuruh login dlu dah beberapa kali diisi data data dah benar tapi dibilang salah terus harus gimana ini,negatif
Pengguna Google,5,04/29/2026 0:14,4.16.1,aplikasi ini mempermudah kita untuk melakukan pendaftaran kesehatan di fakes manapun sangat membantu untuk para peserta bpjs melakukan pendaftaran dan hal lainnya,negatif
Pengguna Google,5,04/29/2026 0:14,4.16.1,mantap,positif
Pengguna Google,5,04/29/2026 0:13,4.16.1,sangat mudah dan sangat membantu,negatif
Pengguna Google,5,04/28/2026 23:59,4.16.1,ok,negatif
Pengguna Google,5,04/28/2026 23:55,4.16.1,alhamdulillah sangat membantu,negatif
Pengguna Google,5,04/28/2026 23:32,4.16.1,aplikasi rusak kode otp nggk keluar padahal nomor benar dan masih aktif hapus aja aplikasinya,negatif
Pengguna Google,1,04/28/2026 23:29,4.16.1,ini gimana siii mau log in tapi ga bisa muluu herann,negatif
Pengguna Google,2,04/28/2026 23:23,4.16.1,dah masukan nomer ga di kirim kirim kodenya gimana sih,positif
Pengguna Google,5,04/28/2026 23:08,4.16.1,ini knpa si aplikasi nya kalau mau ke pendaftaran ke rs selalu keluar padahal udh login berkali kali tolong dong di perbaiki lagi,positif
Pengguna Google,5,04/28/2026 23:06,4.16.1,keren,positif
Pengguna Google,5,04/28/2026 23:03,4.16.1,mantap,positif
Pengguna Google,5,04/28/2026 22:56,4.16.1,memudahkan untuk berobt,negatif
Pengguna Google,5,04/28/2026 22:50,4.16.1,aplikasi jkn lebih membantu dan mempermudah,negatif
Pengguna Google,4,04/28/2026 22:45,4.16.1,sudah cukup bagus dalam pelayanannya,positif
Pengguna Google,1,04/28/2026 22:33,4.16.1,aplikasi aneh mau daftar ko ga bs katanya ada otp via sms ditunggu in ga dapet tuh,negatif
Pengguna Google,2,04/28/2026 22:32,4.16.1,aplikasi suka keluar sendiri dari semalem login gabisa bisa keterangan nik salah padahal nik nya sudah benar mau berobat daftar online jadi susah,positif
Pengguna Google,5,04/28/2026 22:30,4.16.1,aplikasi sangat membantu,negatif
Pengguna Google,1,04/28/2026 22:00,4.16.1,perbaiki tuh aplikasi tidak bisa ngirim otp,positif
Pengguna Google,1,04/28/2026 21:58,4.16.1,masuk aja harus pakai no ktp,negatif
Pengguna Google,5,04/28/2026 21:23,4.16.1,semua jadi lebih gampang,negatif
Pengguna Google,1,04/28/2026 20:29,4.16.1,kok gak bisa login susah banget mau login ke jkn tulisan nya permintaan anda belum dapat diproses silahkan mencoba beberapa saat lagi pas udah masukin no kk pasword and no captcha sampe berkali tetep gak bisa,negatif
Pengguna Google,5,04/28/2026 18:24,4.16.1,cepat dan praktis,positif
Pengguna Google,5,04/28/2026 17:16,4.16.1,mantap,positif
Pengguna Google,5,04/28/2026 17:10,4.16.1,trimakasih banyak atas pelayanannya yg sangat membantu kami,negatif
Pengguna Google,5,04/28/2026 17:06,4.16.1,mau daftar antrian buat peserta kedua gak bisa bisa gk bisa d gsnti namanya malah repot,positif
Pengguna Google,5,04/28/2026 17:06,4.16.1,mantap,positif
Pengguna Google,5,04/28/2026 17:01,4.16.1,bagus mempermudah,positif
Pengguna Google,1,04/28/2026 17:00,4.16.1,gak bisa login bos gak jelas,negatif
Pengguna Google,5,04/28/2026 16:31,4.16.1,sangat memuaskan,positif
Pengguna Google,5,04/28/2026 15:13,4.16.1,good,negatif
Pengguna Google,5,04/28/2026 14:29,4.16.1,oke,positif
Pengguna Google,5,04/28/2026 14:25,4.14.0,mantap,positif
Pengguna Google,1,04/28/2026 14:24,4.16.1,aplikasi selalu meminta nik untuk masuk padahal kita tak selalu pegang ktp saat urgent sangat tidak membantu seharusnya dipermudah seperti penggunaan sidik jari,negatif
Pengguna Google,5,04/28/2026 14:18,4.16.1,puas sekali,positif
Pengguna Google,5,04/28/2026 14:17,4.16.1,good,negatif
Pengguna Google,1,04/28/2026 14:13,4.16.1,ribet bgt mau masuk mesti autodebit udh masukin rekening minta otp nomornya ga masuk nomor aktif pulsa ada tapi ga masuk masuk ribetttttt,negatif
Pengguna Google,1,04/28/2026 14:13,4.16.1,tolong jangan bikin emosi kalo bikin apk tuh pakek niat jangan banyak masalah nya gw foto udah berhasil kali ngulang mulu,negatif
Pengguna Google,5,04/28/2026 14:13,4.16.1,mantappp,positif
Pengguna Google,5,04/28/2026 14:12,4.16.1,setelah diupdate malah nggak bisa login udh ganti pass pun ttap nggak bisa,negatif
Pengguna Google,5,04/28/2026 14:10,4.16.1,semoga semakin membaik pelayanannya,positif
Pengguna Google,5,04/28/2026 14:10,4.16.1,bagus,positif
Pengguna Google,5,04/28/2026 14:06,4.16.1,sangat membantu dalam kesehatan,negatif
Pengguna Google,5,04/28/2026 14:05,4.16.1,sangat bagus bermanfaat bagi warga,positif
Pengguna Google,1,04/28/2026 14:04,4.16.1,pas mau masukin no hp knp gabisa ya eror kah,negatif
Pengguna Google,5,04/28/2026 13:48,4.16.1,puas sekali,positif
Pengguna Google,1,04/28/2026 13:35,4.16.1,karna susah poto bpjs ny,negatif
Pengguna Google,1,04/28/2026 13:29,4.16.1,aplikasi daftar online tapi masi wajib daftar offline trus kegunaan daftar online apa benar benar sistem dan aturan tidak berguna sistem ngabisi anggaran negara saja,negatif
Pengguna Google,1,04/28/2026 13:25,4.16.1,susah masuk sering logout sendiri ketika mau masuk lg sampe skrg sdh hari gak bs,negatif
Pengguna Google,1,04/28/2026 13:18,4.16.1,aplikasi gajelas mau daftar aja di persulit kode otp gak muncul padahal semuanya aman ga ada masalah aplikasi lelet tolong di perbaiki sejauh ini aplikasi yg paling jelek cuman mobile jkn udah banyak banget yg protes tapi gak di perbaiki bagaimana ini tolong ya di benerin aplikasi jelek lemot butut ini,negatif
Pengguna Google,5,04/28/2026 13:17,4.16.1,beres,negatif
Pengguna Google,5,04/28/2026 12:56,4.16.1,aplikasinya sangat mudah digunakan dan sangat membantu,negatif
Pengguna Google,5,04/28/2026 12:55,4.16.1,respon cepat,positif
Pengguna Google,5,04/28/2026 12:51,4.16.1,semoga kedepannya lebih baik dan terus baik,positif
Pengguna Google,5,04/28/2026 12:39,4.16.1,ngebantu banget dengan aplikasi ini,negatif
Pengguna Google,1,04/28/2026 12:30,4.16.1,jelek ni aplikasi banyak bug nya,negatif
Pengguna Google,5,04/28/2026 12:28,4.16.1,bagus,positif
Pengguna Google,5,04/28/2026 12:25,4.16.1,bagus lebih memudahkan,positif
Pengguna Google,5,04/28/2026 12:20,4.16.1,mantap sangat membantu lebih di tingkatan lagi,positif
Pengguna Google,5,04/28/2026 12:20,4.16.1,mudah dan membantu tanpa harus ke kntor bpjs,negatif
Pengguna Google,1,04/28/2026 12:10,4.16.1,baru daftar masukan nomer hp aja kagak bisa di coba bolak balik kagak bisa ribet amat sih mbok ya yg mudahin masyarakat kalau bikin pelayanan publik,positif
Pengguna Google,5,04/28/2026 12:05,4.16.1,mantap,positif
Pengguna Google,2,04/28/2026 12:05,4.16.1,kode verifikasi lama,negatif
Pengguna Google,5,04/28/2026 12:03,4.16.1,mantab,negatif
Pengguna Google,5,04/28/2026 11:17,4.16.1,good,negatif
Pengguna Google,5,04/28/2026 11:13,4.16.1,dangat bagus layanan kesehatan mempermudah untuk perubahan alamat,negatif
Pengguna Google,5,04/28/2026 11:13,4.16.1,sangat membantu tnpa harus ke lokasi faskes,negatif
Pengguna Google,5,04/28/2026 11:10,4.16.1,ok,negatif
Pengguna Google,5,04/28/2026 11:07,4.16.1,mantap dan mudah di mengerti,positif
Pengguna Google,1,04/28/2026 11:04,4.16.1,orang tua lagi sakit daftar begini suruh rekam layar pas udah rekam layar suruh geleng geleng kepala suruh kedipkan mata suruh senyum coba tolong dong di benahi lagi,negatif
Pengguna Google,4,04/28/2026 10:51,4.16.1,aplikasi nya lumayan bagus,positif
Pengguna Google,5,04/28/2026 10:40,4.16.1,sangatlah membantu bagi warga indonesia,negatif
Pengguna Google,1,04/28/2026 10:30,4.16.1,verifikasi otp tidak bisa sudah dicoba berkali hasil tetap sama sangat mengecewakan,negatif
Pengguna Google,5,04/28/2026 10:28,4.16.1,bagus,positif
Pengguna Google,5,04/28/2026 10:28,4.16.1,mantap,positif
Pengguna Google,5,04/28/2026 10:26,4.16.1,sangat bgus,negatif
Pengguna Google,5,04/28/2026 10:26,4.16.1,sangat membantu semoga seterusnya berjalan dengan lancar terimakasih,positif
Pengguna Google,5,04/28/2026 10:25,4.16.1,akses mudah memudahkan pelayanan,negatif
Pengguna Google,5,04/28/2026 10:13,4.16.1,sangat baguss,positif
Pengguna Google,1,04/28/2026 10:13,4.16.1,force close programernya gak kompeten,negatif
Pengguna Google,1,04/28/2026 9:56,4.16.1,kode otp udah hari saya coba tetep ga dikirim,negatif
Pengguna Google,1,04/28/2026 9:55,4.16.1,aplikasi sampah,negatif
Pengguna Google,5,04/28/2026 9:51,4.16.1,oke merubah faskes sangat cepat,positif
Pengguna Google,5,04/28/2026 9:47,4.16.1,alhamdulillah lancar,positif
Pengguna Google,1,04/28/2026 9:46,4.16.1,tolong benerin aplikasinya sering terjadi bug ketika login tiba tiba hp saya gk bisa digerakin,negatif
Pengguna Google,1,04/28/2026 9:32,4.16.1,selasa april mobile jkn tidak bisa untuk log in saya mau ambil antrian online untuk periksa ke dokter tp tidak bisa untuk log in,negatif
Pengguna Google,1,04/28/2026 9:30,4.16.0,hadeh mau daftar aja susah bgt,negatif
Pengguna Google,5,04/28/2026 9:29,4.16.1,sangat bermanfaat berguna,negatif
Pengguna Google,3,04/28/2026 9:27,4.16.1,aplikasi bagus lebih baik login gak usah pake capsca biar lebih gampang saya login ternyata harus nunggu beberapa menit baru bisa masuk lagi,positif
Pengguna Google,5,04/28/2026 8:56,4.14.0,semakin sukses bpjs kesehatan,positif
Pengguna Google,5,04/28/2026 8:41,4.16.1,sangat membantu,negatif
Pengguna Google,1,04/28/2026 8:34,4.16.1,gabisa verifikasi ga dapat kode otp gatau ini aplikasinya siatemnya gimna,negatif
Pengguna Google,1,04/28/2026 8:29,4.16.1,mau daftar aja ribet,negatif
Pengguna Google,1,04/28/2026 8:25,4.16.1,sangat mengecewakan tidak bisa daftar padahal nomor telfonnya sudah benar dan jaringan internet juga bagus,negatif
Pengguna Google,1,04/28/2026 8:06,4.16.1,tgl april kenapa ya tidak bisa ambil antrian periksa di nakes dokter umum tolong perbaiki,positif
Pengguna Google,5,04/28/2026 8:05,4.16.1,pelayanan cepat dan memuaskan,positif
Pengguna Google,5,04/28/2026 7:43,4.16.1,tapi kok ribet ya kaloau masuk,negatif
Pengguna Google,1,04/28/2026 7:41,4.16.1,kirim ulang kode verifikasi nya lamaaa,negatif
Pengguna Google,1,04/28/2026 7:38,4.16.1,dipersulit nunggu kode ga masuk gagal terus,negatif
Pengguna Google,1,04/28/2026 7:32,4.16.1,gunanya apa si aplikasi ini bukanya untuk mepermudah malah bikin stres aja,negatif
Pengguna Google,1,04/28/2026 7:27,4.16.1,apk aneh mau daftar udah hari belum dapat diproses terus,negatif
Pengguna Google,5,04/28/2026 7:12,4.15.0,sangat membantu sekali dalam berobat dan dalam pengantrian berobat terimakasih banyak untuk admin dan crew nya,negatif
Pengguna Google,5,04/28/2026 7:05,4.16.1,ok,negatif
Pengguna Google,1,04/28/2026 6:45,4.16.1,sangat mengecewakan untuk mengirim kode otp saja selalu gagal dan kodenya tidak pernah masuk bahkan setelah meminta kirim ulang kodenya tetap saja tidak masuk tolong kedepannya silahkan diperbaiki dengan sebenar benarnya,negatif
Pengguna Google,5,04/28/2026 6:41,4.16.1,sangat membantu,negatif
Pengguna Google,1,04/28/2026 6:33,4.16.1,aplikasi buat warga kecil tuh bener ya di persulit wkwk contoh saya mau daftar aja sulitnya minta ampun perkara otp ini otp terbang nya kemana ya btw pdhal gmail bisa kocak bngt yaampun,negatif
Pengguna Google,5,04/28/2026 6:33,4.16.1,mantaps,positif
Pengguna Google,1,04/28/2026 6:25,4.16.1,minta otp gak bisa bisa di coba berhari hari mempersulit orang lain aja l,negatif
Pengguna Google,5,04/28/2026 6:06,4.16.1,good services,negatif
Pengguna Google,1,04/28/2026 6:03,4.16.1,aplikasi gajelas bikin ribet bukanya mempermudah malah nyusahin,negatif
Pengguna Google,4,04/28/2026 5:54,4.16.1,akunnya ke log out sendiri dan log in sidik jari tidak bisa digunakan apakah sedang gangguan soalny sudah berjalan mingguan,negatif
Pengguna Google,1,04/28/2026 5:42,4.16.1,nungguin otp sampe taun monyet ga keluar,negatif
Pengguna Google,5,04/28/2026 5:33,4.16.1,fast respon,negatif
Pengguna Google,5,04/28/2026 5:33,4.14.0,sgt memudahkan,negatif
Pengguna Google,1,04/28/2026 5:32,4.16.1,niat gak bikin aplikasi nyusahin orang poto muka susah gagalterus kode otp ga dikirim kirim konoha,negatif
Pengguna Google,1,04/28/2026 5:32,4.16.1,aplikasi tolol daftar aja susah,negatif
Pengguna Google,5,04/28/2026 5:24,4.16.1,oke,positif
Pengguna Google,2,04/28/2026 5:24,4.16.1,buruk bgt aplikasinya,negatif
Pengguna Google,5,04/28/2026 5:14,4.16.1,berguna dengan sangat baik,positif
Pengguna Google,5,04/28/2026 5:10,4.16.1,pelayanan baik,positif
Pengguna Google,5,04/28/2026 5:10,4.16.1,sangat membanu dan bermanfaat,negatif
Pengguna Google,5,04/28/2026 5:08,4.16.1,bagus mantab,positif
Pengguna Google,1,04/28/2026 5:04,4.16.1,bisa kode otp gak masuk padahal udah nunggu lama kecewa sama apk nya,negatif
Pengguna Google,5,04/28/2026 5:00,4.16.1,mantap,positif
Pengguna Google,5,04/28/2026 4:56,4.16.1,mantap,positif
Pengguna Google,1,04/28/2026 4:48,4.16.1,aplikasi cacat tapi di rilis mau pendaftaran saja repot sekali scan foto ga berhasil terus setelah berhasil otp tfk di kirim kan cacat asli merepotkan pendaftaran pasien,negatif
Pengguna Google,1,04/28/2026 4:44,4.16.1,aplikasi ga optimal otp aja ga dikirim endingnya harus manual dateng ke kantornya langsung mempermudah apa cuma php,negatif
Pengguna Google,1,04/28/2026 4:41,4.16.1,apk jelek gabisa dipakai verifikasi muka ga bener gabisa dipakai kirim kode sms otp ga masuk udah nyoba berkali ttp gabisa tulung lah dibenekke banyak pengguna lain yg keluahannya sm tp apknya ttp jelek,negatif
Pengguna Google,5,04/28/2026 4:36,4.16.1,user friendly,negatif
Pengguna Google,5,04/28/2026 4:28,4.16.1,sangat memuaskan,positif
Pengguna Google,5,04/28/2026 4:06,4.16.1,mntap,negatif
Pengguna Google,5,04/28/2026 4:03,4.16.1,mantap,positif
Pengguna Google,1,04/28/2026 4:03,4.16.1,kode otp tidak masuk padahal udah nyoba berkali kali tolong bisa diperbaiki lagi sistemnya,positif
Pengguna Google,1,04/28/2026 4:02,4.16.1,aneh minta kode otp ga biaa pas mau minta kode verifikasi ulang lama banget keren apknya,negatif
Pengguna Google,5,04/28/2026 4:02,4.16.1,apk ini sangat membantu dlm keadaan urgent sekalipun terimkasih,negatif
Pengguna Google,1,04/28/2026 3:54,4.16.1,kalau tidak belibet bukanlah indonesia mau daftar aja otp gak ada masuk ke pesan percuma buang duit doang bikin aplikasi gak ada guna,negatif
Pengguna Google,5,04/28/2026 3:45,4.16.0,baik,positif
Pengguna Google,1,04/28/2026 3:37,4.16.1,untuk register bisa tolong dipermudah kan sudah pakai nik email nomor hp untuk verifikasi kan bisa pakai email nomor hp kalau misalnya nomor hp nga ke kirim otpnya tolong di informasikan kalau harus pakai pulsa dan terlebih lagi banyak aplikasi yang menggunakan verifikasi otp itu nga pakai pulsa juga bisa masyarakat umum kurang tau adanya potongan pulsa terkait otp yang asing di telinga mereka,negatif
Pengguna Google,3,04/28/2026 3:34,4.16.1,sumpah app buat naik tensi minimal upgrade jujur muak,negatif
Pengguna Google,5,04/28/2026 3:27,4.14.0,baik,positif
Pengguna Google,3,04/28/2026 3:26,4.16.1,oiii biji sms lewat no hp coba fix dlu gamasuk ini mana tukang codingnya biji,negatif
Pengguna Google,1,04/28/2026 3:17,4.16.1,aplikasi bikin ribet mau berobat aja harus pakai ini aplikasi sedangkan aplikasinya sering eror gagal login terus gak jelas ni aplikasi,negatif
Pengguna Google,5,04/28/2026 3:16,4.16.1,mantap parah,negatif
Pengguna Google,1,04/28/2026 3:15,4.16.1,tolong diperbaiki orang kena penyakitt disuruh daftar online wkwkwk kocak perbaiki sistemnya gajelas lu mau bikin orang mati kah lewat mjkn ini,positif
Pengguna Google,1,04/28/2026 3:10,4.16.1,no hp buat vefikasi tidak muncul,negatif
Pengguna Google,5,04/28/2026 3:08,4.16.1,terima kasih,negatif
Pengguna Google,5,04/28/2026 2:58,4.16.1,sangat bermanfaat,negatif
Pengguna Google,5,04/28/2026 2:54,4.16.1,sangat membantu keluarga saya,negatif
Pengguna Google,5,04/28/2026 2:42,4.16.1,pindah faskes di aplikasi nya justru gampang ya gk nyampe menit loh tinggal nunggu tgl aja udah lgsg aktif perpindahan faskes nya bpjs kesehatan mantapp,positif
Pengguna Google,5,04/28/2026 2:41,4.16.1,lancar,positif
Pengguna Google,1,04/28/2026 2:38,4.16.1,semua aplikasi yg d sediakan pemerintah ga ada yg jelas katanya mempermudah tp justru tambah sulit,negatif
Pengguna Google,5,04/28/2026 2:35,4.16.1,oke simple,positif
Pengguna Google,1,04/28/2026 2:30,4.16.1,no comment sudah terwakili sama yang lain,negatif
Pengguna Google,5,04/28/2026 2:29,4.16.1,sangat membantu tanpa harus datang ke kantor bpjs untuk pengurusan berkas,negatif
Pengguna Google,1,04/28/2026 2:27,4.16.1,sangat mengecewakan kode otp telat sampai beberapa kali tidak bisa dipakai untuk login pulsa terkuras habis,negatif
Pengguna Google,1,04/28/2026 2:26,4.14.0,tunggu verifikasi kode sms lama polll sering logout sendiri,negatif
Pengguna Google,4,04/28/2026 2:25,4.16.1,tidak bisa merubah no hp dan email jawaban system coba lagi terusss,negatif
Pengguna Google,1,04/28/2026 2:11,4.16.1,perkara apk ini gua jadi di maki maki ama ortu gua,negatif
Pengguna Google,5,04/28/2026 2:09,4.16.1,sangat mudah dan efisien,negatif
Pengguna Google,5,04/28/2026 2:04,4.12.0,asik,negatif
Pengguna Google,1,04/28/2026 2:00,4.16.1,apa sih nunggu kode verifikasi nya lama banget,negatif
Pengguna Google,1,04/28/2026 2:00,4.16.1,lagi proses daftar bpjs kendalanya tidak bisa mendapatkan kode otp kemarin dicoba sampe kali gak dikirim kodenya saya kasih bintang satu karna saat ini aplikasinya gak bermanfaat nanti kalau sudah sukses daftar saya kasih bintang,positif
Pengguna Google,5,04/28/2026 1:56,4.16.1,sangat membantu,negatif
Pengguna Google,5,04/28/2026 1:56,4.16.1,ok,negatif
Pengguna Google,5,04/28/2026 1:52,4.16.1,sengaja tk ksh bintang biar liat tolonglah perbaiki apk nya mau login tiba keluar sendiri dr bln yg lalu saya fikir bisaa dan saya coba lagi all hasil tetep zonk malaa saya yg kena marah nenekk trus dikira saya yg gak bisa tidak mendaftarkan rujukann hmm semoga terbacaaa ya sakit hatikuuu pusing kepalaku terus an update dan gak bisa masukkk segera di perbaiki saya tunggu bulan ini sekian curhatan singkat ini semoga dipahami sekian terimakasih,positif
Pengguna Google,5,04/28/2026 1:48,4.16.1,sangat bagus dan membantu mengambil antrean,positif
Pengguna Google,5,04/28/2026 1:45,4.16.1,pelayanan sangat baik dan cepat,positif
Pengguna Google,1,04/28/2026 1:39,4.16.1,kecewa mau priksa harus ngandalin jkn udah dafrr lewat onlen jg harus lewat jkn pihak rs gak mau tau pokokny harus lewat jkn,negatif
Pengguna Google,5,04/28/2026 1:34,4.16.1,mudah praktis membantu rakyat indonesia terimakasih,negatif
Pengguna Google,1,04/28/2026 1:29,4.16.1,buruk,negatif
Pengguna Google,1,04/28/2026 1:28,4.16.1,login aja susah mau brobat harus ada jkn sdangkan jkn aplikasi g beres mang tiap bln g byr apa tlong di perbaiki aplikasinya,positif
Pengguna Google,5,04/28/2026 1:26,4.16.1,good,negatif
Pengguna Google,5,04/28/2026 1:22,4.16.1,sangat membantu,negatif
Pengguna Google,5,04/28/2026 1:16,4.16.1,sangat membantu tapi sayang ini kenapa aplikasinya hilang tanpa ada pemberitahuan,negatif
Pengguna Google,5,04/28/2026 1:08,4.8.1,sangat membantu dalam kesehatan keluarga kami,negatif
Pengguna Google,5,04/28/2026 1:04,4.16.1,memudah ka untuk pindah faskes dan mempermudah masyarakat indonesia,negatif
Pengguna Google,1,04/28/2026 1:00,4.16.1,saya senang bisa terbantu dengan jkn,negatif
Pengguna Google,5,04/28/2026 0:58,4.16.1,mantap,positif
Pengguna Google,5,04/28/2026 0:45,4.16.1,bagus aplikasi nya,positif
Pengguna Google,1,04/28/2026 0:28,4.16.1,ayolah saya lagi perlu sekali buat mendaftar di aplikasi jkn ini tapi kenapa setiap saya meminta kode itu tidaj masuk di nomor yang kita cantumkan padahal nomor dan jaringan tidak ada yang bermasalah,negatif
Pengguna Google,5,04/28/2026 0:21,4.16.1,bagus,positif
Pengguna Google,1,04/28/2026 0:19,4.16.1,ribet dpt antrian penuh trs apk gjls,negatif
Pengguna Google,1,04/28/2026 0:12,4.16.1,otp nya ngga masuk apk ngga jelas bukanya mempermudah malah mempersulit,negatif
Pengguna Google,5,04/28/2026 0:03,4.16.1,mantap,positif
Pengguna Google,5,04/28/2026 0:01,4.16.1,sangat puas sekali,positif
Pengguna Google,1,04/27/2026 23:51,4.16.1,bener bener gak ada gunanya aplikasi ini niatnya biar lebih gampang nyatanya bobrok waktu daftar akun udah dicoba puluhan kali gak dikirim kirim kode otp nya bener bener gak kompeten bintang aja,negatif
Pengguna Google,1,04/27/2026 23:45,4.16.1,buruk captcha gk keluar,negatif
Pengguna Google,1,04/27/2026 23:23,4.16.1,semenjak update jadi gak bisa ambil antrian online,negatif
Pengguna Google,1,04/27/2026 22:29,4.16.1,aplikasi buruk bisa log out sendiri pas mau masuk dibikin susah,negatif
Pengguna Google,5,04/27/2026 22:28,4.16.1,mantap memudahkan,positif
Pengguna Google,5,04/27/2026 22:23,4.16.1,bagus,positif
Pengguna Google,5,04/27/2026 22:15,4.16.1,bermanfaat,negatif
Pengguna Google,5,04/27/2026 21:39,4.15.0,ok,negatif
Pengguna Google,1,04/27/2026 21:38,4.16.1,aplikasinya buat di screenshot saja tidak bisa,negatif
Pengguna Google,1,04/27/2026 21:13,4.16.1,parah sekarang ngerjain orang padahal udah jelas sdh terdaftar sebelumnya tiba suruh login ulang ketika login disuruh datang ke dukcapil krn nik gk terdaftar payah ah,negatif
Pengguna Google,5,04/27/2026 20:26,4.16.1,sangat bermanfaat,negatif
Pengguna Google,1,04/27/2026 19:13,4.16.1,suma error dengan alasan jaringan koneksi buruk padahal aku pake wifi kecepatan mbps gak jelas banget,negatif
Pengguna Google,5,04/27/2026 17:38,4.16.1,bagus,positif
Pengguna Google,5,04/27/2026 16:55,4.16.1,lebih cepat mendaftar,positif
Pengguna Google,5,04/27/2026 16:50,4.16.1,bagi yang ga dapet kode otp coba isi pulsa kalian minimal rb karna kodenya berbayar coba aja berhasil,negatif
Pengguna Google,4,04/27/2026 16:32,4.16.1,aplikasi nya sangat membantu,negatif
Pengguna Google,4,04/27/2026 16:30,4.16.1,mantap,positif
Pengguna Google,5,04/27/2026 16:19,4.16.1,sangat membantu,negatif
Pengguna Google,5,04/27/2026 16:12,4.16.1,bpjs kesehatan yang terbaik,positif
Pengguna Google,5,04/27/2026 16:09,4.16.1,ok juga terimakasih,negatif
Pengguna Google,5,04/27/2026 16:03,3.5.0,bissmilah membantu rakyat,negatif
Pengguna Google,5,04/27/2026 15:19,4.16.1,simpel utk dipakai,negatif
Pengguna Google,2,04/27/2026 14:45,4.16.1,lambat mendaftar haru pake otp tapi ga masuk ke sms padahal wa bisa sinyal juga bagus tapi lambat,negatif
Pengguna Google,5,04/27/2026 14:35,4.13.1,sangat sangat membantu,negatif
Pengguna Google,1,04/27/2026 14:34,4.16.1,ni aplikasi buruk banget daftar di aplikasi aja slalu gagal padahal gua bayar stiap bulan di potong gaji knpa pas daftar di aplikasi slalu nga bisa gimana cara nya daftar min mimin,negatif
Pengguna Google,2,04/27/2026 14:31,4.16.1,kode verifikasi terlalu lama masuknya jdi bosen nungguinnya,negatif
Pengguna Google,3,04/27/2026 14:31,4.16.1,suka eror data sudah di update tapi gk berubah,positif
Pengguna Google,1,04/27/2026 14:28,4.16.1,tolong diperbaiki yaa untuk kode otp yang dikirim lewat sms tapi ga ada kode otp yang masuk jadinya ga bisa daftar,positif
Pengguna Google,5,04/27/2026 14:20,4.16.1,ok ok,negatif
Pengguna Google,5,04/27/2026 14:07,4.16.1,mantap sangat membantu,positif
Pengguna Google,5,04/27/2026 14:06,4.16.1,mudah dan simple,negatif
Pengguna Google,1,04/27/2026 13:54,4.16.1,gak bisa dapet kode otp lemot berat gak lancar ui dan ux jelek gak ramah user,negatif
Pengguna Google,5,04/27/2026 13:50,4.16.1,sangat puas dgn layanan ini sangat membantu sekali apalagi yg gaptek ini,positif
Pengguna Google,1,04/27/2026 13:46,4.16.1,apk anj keluar bentar malah ngulang dari awal lagi gua hamil gini capek cuma buat ngecek bpjs di persulit,negatif
Pengguna Google,5,04/27/2026 13:37,4.16.1,aplikasi buruk,negatif
Pengguna Google,5,04/27/2026 13:26,4.16.1,mantap,positif
Pengguna Google,1,04/27/2026 13:23,4.16.1,elah tinggal kirim nomor verifikasi lama amat brok aduhh wkwk,negatif
Pengguna Google,5,04/27/2026 13:22,4.14.0,tidak ribet anti loading pelayanan sangat ok,negatif
Pengguna Google,5,04/27/2026 13:14,4.16.1,mudah menggunakannya,negatif
Pengguna Google,1,04/27/2026 13:06,4.16.1,apl mulek,negatif
Pengguna Google,5,04/27/2026 12:52,4.16.1,tidak ribet mantap pokoknya,positif
Pengguna Google,5,04/27/2026 12:43,4.16.1,mantap,positif
Pengguna Google,5,04/27/2026 12:40,4.16.1,menarik,negatif
Pengguna Google,5,04/27/2026 12:31,4.16.1,verifikasi bekali kali coba percumah gak guna gak ada otp masuk padahal nomer udah bener maunya apasih bpjs ini heran susah amat padahal iuran rutin potongan jalan terus,negatif
Pengguna Google,5,04/27/2026 12:26,4.16.1,cepat,positif
Pengguna Google,5,04/27/2026 12:26,4.16.1,keren sangat membantu,positif
Pengguna Google,1,04/27/2026 12:23,4.16.1,aplikasi buruk,negatif
Pengguna Google,5,04/27/2026 12:21,4.16.1,luar biasa manfaatnya,negatif
Pengguna Google,5,04/27/2026 12:20,4.16.1,semoga selalu berjalan dengan lancar aamiin,positif
Pengguna Google,5,04/27/2026 12:18,4.16.1,sangat membantu,negatif
Pengguna Google,5,04/27/2026 12:17,4.16.1,sangat mempermudah administrasi untuk mengurus fasilitas kesehatan berbasis bpjs,negatif
Pengguna Google,5,04/27/2026 12:09,4.16.1,mantap,positif
Pengguna Google,1,04/27/2026 12:03,4.16.1,kalo mau berobat harus terdaftar jkn dulu lah padahal aplikasi nya kyk monyet verivikasi aja ga masuk emang ga manusia sengaja mempersulit orng biar mati,negatif
Pengguna Google,1,04/27/2026 11:59,4.16.1,ke log out sendiri mau log in lagi ga bisa udah coba update tetap sama tidak bisa log in,negatif
Pengguna Google,1,04/27/2026 11:57,4.16.1,punya aplikasi jangan bodoh ya saya mau tangkapan layar ja ga bisa tindakan tidak di izinkan gimana sy mau buktikan ke pt tempat sy kerja kalo bpjs sy di tangguhkan sedangkan gaji di potong tiap bln,negatif
Pengguna Google,1,04/27/2026 11:57,4.16.0,saya sngat dirugikan ngisi pulsa rbu tapi dapat otp untuk daftar tidak bisa malah disedot terus pulsa gajelas,negatif
Pengguna Google,4,04/27/2026 11:56,4.16.1,agak lama,negatif
Pengguna Google,4,04/27/2026 11:55,4.16.1,bagus,positif
Pengguna Google,5,04/27/2026 11:54,4.16.1,sangat membantu masyarakat,negatif
Pengguna Google,5,04/27/2026 11:52,4.16.1,sangat mudah d gunakn dan sangat membantu,negatif
Pengguna Google,5,04/27/2026 11:48,4.16.1,sangat membantu terima kasih,negatif
Pengguna Google,5,04/27/2026 11:48,4.16.1,kok aneh tiba tiba autodebet udah daftar terus terputus sendiri tolong kebijakannya malah saya yang kena sanksi karena telat bayar jelas jelas udah autodebet,negatif
Pengguna Google,5,04/27/2026 11:43,4.16.1,sippp,negatif
Pengguna Google,5,04/27/2026 11:39,4.16.1,mudah untuk dipakai,negatif
Pengguna Google,1,04/27/2026 11:39,4.16.1,udah ngisi semua email bener dll ga bsa lupa pasworf email pdhal bener aplikasi tolol,negatif
Pengguna Google,5,04/27/2026 11:35,4.16.1,sangat membantu,negatif
Pengguna Google,1,04/27/2026 11:26,4.16.1,jlk ya,negatif
Pengguna Google,1,04/27/2026 11:15,4.16.1,buat apk ga pernah bener komen udh banyak ga ada yg di respon boro boro di perbaiki,positif
Pengguna Google,5,04/27/2026 11:14,4.16.1,cepat ga ribet,positif
Pengguna Google,3,04/27/2026 10:59,4.16.1,ini aplikasi lebih banyak masalah dari kegunaan apa anggaran untuk buat aplikasi di korupsi juga,negatif
Pengguna Google,1,04/27/2026 10:55,4.16.1,minta update terus giliran daftar pengguna baru nunggu verifikasi aja via sms ga muncul heran,negatif
Pengguna Google,5,04/27/2026 10:54,4.16.1,sangat membantu,negatif
Pengguna Google,1,04/27/2026 10:34,4.16.1,kode verifikas buat daftar akun gak dikirim padahal udah nyoba berkali kali,negatif
Pengguna Google,3,04/27/2026 10:18,4.16.1,tidak bisa merubah alamat,negatif
Pengguna Google,1,04/27/2026 10:15,4.16.1,server wajib maintenance biar g susah login,negatif
Pengguna Google,5,04/27/2026 10:12,4.16.1,bagus dalam untuk memilih faskes,positif
Pengguna Google,1,04/27/2026 10:10,4.16.1,kenapa sudah seminggu gk bisa dibuka woy lah sllu dikata offline gmna ini,negatif
Pengguna Google,3,04/27/2026 9:56,4.16.1,kalo saya dpt kode verifikasi via nomer nanti saya tambahin lagi bintangnya sampe detik inipun saya blum menerima kode verifikasi via nomer ponsel saya,negatif
Pengguna Google,5,04/27/2026 9:47,4.16.1,mantap berkah selalu,positif
Pengguna Google,1,04/27/2026 9:47,4.16.1,payah apk apaan akun tiba sering keluar egk ada pemberitahuan apapun tiba keluar dengan sendirinya perbaikan itu jangan setengah lagi dipake tiba error keluar sendiri bener payah banget tolong ditingkatkan sistem perbaikannya jangan duit untuk mobile jknnya dikorupsi tolong ya jangan setengah memperbaikinya beneran menyebalkan,negatif
Pengguna Google,5,04/27/2026 9:45,4.16.1,mudah dan pasti,negatif
Pengguna Google,5,04/27/2026 9:36,4.16.1,bagus,positif
Pengguna Google,5,04/27/2026 9:36,4.16.1,ok,negatif
Pengguna Google,5,04/27/2026 9:30,4.16.1,okay bet,negatif
Pengguna Google,5,04/27/2026 9:22,4.16.1,mantap,positif
Pengguna Google,1,04/27/2026 9:08,4.16.1,reset sandi susahnya minta ampun aplikasi macam apa ini,negatif
Pengguna Google,1,04/27/2026 8:49,4.16.1,sangat mengecewakan biasa berhasil kalau ambil antrean kenapa sekarang harus login kembali sudah beberapa kali login gagal terus selalu dan selalu jawabannya nik dan password yang anda masukan salah,negatif
Pengguna Google,2,04/27/2026 8:47,4.16.1,diperbaiki dulu dong ini perasaan jaringan wi fi nya bagus tapi kok malah gaada jaringan sih katanya,positif
Pengguna Google,2,04/27/2026 8:31,4.16.1,maaf ko alamat saya di kartu kisnya salah sih gimana kan udah tertera di alamat terus udah di ubah juga ke kantor bpjs nya tetepmasih sama itu si gimana,negatif
Pengguna Google,5,04/27/2026 8:29,4.16.1,ok,negatif
Pengguna Google,1,04/27/2026 8:24,4.16.1,kenapa gagal terus pas daftar autodebit nya nelp cs gak terhubung gimana si,negatif
Pengguna Google,1,04/27/2026 8:17,4.16.1,aplikasi tidak bisa dibuka kenapa ya kira ap masalahnya,negatif
Pengguna Google,5,04/27/2026 8:17,4.13.0,bukan lupa password tapi gak bisa login karena password tidak standar katanya emangnya password yang standar itu seperti apa tidak ada penjelasan apapun tentang itu udah upgrade juga ke versi yang terbaru biasanya login aman aja setelah upgrade kok malah gak bisa login abis pulsa saya cm buat ubah password doank dibaca dengan seksama ulasannya biar paham dan nyambung balasannya,positif
Pengguna Google,5,04/27/2026 8:14,4.16.1,terimakasih sudah memudahkan,negatif
Pengguna Google,5,04/27/2026 8:10,4.16.1,on time dan sat set,negatif
Pengguna Google,1,04/27/2026 8:09,4.16.1,kode otp tdk ada masuk sdh coba beberapa kali tetap aja tidak ada yg masuk kode otp nya,negatif
Pengguna Google,5,04/27/2026 8:08,4.16.1,mantap,positif
Pengguna Google,5,04/27/2026 7:55,4.16.1,sangat baik dan ramah,positif
Pengguna Google,1,04/27/2026 7:54,4.16.1,tipikal aplikasi pemerintah pada umumnya jelek otp pake berbagai nomor gak bisa,negatif
Pengguna Google,5,04/27/2026 7:52,4.16.1,mempermudah pengecekan pendaftaran riwayat pengobatan kesehatan terima kasih,negatif
Pengguna Google,1,04/27/2026 7:50,4.16.1,kadang nya lelet,negatif
Pengguna Google,5,04/27/2026 7:46,4.16.1,bagus,positif
Pengguna Google,2,04/27/2026 7:42,4.16.1,aplikasi tolol ini aplikasi dibuat pasti buat ladang korupsi kan berapa t nih kira kira anggaran nya yang tadinya gampang daftar rs eh malah harus lewat aplikasi sampah begini,negatif
Pengguna Google,5,04/27/2026 7:34,4.16.1,udh kedaftar malah gak bisa di masukin akun nya malah akun salah akun salah apasih gak jelas ngeribetin aja,negatif
Pengguna Google,5,04/27/2026 7:25,4.16.1,fitur lengkap dan sangat membantu secara online,negatif
Pengguna Google,1,04/27/2026 7:10,4.16.1,aplikasi bego udah hari nunggu kodo otp nya doang gak di kirim bukan nya di pemudah tapi malah di bikin pusing,negatif
Pengguna Google,5,04/27/2026 6:35,4.16.1,memudahkan sewaktu waktu pindah faskes,negatif
Pengguna Google,5,04/27/2026 6:34,4.16.1,puaaaaaaasssssss,negatif
Pengguna Google,5,04/27/2026 6:30,4.16.1,insya allah bagus terimakasih aksesnya cepat,positif
Pengguna Google,5,04/27/2026 6:28,4.16.1,bagus dan tidak mengecewakan,negatif
Pengguna Google,1,04/27/2026 6:25,4.16.1,aplikasi pepek masak buat kebutuhan berobat pun harus pake pulsa biasa enggak pake wa skrng kan sosmed uda maju masak harus kek gtu sistemnya jdi susah buat berobat,negatif
Pengguna Google,5,04/27/2026 6:16,4.16.1,alhamdulillah dipermudah,negatif
Pengguna Google,5,04/27/2026 6:08,4.16.1,membantu,negatif
Pengguna Google,1,04/27/2026 6:03,4.16.1,apa ini koneksi lancar sinyal fulll kok kode otp ngga masuk sampe emosi sendiri tolong diperbaiki,positif
Pengguna Google,5,04/27/2026 6:03,4.16.1,bagus,positif
Pengguna Google,5,04/27/2026 6:00,4.16.1,sangat membantu,negatif
Pengguna Google,1,04/27/2026 5:53,4.16.1,gabisa verifikasi wajah dikira gua setan kali ya,negatif
Pengguna Google,5,04/27/2026 5:47,4.16.1,bagus,positif
Pengguna Google,5,04/27/2026 5:21,4.16.1,alhamdulillah buat kis mudah dengan aplikasi ini emang harusnya nomer kita ada pulsa nya dulu ya minimal tapi sayangnya sering keluar sendiri akun nya dan harus masuk lagi pake,negatif
Pengguna Google,5,04/27/2026 5:21,4.16.1,bagus sekali,positif
Pengguna Google,5,04/27/2026 5:17,4.16.1,bagus dan sangat mudah semoga semakin bagus dan jaya,positif
Pengguna Google,5,04/27/2026 5:16,4.16.1,easy,negatif
Pengguna Google,4,04/27/2026 5:13,4.16.1,cukup baik untuk saat ini,positif
Pengguna Google,1,04/27/2026 5:11,4.16.1,aplikasi sering eror sudah login sering keluar sendiri,negatif
Pengguna Google,5,04/27/2026 5:06,4.16.1,sangat baik,positif
Pengguna Google,5,04/27/2026 4:51,4.16.1,baguss,positif
Pengguna Google,5,04/27/2026 4:40,4.16.1,mantap,positif
Pengguna Google,5,04/27/2026 4:40,4.16.1,pelayanan faskes tingkat pertama dan tindak lanjut sangat baik,positif
Pengguna Google,1,04/27/2026 4:35,4.16.1,sangat sangat sangatttt mengecewakan sudah bolak balik mau daftar tapi kode otp nya tak kunjung datang sepertinya kode otp nyangkut deh di suatu tempat,negatif
Pengguna Google,5,04/27/2026 4:35,4.16.1,mantaap,negatif
Pengguna Google,1,04/27/2026 4:30,4.16.1,kode otp ya tidak muncul udah coba nomor tetap aja ngak bisa,negatif
Pengguna Google,1,04/27/2026 4:22,4.16.1,tolong dong jangan dipersulit mau daftar masa gangguan terus,negatif
Pengguna Google,1,04/27/2026 4:02,4.16.1,apakah mobile jkn sedang gangguan,negatif
Pengguna Google,5,04/27/2026 3:58,4.16.1,sangat membantu,negatif
Pengguna Google,5,04/27/2026 3:57,4.16.1,sangat membantu dan bermanfaat,negatif
Pengguna Google,5,04/27/2026 3:56,4.16.1,sangat bermanfaat,negatif
Pengguna Google,1,04/27/2026 3:47,4.16.1,mantap,positif
Pengguna Google,5,04/27/2026 3:42,4.16.1,ini knapa dah pas masukin nomor telepon kode nya gk kekirim aneh bgt tolong dong sampe detik lo,negatif
Pengguna Google,5,04/27/2026 3:39,4.16.1,mantapp,positif
Pengguna Google,1,04/27/2026 3:38,4.16.1,tolong perbaiki aplikasi nya mau daftar online ga bisa selalu tertulis masih ada kunjungan yg belum di selesaikan bagaimana bisa rsud bilang sudah di close semua kunjungan tapi masih aja ga bisa daftar online sy cape daftar offline puluhan pasien antri nya,positif
Pengguna Google,5,04/27/2026 3:35,4.16.1,niceee,negatif
Pengguna Google,5,04/27/2026 3:31,4.16.1,layanan mudah dan cepat,positif
Pengguna Google,1,04/27/2026 3:21,4.16.1,aplikasi busuk amat nimbang verivikasi wajah gagal mulu kudu kamera promax apa,negatif
Pengguna Google,1,04/27/2026 3:15,4.16.1,susah sekali mau daftar gagal terus tidak bisa di akses keterangan nya of coba lagi coba lagi gagal lagi gagal lagi coba bagaimana harusnya,negatif
Pengguna Google,1,04/27/2026 3:09,4.16.1,kode otp lewat nomor telepon ga dikirim kirim sistem ancur banget yang harusnya memberi kemudahan dalam pelayanan malah dipersulit entah kenapa servernya yang pasti aplikasi dan di belakangnya perlu dibenahi apakah saya harus jauh jauh ke bpjs juga pada akhirnya udah masih aja lelet busuk banget,negatif
Pengguna Google,2,04/27/2026 3:05,4.16.1,selalu gagal saat mau daftar nomor hp tidak pernah dikirimkan kode otp lewat sms nya padahal cuma ada kirim kode lewat sms kalau sms udah ga dipakai kenapa ga kasih opsi kirim wa soalnya lewat email langsung bisa dikirim kode otp tapi ini juga wajib kirim lewat sms tapi kodenya ga pernah dikirim,negatif
Pengguna Google,5,04/27/2026 3:04,4.16.1,masih okelah,positif
Pengguna Google,3,04/27/2026 3:00,4.16.1,tolong dibantu ini kenapa susah banget dapat verifikasi nya ya,negatif
Pengguna Google,5,04/27/2026 2:57,4.16.1,sangat membatu saat ambil antean au berobat,negatif
Pengguna Google,5,04/27/2026 2:47,4.16.1,ok,negatif
Pengguna Google,5,04/27/2026 2:43,4.16.1,sukses selalu,positif
Pengguna Google,1,04/27/2026 2:42,4.16.1,sangat mengecewakan buat verifikasi nomor hp aja susah bangett padahal ini buat kebutuhan mendesak,negatif
Pengguna Google,5,04/27/2026 2:37,4.16.1,sangat membantu mempermudah urusan cukup dari hp semua bs diurus,negatif
Pengguna Google,4,04/27/2026 2:36,4.15.0,baik,positif
Pengguna Google,5,04/27/2026 2:24,4.16.1,semakin mudah menggunakannya fasilitasnya semakin banyak dan mempermudah dalam pelayanan jd mengurangi antrian di kantor bpjs kesehatan,negatif
Pengguna Google,5,04/27/2026 2:22,4.16.1,bagus aplikasi nya hanya usul kalo bisa login di hp berbeda nik tanpa harus logout di hp pertama soalnya kita kerja bangunan pengen nya orang rumah pun bisa daftar online juga nda harus chat ke kita jika darurat juga satu lagi bisa nda nomor antrian ada file pdf nya untuk di download nyoba screenshot tulisan nya bersifat pribadi tidak bisa screenshot nuhun team admin,positif
Pengguna Google,5,04/27/2026 2:21,4.16.1,ok,negatif
Pengguna Google,1,04/27/2026 2:21,4.16.1,verif wajah gak bisa bisa,negatif
Pengguna Google,1,04/27/2026 2:19,4.16.1,tidak ada perbaikan terus dari dulu setiap daftar kunjungan ke faskes pertama selalu gagal dan tidak bisa harus selalu daftar ofline atau langsung ke klinik untuk pendaftaran kalau daftar nya masih harus ke klinik lalu apa gunanya bikin aplikasi mobile jkn gini gak guna,positif
Pengguna Google,5,04/27/2026 2:12,4.16.1,pengurusan sangat cepat,positif
Pengguna Google,1,04/27/2026 2:12,4.16.1,aplikask susah buat update data verifikasi nomor g bisa bisa,negatif
Pengguna Google,5,04/27/2026 2:11,4.16.1,alhamdulilah dengan adanya bpjs ini semua kendala bisa di atasi sukses amiiin,positif
Pengguna Google,5,04/27/2026 2:11,4.16.1,terbaik dan pelayan baik,positif
Pengguna Google,1,04/27/2026 2:10,4.16.1,lha di non aktifkan,negatif
Pengguna Google,5,04/27/2026 2:10,4.16.1,sangat bagus sesuai dengan yang dibutuhkan masarakat,positif
Pengguna Google,5,04/27/2026 2:05,4.16.1,mudah digunakan tanpa ribet,negatif
Pengguna Google,5,04/27/2026 2:05,4.16.1,sangat membatu,negatif
Pengguna Google,5,04/27/2026 2:01,4.16.1,luar biasa sekali,negatif
Pengguna Google,5,04/27/2026 1:54,4.16.1,mantap,positif
Pengguna Google,5,04/27/2026 1:53,4.16.1,bagus,positif
Pengguna Google,1,04/27/2026 1:45,4.16.1,aplikasi aneh saya mengisi sms tidak masuk,negatif
Pengguna Google,5,04/27/2026 1:44,4.16.0,bagus,positif
Pengguna Google,5,04/27/2026 1:41,4.16.1,sangat membantu dan memudahkan,negatif
Pengguna Google,1,04/27/2026 1:33,4.11.2,apk tiap menit out sampah disaat di gunakan tolong benerin heyy permasalahan sering log out tiba tiba,negatif
Pengguna Google,1,04/27/2026 1:32,4.16.1,sanagat bagus,positif
Pengguna Google,5,04/27/2026 1:26,4.16.1,bagus,positif
Pengguna Google,4,04/27/2026 1:25,4.16.1,lebih ditingkatkan lagi,negatif
Pengguna Google,1,04/27/2026 1:19,4.16.0,aplikasi paling ribet mau berobat juga,negatif
Pengguna Google,5,04/27/2026 1:17,4.16.1,mantap sangat mudah proses nya,positif
Pengguna Google,1,04/27/2026 1:15,4.16.1,kebanyakan bug aplikasi tolol masa log out otomatis,negatif
Pengguna Google,1,04/27/2026 1:14,4.16.1,mbuh min ora genah nggon nggone,negatif
Pengguna Google,5,04/27/2026 1:12,4.16.1,bagus,positif
Pengguna Google,1,04/27/2026 0:59,4.16.1,mau daftarkan nomor telpon masa gk ad masuk sms kode verifikasinya,negatif
Pengguna Google,1,04/27/2026 0:55,4.16.1,ngelag parah suka logout sendiri payah,negatif
Pengguna Google,5,04/27/2026 0:50,4.14.0,sangat membantu,negatif
Pengguna Google,1,04/27/2026 0:40,4.16.1,kemarin login bisa sekarang log out dan mau masuk nik salah terus padahal angka nya sudh benar bikin emosi aja,negatif
Pengguna Google,2,04/27/2026 0:35,4.16.1,kode otp ga ke kirim kirim gimana mau bikin akun,negatif
Pengguna Google,5,04/27/2026 0:34,4.16.1,sangat membantu,negatif
Pengguna Google,5,04/27/2026 0:06,4.16.1,sangat membantu,negatif
Pengguna Google,3,04/27/2026 0:06,4.16.1,mau daftar harus skrining tapi menu skring error mksudnya gimana apps sekelas negara kok sering error team it bnyak amanah masyarakat yg kamu pegang,positif
Pengguna Google,5,04/27/2026 0:04,4.16.1,sangat luar biasa membantu,negatif
Pengguna Google,1,04/27/2026 0:02,4.16.1,cuma update tapi jd log out harus log in ulang,negatif
Pengguna Google,1,04/26/2026 23:54,4.16.1,app ga jelas ini mau daftar gabisa app rusak,negatif
Pengguna Google,1,04/26/2026 23:33,4.16.1,susah ngerubah nama peserta yang mau didaftar antrean dan juga susah juga pas mau log in karena lupa password pun ga ada respon padahal pakai nomer hp yang sudah benar,negatif
Pengguna Google,5,04/26/2026 23:16,4.16.1,sangat membantu dan bermanfaat,negatif
Pengguna Google,5,04/26/2026 23:16,4.16.1,sangat baik,positif
Pengguna Google,5,04/26/2026 22:52,4.16.1,bagus,positif
Pengguna Google,5,04/26/2026 22:13,4.16.1,sangat membantu jelas padat aktual,negatif
Pengguna Google,1,04/26/2026 21:07,4.16.1,mengecewakan ga bisa login nya,negatif
Pengguna Google,5,04/26/2026 19:46,4.16.1,sangat bagus,positif
Pengguna Google,5,04/26/2026 17:52,4.16.1,pelayanan yg bagus,positif
Pengguna Google,1,04/26/2026 17:05,4.13.1,kalau bikin aplikasi itu yang jelas ui nya monyet kode captcha juga udah kayak logo band death metal gabisa kebaca kocak kasihan orang tua yg ga begitu ngerti,negatif
Pengguna Google,5,04/26/2026 16:29,4.16.1,aplikasi nya bermanfaat bagus,positif
Pengguna Google,5,04/26/2026 16:14,4.16.1,mantap,positif
Pengguna Google,1,04/26/2026 16:04,4.15.0,verfikasi wajah udh setengah jam gak kelar padahal udh dalam kotak wajah gua hadeuhhhhh keburu mati yang ada dari pada bisa daftar di aplikasi verifikasi wajah gabisa ga ngerti gua mh,negatif
Pengguna Google,5,04/26/2026 15:51,4.16.1,oke,positif
Pengguna Google,5,04/26/2026 15:50,4.16.1,nice,negatif
Pengguna Google,5,04/26/2026 15:41,4.16.1,bagus sangat membantu,positif
Pengguna Google,5,04/26/2026 15:14,4.16.1,bagus,positif
Pengguna Google,1,04/26/2026 14:55,4.16.1,sekarang aplikasinya tidak optimal tidak bisa login walaupun nik dan usernamenya sudah benar begitu juga fitur keamanan otp selalu error tidak bisa menerima akses otp,negatif
Pengguna Google,1,04/26/2026 14:49,4.16.1,developpernya perlu di ajarkan lagi tentang flow daftar,negatif
Pengguna Google,1,04/26/2026 14:41,4.16.1,waktu itu udh daftar skrg mau masuk gak bs buang waktu dan bunga kuota aja gak rekomen kode ottp berkali gak dikrmn lwt sms,positif
Pengguna Google,5,04/26/2026 14:36,4.16.1,sangat membantu,negatif
Pengguna Google,4,04/26/2026 14:32,4.16.1,sangat membantu,negatif
Pengguna Google,5,04/26/2026 14:28,4.16.1,terimakasih,negatif
Pengguna Google,1,04/26/2026 14:28,4.16.1,kenapa pembatalan nomor antrian selalu gagal,negatif
Pengguna Google,1,04/26/2026 14:28,4.16.1,ngeri ya data kota bisa di lacak sama kolektor lewat aplikasi ini,negatif
Pengguna Google,1,04/26/2026 14:24,4.16.1,susahnya verifikasi no,negatif
Pengguna Google,2,04/26/2026 14:23,4.16.1,aplikasinya bagus hanya saja setiap mau buka ribet bgt apalagi kalo habis di update masuk aja harus login lagi disuruh masukin nik lagi password lagi dan seterus selalu begitu,positif
Pengguna Google,1,04/26/2026 14:17,4.16.1,aneh eror mulu,negatif
Pengguna Google,5,04/26/2026 14:16,4.16.1,ok banget,negatif
Pengguna Google,5,04/26/2026 14:15,4.16.1,mohon d tingkatkan trus,negatif
Pengguna Google,5,04/26/2026 14:08,4.16.1,dg adanya jkn mempermudah kita utk urusan kesehatan secara online semoga banyak yg menerima manfaat dari jkn ini,negatif
Pengguna Google,5,04/26/2026 13:58,4.16.1,terimakasih,negatif
Pengguna Google,5,04/26/2026 13:58,4.16.1,sangat membantu,negatif
Pengguna Google,5,04/26/2026 13:40,4.16.1,ok perakstis cuma kalw antrian tetep ajah yg kelas menengah ke bawah di layani yah kurang ga sama yang ber duit gercepp obat pun pasti di bedakan,negatif
Pengguna Google,1,04/26/2026 13:38,4.16.1,benerin dulu sistemnya yg susah bgt mau ngapa ngapain,negatif
Pengguna Google,5,04/26/2026 13:24,4.16.1,sangat mudah dan sangat membantu,negatif
Pengguna Google,2,04/26/2026 13:23,4.16.1,kenapa susah bangett sii buat daftar padahal pencahayaannya udah terang masih aja susah buat verifikasi wajah udaha gitu verifikasi nomor telepon juga gitu kodenya gak dikirim ini mah bukannya memudahkan malah menyusahkan namanya,positif
Pengguna Google,5,04/26/2026 13:23,4.16.1,sangat membantu,negatif
Pengguna Google,5,04/26/2026 13:18,4.16.1,top top top banget,positif
Pengguna Google,5,04/26/2026 13:17,4.16.1,praktis dan sangt membantu,negatif
Pengguna Google,4,04/26/2026 13:16,4.16.1,ok,negatif
Pengguna Google,5,04/26/2026 13:13,4.16.1,semoga lebih baik lagi,positif
Pengguna Google,5,04/26/2026 13:05,4.16.0,ok,negatif
Pengguna Google,5,04/26/2026 12:56,4.16.1,joss gandoss,negatif
Pengguna Google,5,04/26/2026 12:55,4.16.1,sangat bermanfaat sekali mobile jkn dan mempermudah utuk mengurus bpjs kita,negatif
Pengguna Google,1,04/26/2026 12:51,4.16.1,apk busuk gak guna malah buat susah,negatif
Pengguna Google,5,04/26/2026 12:50,4.16.1,sangat membantu untuk bisa langsung ganti faskes tanpa ribet terimakasih jkn,negatif
Pengguna Google,1,04/26/2026 12:49,4.16.1,payah aplikasi nya udah ga kompitable di android lama gembelll,negatif
Pengguna Google,5,04/26/2026 12:45,4.16.1,pelayan puasa,positif
Pengguna Google,5,04/26/2026 12:38,4.16.1,terima kasih banyak membantu kesehatan kami sekeluarga,negatif
Pengguna Google,1,04/26/2026 12:29,4.16.1,ribett haruss upgrade mulu haru login terus,negatif
Pengguna Google,1,04/26/2026 12:19,4.16.1,ko ga bisa daftar yah mohon info nyah,negatif
Pengguna Google,5,04/26/2026 12:14,4.16.1,sangat membantu,negatif
Pengguna Google,5,04/26/2026 11:52,4.16.1,bagus,positif
Pengguna Google,1,04/26/2026 11:49,4.16.1,tolol,negatif
Pengguna Google,1,04/26/2026 11:32,4.16.1,kode otp kaga masuk masuk apalah,negatif
Pengguna Google,5,04/26/2026 11:18,4.16.1,bagus aplikasi nya sangat memudahkan pasien,positif
Pengguna Google,1,04/26/2026 11:01,4.16.1,aplikasi buruk udh masukin nomer yang bener pulsa juga ada malah gabisa berkali gabisa upgrade juga lah plis deh nyusahin,negatif
Pengguna Google,5,04/26/2026 11:01,4.16.1,sangat membantu dan mempermudah pengguna,negatif
Pengguna Google,1,04/26/2026 10:52,4.9.0,sudah ada aplikasi tetap saja harus ke kantor birokrasi bobrok,negatif
Pengguna Google,5,04/26/2026 10:42,4.16.1,sangat membantu sekali terimakasih dengan ada layanan digital jkn mobile,negatif
Pengguna Google,1,04/26/2026 10:32,4.16.1,nik sudah benar pass juga benar kode juga benar masih saja tidak bisa log in di coba x zonk,negatif
Pengguna Google,5,04/26/2026 10:23,4.15.0,sangant membantu,negatif
Pengguna Google,4,04/26/2026 10:17,4.16.1,bagusee,positif
Pengguna Google,1,04/26/2026 10:07,4.16.1,aplikasinya jelek banget ketika didaftar menggunakan opsi no handphone dari kemarin sampai saat ini juga tidak ada verifikasi muncul di pesan saya hanya otp handphone saja susah dapatin notif nya udah beberapa kali saya coba tidak ada sama sekali,negatif
Pengguna Google,5,04/26/2026 10:06,4.16.1,siipp,negatif
Pengguna Google,5,04/26/2026 10:02,4.16.0,ok,negatif
Pengguna Google,5,04/26/2026 9:52,4.16.1,mantap bos,positif
Pengguna Google,1,04/26/2026 9:45,4.16.1,kode otp gamasuk masuk aneh banget apk yg harusnya mempermudah malah mempersulit,negatif
Pengguna Google,5,04/26/2026 9:37,4.16.1,baik,positif
Pengguna Google,5,04/26/2026 9:28,4.16.1,joss jiss,negatif
Pengguna Google,5,04/26/2026 8:59,4.16.1,mudah dan cepat,positif
Pengguna Google,5,04/26/2026 8:38,4.16.1,sangat bermanfaat untuk proses lebih cepat,positif
Pengguna Google,5,04/26/2026 8:00,4.16.1,mantap,positif
Pengguna Google,5,04/26/2026 7:59,4.16.1,sangat membantu,negatif
Pengguna Google,5,04/26/2026 7:46,4.16.1,good,negatif
Pengguna Google,1,04/26/2026 7:36,4.16.1,apk nyusahin bukan mempermudah malah mempersulit cuma mau ambil antrean aja harus daftar mending kalau daftar mudah daftar aja di persulit mending gak usah ada apk lebih enak ambil nomor antrian langsung di tempt,negatif
Pengguna Google,1,04/26/2026 7:28,4.16.1,aplikasi anda sungguh sangat menyebalkan,negatif
Pengguna Google,1,04/26/2026 7:20,4.16.1,tidak bisa daftar antrian berobat melalui jkn ini katanya gagal tersambung ke rs padahal antrian di rs lain melalui jkn aman aja,positif
Pengguna Google,1,04/26/2026 7:11,4.16.1,apk macem apa ini mau daptar kok gk bisa untuk apa di ada kan,negatif
Pengguna Google,5,04/26/2026 7:01,4.16.1,lumayan bagus,positif
Pengguna Google,1,04/26/2026 6:59,4.16.1,pelayanan lambat mempersulit pengobatan aplikasi sering berkendala,negatif
Pengguna Google,5,04/26/2026 6:37,4.16.1,good,negatif
Pengguna Google,1,04/26/2026 6:25,4.16.1,aplikasi menyusahkan semua harus daftar pakai jkn kasihan yg tua tidak punya hp tidak bisa daftar iya kalau ada anak di bantu anak menyusahkan pasien lansia dan orang yg gak punya hp untuk verifikasi wajah aja susahnya minta ampun padahal posisi wajah sudah di dalam kotak prosedur bpjs maupun aplikasi kurang banget waktu di pndftran habis untuk daftar jkn it so bad tolong di baca dan di benahi agar semua pasien yg lansia ataupun mereka yg tidak memiliki hp tidak kesulitan,negatif
Pengguna Google,1,04/26/2026 6:24,4.16.1,dipaksa registrasi nomor tapi nomor otp nya ngak dikirim kirim gimana sih,negatif
Pengguna Google,5,04/26/2026 6:20,4.16.1,m jkn sangat mmbantu sekali,negatif
Pengguna Google,5,04/26/2026 6:15,4.16.1,bagus,positif
Pengguna Google,5,04/26/2026 6:11,4.16.1,sangat membantu,negatif
Pengguna Google,1,04/26/2026 6:01,4.16.1,aplikasi apaan ini baru masuk tau logout sendiri mau ngisi skrining ampe hari sampe sekarang belum bisa masuk logout mulu baru ngisi nomer logout mulu bikin cape hati,negatif
Pengguna Google,1,04/26/2026 6:00,4.16.1,ini apk jelek amat servernya masa mau ganti no hp gak bisa di suruh milih cara verifikasi tapi gak ada pilihan nya,negatif
Pengguna Google,5,04/26/2026 5:59,4.16.1,ok,negatif
Pengguna Google,5,04/26/2026 5:36,4.16.1,sangat terbantu,negatif
Pengguna Google,5,04/26/2026 5:11,4.16.1,baik,positif
Pengguna Google,1,04/26/2026 5:10,4.16.1,aplikasi sampah,negatif
Pengguna Google,5,04/26/2026 5:07,4.16.1,bagus semoga di perbarui sistem nya suka eror pas perivikasi wajah,positif
Pengguna Google,5,04/26/2026 5:02,4.16.1,sangat senang sekali,negatif
Pengguna Google,5,04/26/2026 4:46,4.16.1,mantap,positif
Pengguna Google,5,04/26/2026 4:25,4.16.1,aplikasi jkn mobile sangat bermanfaat sekali untuk mengetahui info bpjs,negatif
Pengguna Google,5,04/26/2026 4:24,4.16.1,lebih simple dan memudahkan dalam operasional peserta bpjs kesehatan,negatif
Pengguna Google,1,04/26/2026 4:21,4.16.1,bug banget tolong inikan aplikasi untuk mempermudah bukan malah mempersulit buang buang waktu jadinya tolong diperbaiki lagi untuk pengiriman verifikasi dari sms,positif
Pengguna Google,5,04/26/2026 4:13,4.16.1,oke banget,positif
Pengguna Google,1,04/26/2026 4:11,4.16.1,aplikasi paling tertinggal,negatif
Pengguna Google,5,04/26/2026 4:11,4.16.1,pelayanan baik lokasi cukup strategis transportasi umum banyak antrian pasien tertib,positif
Pengguna Google,5,04/26/2026 4:06,4.16.1,alhamdulillah ada jkn,negatif
Pengguna Google,5,04/26/2026 3:43,4.16.1,alhamdulillah,negatif
Pengguna Google,5,04/26/2026 3:21,4.16.1,ok,negatif
Pengguna Google,5,04/26/2026 3:20,4.16.1,mantapp,positif
Pengguna Google,4,04/26/2026 2:48,4.16.1,aplikasi simpel dan mudah di gunakan untuk proses perubahan data juga cepat pertahankan dan di tingkatan agar lebih baik,positif
Pengguna Google,2,04/26/2026 2:25,4.16.1,sya ga bisa daftar parah banget udh masukin nomor telpon gaada kodenya,negatif
Pengguna Google,5,04/26/2026 2:11,4.16.1,sangat membantu tidak perlu keluar rumah,negatif
Pengguna Google,1,04/26/2026 2:02,4.16.1,tidak membantu tidak bisa daftar nunggu kode otp sms kayak nunggu bantuan dari pemerintah tidak muncul walau kita sudah berusaha,negatif
Pengguna Google,5,04/26/2026 1:58,4.15.0,aplikasi ini dapat mempermudahkan semua anggota peserta jkn mantap semoga berkah sukses selalu untuk kita semua terima kasih,positif
Pengguna Google,4,04/26/2026 1:54,4.16.1,good,negatif
Pengguna Google,5,04/26/2026 1:52,4.16.1,bagus,positif
Pengguna Google,5,04/26/2026 1:20,4.16.1,bagus tp buka pendaftaran suka loading,positif
Pengguna Google,1,04/26/2026 1:06,4.16.1,udah lama ga buka aplikasinya waktu mau cek jkn ternyata udah ter log out otomatis mau log in karena lupa sandi kan ya jd di suruh lewat email atau sms udah lewat sms tapi ga ada tuh masuk sms nya cek lewat e mail juga ga ada tuh masuk emailnya katanya jaringan nonaktif padahal no hp ku aktif aja lo jaringannya full sinyal ku coba pake wi fi tapi tetap ga bisa log in ini gimana jadinya min,negatif
Pengguna Google,2,04/26/2026 1:05,4.16.1,kenapa email saya bisa berubah dengan email lain yg saya tidak gunakan untuk registrasi ya,negatif
Pengguna Google,5,04/26/2026 0:34,4.16.1,sangat membantu dan mudah pengaplikasian nya,negatif
Pengguna Google,1,04/26/2026 0:20,4.16.1,gk jelas mau merubah data peserta menjadi pekerja mandiri nunggu kode verifikasi gk ada mulu kocak,negatif
Pengguna Google,1,04/26/2026 0:19,4.16.1,kecewa bgt otp nya ampe nunggu berjam gk dpt,negatif
Pengguna Google,5,04/25/2026 23:43,4.16.1,mantap semoga bermanfaat,positif
Pengguna Google,5,04/25/2026 23:36,4.16.1,sangat membantu,negatif
Pengguna Google,1,04/25/2026 23:26,4.16.1,kenapa sih suka log out sendiri aplnya ribettttttt,positif
Pengguna Google,1,04/25/2026 23:11,4.12.0,udah berbulan gak bisa masuk kirain sy doang trnyta bnyk yg alamin akun logout sndri pdhl butuh bgt buat ambil data kartu baru mao dicetak soalnya klo udh gak guna gini mending dihapus sih ini aplikasi,negatif
Pengguna Google,5,04/25/2026 22:58,4.16.1,pelayanan cukup baik,positif
Pengguna Google,5,04/25/2026 22:55,4.16.1,sangat membantu,negatif
Pengguna Google,5,04/25/2026 19:40,4.16.1,ok lah,negatif
Pengguna Google,5,04/25/2026 19:35,4.16.1,bagus,positif
Pengguna Google,5,04/25/2026 18:41,4.16.1,aplikasi ini sangat membantu peserta bpjs kenapa ikon jkn tidak muncul di layar,negatif
Pengguna Google,1,04/25/2026 17:16,4.16.1,mempersulit,negatif
Pengguna Google,5,04/25/2026 17:05,4.16.1,sukses slalu,positif
Pengguna Google,1,04/25/2026 16:54,4.16.1,nungguin verifikasi no hp ga muncul muncul wa nya maupun sms di tambah waktu untuk mengirim ulang otp juga lama banget,negatif
Pengguna Google,5,04/25/2026 16:42,4.16.1,mnatap,negatif
Pengguna Google,3,04/25/2026 16:34,4.16.1,mohon maaf ini kenapa permintaan verivikasi tidak dapat di proses ya sudah satu minggu saya coba setiap hari belum bisa mohon segera diperbaiki saya mau daftar bpjs jadi susah,positif
Pengguna Google,5,04/25/2026 16:01,4.16.1,terbaik ya,positif
Pengguna Google,1,04/25/2026 15:40,4.16.1,gak guna banget sumpah di saranin pake apk ini pas di perantauan biar gak ribet pulang minta rujukan tapi mau daftar aja gak bisa,negatif
Pengguna Google,1,04/25/2026 14:58,4.16.1,aplikasi nya gimna si uda pindah faskes tapi blm bisa berobat masi di faskes lama lelet banget updatenya,negatif
Pengguna Google,5,04/25/2026 14:35,4.16.1,sangat membantu untuk pendaftaran online,negatif
Pengguna Google,5,04/25/2026 14:26,4.16.1,mudah an lancar dan mudah menggunakannya,positif
Pengguna Google,2,04/25/2026 14:20,4.16.1,jkn ku sudah aktif sekarang saya merasa bangga pada diri sendiri walau saya tidak punya penghasilan tetap saya bisa berbagi dengan orang lain karna negara sekarang tidak mampu lagi menjamin kesehatan masyarakat kecil pekerjaan jg sulit semoga di masa depan indonesia makmur dan sejahtera aamiin,negatif
Pengguna Google,1,04/25/2026 14:07,4.16.1,looping autodebit saat login apk sangat menyusahkan pengguna apk sampai tidak bisa mendaftar antrian oline untuk berobat di faskes,negatif
Pengguna Google,1,04/25/2026 14:01,4.16.1,sering log out sendiri dan gagal masuk terus,negatif
Pengguna Google,4,04/25/2026 13:55,4.16.1,oke,positif
Pengguna Google,5,04/25/2026 13:51,4.16.1,mudah di akses untuk mengecek bpjs,negatif
Pengguna Google,1,04/25/2026 13:40,4.16.1,aplikasi macam apa ini tidak membantu sama sekali cuma membuang buang waktu kita saja terutama bagian kode otp,negatif
Pengguna Google,5,04/25/2026 13:32,4.16.1,mantap,positif
Pengguna Google,5,04/25/2026 13:31,4.15.0,sangat puas,positif
Pengguna Google,5,04/25/2026 13:16,4.16.1,good,negatif
Pengguna Google,4,04/25/2026 13:11,4.16.1,memudahkan saat pindah faskes,negatif
Pengguna Google,5,04/25/2026 12:51,4.16.1,mudah han bermanfaat,negatif
Pengguna Google,1,04/25/2026 12:45,4.14.0,app nggk jelas hari minta daftar terus,negatif
Pengguna Google,5,04/25/2026 12:40,4.16.1,oke gampang operasikannya,positif
Pengguna Google,5,04/25/2026 12:35,4.16.1,sangat burukk,negatif
Pengguna Google,1,04/25/2026 12:34,4.16.1,sangat membantu dan cepat direalisasi dalam proses kadministrasi kesehatan,positif
Pengguna Google,1,04/25/2026 12:25,4.16.1,kenapa kok susah sekali mau login,negatif
Pengguna Google,5,04/25/2026 12:24,4.16.1,oke,positif
Pengguna Google,4,04/25/2026 12:17,4.16.1,agak susah ketika verifikasi wajah,negatif
Pengguna Google,3,04/25/2026 12:17,4.7.0,aplikasainya lag mulu aneh ga jelas banget masa harus uninstal dlu terus instal lagi baru lancar,positif
Pengguna Google,5,04/25/2026 12:16,4.16.1,oke,positif
Pengguna Google,3,04/25/2026 12:10,4.16.1,standar,negatif
Pengguna Google,1,04/25/2026 12:07,4.16.1,aplikasinya sangat rumit verifikasi akun aja susah bgt nungguin kode otp ga masuk pdahal pulsa ada verifikasi wajah juga berkali tengok kanan kiri senyum kedip ga kelar akhirnya ga berhasil juga tolong dong diperbaiki dan dipermudah proses verifikasinya,positif
Pengguna Google,5,04/25/2026 12:01,4.16.1,mudah dan sangat membantu untuk kesehatan masyarakat indonesia,negatif
Pengguna Google,3,04/25/2026 11:51,4.14.0,selain aplikasi yg update terus system melalui pandawa juga error mulu dan skr sering logout sendiri,negatif
Pengguna Google,5,04/25/2026 11:40,4.16.1,terbaik,positif
Pengguna Google,5,04/25/2026 11:11,4.16.1,sangat membantu,negatif
Pengguna Google,5,04/25/2026 11:10,4.16.1,aplk ini sangat membantu saya sbg pasien,negatif
Pengguna Google,1,04/25/2026 11:04,4.16.1,tidak bisa edit apapun coba lagi x,negatif
Pengguna Google,5,04/25/2026 11:01,4.16.1,mantap joss gandoss terima kasih,positif
Pengguna Google,1,04/25/2026 11:00,4.16.1,kode verifikasi nomor telepon nggak masuk padahal udah berkali kali,negatif
Pengguna Google,1,04/25/2026 10:55,4.16.1,aplikasi nya nggak normal dikit logout giliran di masuk an nggak bisa herannnnnn,negatif
Pengguna Google,5,04/25/2026 10:47,4.16.1,waooow matraap,negatif
Pengguna Google,5,04/25/2026 10:46,4.16.1,gak kebayang deh jk tdk ada bpjs luar biasa membantu sekali pd saat perlu pengobatan krn samit,negatif
Pengguna Google,1,04/25/2026 10:44,4.16.1,terlalu ribet gk da pilihan selain menggunakan otp sbnrnyya boleh gk sech daftarin pasien di hari h nya lgs dtg ke rsud klau di rs lain tmpt ada aplksi khusus pakai no wa tnp ribet pke jkn jkn nan susah pa lg yg gaptek,negatif
Pengguna Google,1,04/25/2026 10:11,4.16.1,payah payah payaaaah minta kode otp verifikasi lewat no hp ajaa gak dikirim pdahal udah urgent banget sampaaah pelayanan masyarakat apaaa ini kalo emang gk bisa ngasih pelayanan baik gk usah semua serba online ini menyangkut kesehatan nyawa operator nya apa kurang gede korupsinya,positif
Pengguna Google,5,04/25/2026 10:04,4.16.1,sangat dimudahkan dan praktis efisien,negatif
Pengguna Google,2,04/25/2026 10:02,4.16.1,sering log out sndiri disaat digunakan,negatif
Pengguna Google,5,04/25/2026 9:57,4.16.1,mantap,positif
Pengguna Google,5,04/25/2026 9:48,4.16.1,sangat membantu,negatif
Pengguna Google,1,04/25/2026 9:39,4.16.1,masuk terus keluar terus aplikasi tolol,negatif
Pengguna Google,5,04/25/2026 9:32,4.16.1,sangat membantu,negatif
Pengguna Google,1,04/25/2026 9:21,4.16.1,teknologi tetap terlihat bodot kalo dijalankan orang bodoh,negatif
Pengguna Google,5,04/25/2026 9:17,4.16.1,oke,positif
Pengguna Google,5,04/25/2026 9:09,4.16.1,good,negatif
Pengguna Google,5,04/25/2026 8:59,4.16.1,bagus,positif
Pengguna Google,5,04/25/2026 8:52,4.16.1,mantap dan mudah untuk diakses setiap waktu,positif
Pengguna Google,5,04/25/2026 8:49,4.16.1,pelayanan sangat baik,positif
Pengguna Google,1,04/25/2026 8:47,4.16.1,nunggu kode otp sms gak masuk padahal sudah diulang berkali kali mohon segera diproses diperbaiki,positif
Pengguna Google,4,04/25/2026 8:31,4.16.1,lumayan,negatif
Pengguna Google,5,04/25/2026 7:58,4.16.1,sangat membantu,negatif
Pengguna Google,5,04/25/2026 7:36,4.16.1,puas,positif
Pengguna Google,5,04/25/2026 7:33,4.16.1,layanan semakjn cepat dan mudah dg aplikasi ini,positif
Pengguna Google,5,04/25/2026 7:30,4.16.1,bagus,positif
Pengguna Google,5,04/25/2026 7:29,4.16.1,pelayanannya baik bagus ramah ramah tertib,positif
Pengguna Google,1,04/25/2026 7:25,4.16.1,parah bukanya nambah enak malah dipersulit mekanisme menyusahkan masyarakat indonesia,negatif
Pengguna Google,1,04/25/2026 6:58,4.16.1,tidak membantu sama sekali,negatif
Pengguna Google,5,04/25/2026 6:50,4.16.1,aplikasinya sangar membantu,negatif
Pengguna Google,5,04/25/2026 6:38,4.16.1,good,negatif
Pengguna Google,5,04/25/2026 6:33,4.16.1,maksimal kan pelayanan,negatif
Pengguna Google,5,04/25/2026 6:28,4.16.1,sejauh ini oke simpel,positif
Pengguna Google,5,04/25/2026 6:12,4.16.1,sangat membantu untuk mendaftar bpjs,negatif
Pengguna Google,5,04/25/2026 6:01,4.16.1,sangat mudah,negatif
Pengguna Google,5,04/25/2026 5:54,4.16.1,mantap bergina,positif
Pengguna Google,1,04/25/2026 5:54,4.11.2,aplikasi gx jelas mau ambil antrean gagal tetus,negatif
Pengguna Google,1,04/25/2026 5:53,4.16.1,aplikasi yang menurutku fiturnya lengkap namun banyak sekali untuk kendala apalagi scan foto yang sulit diarahkan dan juga saat mengisi nomer hp yang selalu terdapat mohon untuk mencoba beberapa saat lagi,negatif
Pengguna Google,5,04/25/2026 5:50,4.16.1,semua menjadi mudah,negatif
Pengguna Google,5,04/25/2026 5:45,4.16.1,mantap pokok e,positif
Pengguna Google,1,04/25/2026 5:36,4.16.1,aplikasi pemerintah gimana yaa ini setiap mau di pake error terus tolong lahhh,negatif
Pengguna Google,5,04/25/2026 5:13,4.14.0,aplikasi yg sangat berguna untk antri bpjs faskes hingga rujukan lainnya,negatif
Pengguna Google,1,04/25/2026 4:52,4.16.1,kenapa setiap mau masuk logout sendiri perbaiki lagi malah bikin sebel aja,positif
Pengguna Google,5,04/25/2026 4:43,4.16.1,sangat baik,positif
Pengguna Google,5,04/25/2026 4:33,4.16.1,bagus,positif
Pengguna Google,4,04/25/2026 4:28,4.16.1,aplikasi lancar dan mudah di gunakan,positif
Pengguna Google,5,04/25/2026 4:18,4.16.0,mantap,positif
Pengguna Google,1,04/25/2026 4:05,4.16.1,mentok di kode otp udah berkali kali nulis no hp tapi kode otp nggak pernah masuk ke sms padahal nomernya bener koneksi internet juga bagus banget nggak tau deh kenapa,positif
Pengguna Google,1,04/25/2026 3:57,4.16.1,ribet,negatif
Pengguna Google,4,04/25/2026 3:55,4.16.1,ok,negatif
Pengguna Google,5,04/25/2026 3:54,4.16.1,lumayan bagus,positif
Pengguna Google,1,04/25/2026 3:52,4.16.1,setelah update makin kacau mau daftar ribet banget pake acara screening lah bikin ribet ga kaya dulu daftar nya ga ribet sekarang mau daftar di apskes pertama ribet nya minta ampuuun,negatif
Pengguna Google,5,04/25/2026 3:49,4.16.1,boleh lah lumayan,negatif
Pengguna Google,5,04/25/2026 3:44,4.16.1,bagus,positif
Pengguna Google,5,04/25/2026 3:38,4.16.1,pelayanan sangat bagus,positif
Pengguna Google,5,04/25/2026 3:38,4.16.1,bagus sekali,positif
Pengguna Google,5,04/25/2026 3:34,4.16.1,bagus alhamdulillah selama ini lancar,positif
Pengguna Google,5,04/25/2026 3:25,4.16.1,alhamdulillah semua jadi lancar,positif
Pengguna Google,1,04/25/2026 3:23,4.16.1,pemerintah kalo bikin aplikasi kayak ga niat masa buat login aja kagak bisa bisa udah sakit mau daftar di aplikasi aja susah astagfirullah bae bae dah kalian semua,negatif
Pengguna Google,4,04/25/2026 3:10,4.16.0,membantu proses,negatif
Pengguna Google,2,04/25/2026 2:57,4.16.1,lagi sakit aja dipersulit mau daftar nyuruh ne itu dlu udh di ikutin smuany ttap aj g bsa,negatif
Pengguna Google,5,04/25/2026 2:43,4.16.1,sejauh ini bagus aplikasi tidak eror,positif
Pengguna Google,5,04/25/2026 2:29,4.16.1,sip pokok nya,negatif
Pengguna Google,5,04/25/2026 2:29,4.16.1,mantap aplikasinya,positif
Pengguna Google,5,04/25/2026 2:26,4.16.1,mantab,negatif
Pengguna Google,5,04/25/2026 2:23,4.2.0,updar bikin nga bisa di buka malahan,negatif
Pengguna Google,1,04/25/2026 2:18,4.16.1,aplikasi parahh gak bisa masuk sangat jelek banget,negatif
Pengguna Google,5,04/25/2026 2:17,4.16.1,bagus,positif
Pengguna Google,1,04/25/2026 2:14,4.16.1,daftarnya ribet login susah,negatif
Pengguna Google,1,04/25/2026 2:10,4.16.1,mau daftar disuruh masuk kan nomer tapi sms gak muncul udah berkali kali nyoba tetap gak masuk kalau pakai email langsung masuk email sudah bisa tapi harus ngisi nomor juga padahal sms gak masuk,negatif
Pengguna Google,1,04/25/2026 2:05,4.16.1,gimna mau orang instal daftar ajh nunggu notif sms gak dateng jelek banget yang buat aplikasi wajarlah reting orang jelek males malah instal mau daftar susah,negatif
Pengguna Google,5,04/25/2026 1:50,4.16.1,aplikasi responsif sip jooss,negatif
Pengguna Google,1,04/25/2026 1:50,4.16.1,aplikasi jelek gabisa login terus,negatif
Pengguna Google,5,04/25/2026 1:39,4.16.1,sangat membantu apalagi kalau pelayanan nya lebih di tingkatkan lagi,negatif
Pengguna Google,1,04/25/2026 1:39,4.16.1,server ampas kode otp gak masuk masuk,negatif
Pengguna Google,1,04/25/2026 1:34,4.14.0,tolong kembalikan verifikasi otp bisa via whatsapp jangan jadi pemimpin yg dzolim dengan segala hal harus dipalakin dipajakin dengan menyuruh wajib pakai otp sms premium ini layanan kesehatan hidup mati seseorang ada disini kalau mau cari untung silahkan berdagang saja,negatif
Pengguna Google,5,04/25/2026 1:31,4.16.1,good,negatif
Pengguna Google,1,04/25/2026 1:20,4.15.0,un instal malesiiiinnnnnn ribet mw masuk login susah muluuu,negatif
Pengguna Google,5,04/25/2026 1:17,4.14.0,sangat membantu,negatif
Pengguna Google,1,04/25/2026 1:13,4.16.0,aplikasi bikin orang susah,negatif
Pengguna Google,1,04/25/2026 1:08,4.16.1,eror trs,negatif
Pengguna Google,1,04/25/2026 1:07,4.16.1,device saya tidak saya root tetapi mendapatkan notifikasi perangkat saya di root,negatif
Pengguna Google,5,04/25/2026 0:37,4.16.0,mnatap,negatif
Pengguna Google,5,04/24/2026 23:56,4.16.1,gercep dan bagus,positif
Pengguna Google,1,04/24/2026 23:56,4.16.1,ga pernah di update ya,negatif
Pengguna Google,2,04/24/2026 23:48,4.16.1,bisakah aplikasi ini tidak keluar sendiri berterus terusan kan repot setiap mau menggunakan harus loggin dulu harus cari data dulu,negatif
Pengguna Google,1,04/24/2026 23:40,4.16.1,kenapa setelah update tidak bisa digunakan untuk ambil anttian di faskes,negatif
Pengguna Google,5,04/24/2026 23:38,4.16.1,membantu sekali,negatif
Pengguna Google,5,04/24/2026 23:01,4.16.1,pelayanan di faskes sangat bagus,positif
Pengguna Google,5,04/24/2026 22:42,4.16.1,keren,positif
Pengguna Google,1,04/24/2026 22:19,4.16.1,perbaiki,positif
Pengguna Google,2,04/24/2026 22:16,4.16.1,min kok saya enggak bisa ngedaftar ya kenapa itu min udah di coba beberapa kali enggak bisa aja,negatif
Pengguna Google,4,04/24/2026 19:37,4.16.1,kenapa ya susah masuk nya kode otp nya susah masuk sudah berkali kali hayatii lelahh,negatif
Pengguna Google,5,04/24/2026 19:29,4.16.1,mobile jkn mudah dan praktis,negatif
Pengguna Google,5,04/24/2026 19:18,4.16.1,alhamdulillah sangat membantu,negatif
Pengguna Google,2,04/24/2026 18:38,4.16.1,billing error terus sampai sekarang nanti kalau sudah oke bintang saya tambahkan,negatif
Pengguna Google,5,04/24/2026 17:48,4.16.1,kita pengangguran harus bayar iuran tiap bulan rb cari kerja susah adakah bpjs yg umum gratis janganlah menyiksa kami seperti ini untuk nafkahi anak bini saya saja makan seadanya belum pempres susu dll ya allah kenapa rakyat kecil selalu merasakan hidup menderita seperti ini indonesia sudah merdeka tapi rakyat miskin belum merasakan kemerdakaan tolong untuk dibaca lalu direnungkan nasib kami masa depan anak kami sekianterimakasih,negatif
Pengguna Google,5,04/24/2026 16:42,4.16.1,berguna sekali,negatif
Pengguna Google,5,04/24/2026 16:36,4.16.1,sangat membatu,negatif
Pengguna Google,5,04/24/2026 16:35,4.16.1,sangat memudahkan dalam proses pelayanan,negatif
Pengguna Google,1,04/24/2026 16:15,4.16.1,aplikasi tolol isinya cuma bug,negatif
Pengguna Google,2,04/24/2026 16:12,4.16.1,ini serius gaada tanggapannya soal verifikasi otp lewat email sms yg gagagal terus,negatif
Pengguna Google,5,04/24/2026 16:11,4.16.1,bagus bgt ge bantu ada mobile jkn,positif
Pengguna Google,5,04/24/2026 15:52,4.16.1,mantap,positif
Pengguna Google,5,04/24/2026 15:41,4.16.1,daptar jkn bpjs kesehatan,negatif
Pengguna Google,5,04/24/2026 14:54,4.16.1,semoga pelayanan bpjs dan rs makin mudah tidak membingungkan peserta yg gaptek baik dan ramah yg sakit lekas sembuh,positif
Pengguna Google,1,04/24/2026 14:50,4.16.1,jaringan mulu ngak bisa daftar akun,negatif
Pengguna Google,5,04/24/2026 14:37,4.14.0,smga bisa lancar,positif
Pengguna Google,5,04/24/2026 14:30,4.16.1,mantap,positif
Pengguna Google,5,04/24/2026 14:29,4.16.1,oke,positif
Pengguna Google,5,04/24/2026 14:28,4.16.1,bagus suka baget,positif
Pengguna Google,1,04/24/2026 14:06,4.16.1,udh ganti hp pake no hp lain coba beberapa email ttp ga kirimm kode otpnya,negatif
Pengguna Google,5,04/24/2026 14:05,4.16.1,rs gak tidak ada penambahan biaya apa pun,negatif
Pengguna Google,2,04/24/2026 14:05,4.16.1,aplikasi nya menyusahkan pasien terutama bagi lansia di awal buat akun semua data udh ok knp pd saat mau ambil no antrian diminta updatr data terbaru no hp baru format utk input no hp jg ga di perjelas,negatif
Pengguna Google,1,04/24/2026 13:59,4.16.1,aplikasi jadul eror mulu,negatif
Pengguna Google,5,04/24/2026 13:58,4.16.1,bagus,positif
Pengguna Google,1,04/24/2026 13:56,4.16.1,baru kali ini nemu aplikasi seribet ini edan bujan membatu malah bikin emosi,negatif
Pengguna Google,5,04/24/2026 13:50,4.16.1,mntp kren mobile jkn kren,negatif
Pengguna Google,4,04/24/2026 13:43,4.16.1,sangat membantu trimaksih,negatif
Pengguna Google,2,04/24/2026 13:33,4.16.1,mohon di perbaiki sudah bisa log in tapi ketika mau verifikasi nomor hp selalu tidak muncul referensi otp nya,positif
Pengguna Google,4,04/24/2026 13:31,4.16.1,lancar jaya,positif
Pengguna Google,5,04/24/2026 13:29,4.16.1,sangat membantu dan mudah di mengerti,negatif
Pengguna Google,4,04/24/2026 13:13,4.16.1,kenapa nunggu verifikasi otp ga muncul an hh,negatif
Pengguna Google,5,04/24/2026 13:12,4.16.1,lebih di permukaan lagi untuk perubahan data,negatif
Pengguna Google,1,04/24/2026 12:52,4.16.1,perbaiki lagi sering eror,positif
Pengguna Google,5,04/24/2026 12:42,4.16.1,apk ok mudah dimengerti dan jelas,negatif
Pengguna Google,4,04/24/2026 12:40,4.16.1,lbh mudah,negatif
Pengguna Google,5,04/24/2026 12:37,4.16.1,bagus,positif
Pengguna Google,5,04/24/2026 12:33,4.16.1,pelayanan baik,positif
Pengguna Google,5,04/24/2026 12:32,4.16.1,mantap,positif
Pengguna Google,5,04/24/2026 12:12,4.16.1,lancar,positif
Pengguna Google,5,04/24/2026 12:10,4.16.1,mantap,positif
Pengguna Google,5,04/24/2026 12:01,4.16.1,mudah buat daftar,negatif
Pengguna Google,1,04/24/2026 11:57,4.16.1,apa ini mau daftar aja pas masukin nomor telepon mau minta kode verifikasi ga di sms padahal nomor hp nya udah sesuai aplikasi aneh trus juga pas verifikasi wajah kamera nya kebalik bikin pusing aja dah lah aplikasi ngga jelas,positif
Pengguna Google,5,04/24/2026 11:31,4.16.1,aplikasi yang sangat bagus dan membantu,positif
Pengguna Google,1,04/24/2026 11:17,4.16.1,apk taekkk udah pake bnyk nmr tetep kode otp nya gada yg masuk sampah,negatif
Pengguna Google,5,04/24/2026 11:09,4.16.1,mantapp,positif
Pengguna Google,1,04/24/2026 10:50,4.16.1,verifikasi wajah susah saya sudah coba ke sekian kali ga bisa,negatif
Pengguna Google,1,04/24/2026 10:46,4.13.1,nungguin otp doang sampe sejam,negatif
Pengguna Google,5,04/24/2026 10:38,4.16.1,bagus,positif
Pengguna Google,1,04/24/2026 10:27,4.16.1,apk buatan pemerintah semuaya jelek,negatif
Pengguna Google,1,04/24/2026 10:25,4.16.1,layanan aplikasi ini kurang pelayan buruk tiap buka aplikasi ini ganti pasword mulu saking banyaknya pasword jadi lupa mana pasword nya kembali masuk ke lupa kata sandi nungguin sms detik sampe berkali tetap gak ada sms masuk bayar tiap bulan pelayanan buruk gini mana faskes harus buka aplikasi dulu baru proses,negatif
Pengguna Google,1,04/24/2026 10:01,4.16.1,mau daftar susah banget minta kode otp gagal terus,negatif
Pengguna Google,5,04/24/2026 10:00,4.16.1,mudah di gunakan,negatif
Pengguna Google,5,04/24/2026 9:59,4.16.1,digitalisasi yang complete,negatif
Pengguna Google,2,04/24/2026 9:57,4.16.1,ribet niatnya bagus tapi belum tentu semua faham tehnologi,positif
Pengguna Google,5,04/24/2026 9:44,4.16.1,ok,negatif
Pengguna Google,5,04/24/2026 9:31,4.16.1,sangatttt membantu terimaksi ya jadi tdk usab antri lama lg di rs nya karna ada estimasi waktu kedatangannya alhamdulillah,negatif
Pengguna Google,1,04/24/2026 9:31,4.16.1,nunggu kode otp gk dikirim aplikasi ampas emg,negatif
Pengguna Google,5,04/24/2026 9:02,4.16.1,lebih mudah,negatif
Pengguna Google,4,04/24/2026 9:02,4.16.1,bagus tapi lebih bagus lagi kalo pake ktp untuk semua,positif
Pengguna Google,5,04/24/2026 8:54,4.16.1,oke,positif
Pengguna Google,5,04/24/2026 8:52,4.16.1,oke banget,positif
Pengguna Google,5,04/24/2026 8:41,4.16.1,terimakasih telah memberikan layanan yg terbaik,positif
Pengguna Google,5,04/24/2026 8:25,4.16.1,aplikasi yang sangat membantu di semua kalangan masyarakat terima kasih bpjs kesehatan dan kementerian kesehatan republik indonesia hatur nuhun,negatif
Pengguna Google,5,04/24/2026 8:23,4.16.1,pelayanan nya cepat dn bagus,positif
Pengguna Google,1,04/24/2026 8:07,4.16.1,daftarnya baru susah baget,negatif
Pengguna Google,1,04/24/2026 7:53,4.16.1,mau verifikasi nomor aja lama nya kebangetan mau ganti password aja lama parah banget tolong di perbaiki lah ini kan banyak yang butuh jangan di persulit,negatif
Pengguna Google,5,04/24/2026 7:53,4.16.1,sangat memudahkan,negatif
Pengguna Google,1,04/24/2026 7:36,4.16.1,aplikasi ga bermutu bukan mempermudah malah mempersulit otp aja ga di kirim sampahlah,negatif
Pengguna Google,5,04/24/2026 7:35,4.16.1,ssangat baik sangat membantu,positif
Pengguna Google,1,04/24/2026 7:19,4.16.1,gajelas otp gamasuk mau verif berkali kali juga,negatif
Pengguna Google,5,04/24/2026 7:16,4.16.1,memuaskan,positif
Pengguna Google,5,04/24/2026 7:05,4.16.1,bagussssss,positif
Pengguna Google,5,04/24/2026 7:04,4.16.1,sangat bagus,positif
Pengguna Google,5,04/24/2026 7:03,4.16.1,pendaftar baru cepat tidak ribet,positif
Pengguna Google,1,04/24/2026 7:01,4.16.1,kode otp nya knp gamasuk masuk sih apk nnya kebanyakan error gajelas sumpah orang mah berobat jadi susah,negatif
Pengguna Google,2,04/24/2026 6:57,4.16.1,kenapa suka logout sendiri sih mana sering lupa paswordnya udh pakai sidik jari tetap aja gak fungsi padahal udah diaktifin,positif
Pengguna Google,5,04/24/2026 6:54,4.16.1,terimakasih,negatif
Pengguna Google,2,04/24/2026 6:53,4.16.1,mau kode verifikasi saja kayak nyabut bambu dari ujung,negatif
Pengguna Google,5,04/24/2026 6:48,4.16.1,sangat membantu,negatif
Pengguna Google,1,04/24/2026 6:12,4.16.1,parah regist gagal terus gmn mau daftar regist sj gagal lagi pas isi nmr hp please di tingkatkan lg kualitas pelayanan spy masarakat mudah mengakses aplikasi ini jan,negatif
Pengguna Google,5,04/24/2026 6:11,4.16.1,mantap,positif
Pengguna Google,5,04/24/2026 6:04,4.16.1,sangat bermanfaat,negatif
Pengguna Google,5,04/24/2026 5:59,4.16.1,bagus,positif
Pengguna Google,5,04/24/2026 5:56,4.16.1,mntap aplikasi ini,negatif
Pengguna Google,5,04/24/2026 5:44,4.16.1,lebih mudah,negatif
Pengguna Google,5,04/24/2026 5:33,4.16.1,memudahkan,negatif
Pengguna Google,3,04/24/2026 5:30,4.16.1,no antrian aplikasi tidak sesuai realita yang di rs,negatif
Pengguna Google,5,04/24/2026 5:23,4.15.0,aplikasi nya bgs dan sngat membantu,negatif
Pengguna Google,1,04/24/2026 5:17,4.16.1,bermalasah mulu,negatif
Pengguna Google,1,04/24/2026 5:09,4.16.1,otp tidak masuk tunggunya menit,negatif
Pengguna Google,5,04/24/2026 5:09,4.16.1,sangat membantu rakyat,negatif
Pengguna Google,1,04/24/2026 5:09,4.16.1,dasar mobile jkn butut aplikasi terjadul sedunia login x ga bisa bisa sialan ribet bgt kalo ga butuh amat ga mau download habisan kouta sajaa kode sms tidak masuk masuk dasarrr apk jeleqqqqqqqqqqqqqqq,negatif
Pengguna Google,5,04/24/2026 4:56,4.16.1,sejauh ini aplikasi jkn sangat membantu khususnya pada saat harus menghubungi bpjs bisa langsung telepon ke tanpa dikenai biaya apapun termasuk saat ingin melakukan pengaduan atas pelayanan faskes yg kurang baik bisa langsung dilakukan di aplikasi jkn jadi aplikasi ini sangat membantu sekali terima kasih,positif
Pengguna Google,2,04/24/2026 4:55,4.16.1,sudah berkali kali nyoba kirim kode otp tetap ga bisa bikin pusing,negatif
Pengguna Google,5,04/24/2026 4:49,4.16.1,terimakasih bisa digunakan lancar,positif
Pengguna Google,5,04/24/2026 4:41,4.16.1,sangat mudah tanpa ribet,negatif
Pengguna Google,5,04/24/2026 4:41,4.14.0,bagus banget jadi gampang buat orang tua yang kurang fokus membaca terima makasih sukses untuk semua,positif
Pengguna Google,1,04/24/2026 4:39,4.16.1,aplikasi ga jelas kode otp ga masuk masuk mempersulit,negatif
Pengguna Google,5,04/24/2026 4:18,4.16.1,manfaat,negatif
Pengguna Google,5,04/24/2026 4:04,4.16.1,sangat bagus,positif
Pengguna Google,5,04/24/2026 4:03,4.16.1,bagus bermanfaat,positif
Pengguna Google,5,04/24/2026 3:56,4.16.1,aplikasi nya udah pernah download dan mau masuk lagi susah banget dan download ulang mau masuk lagi gagal terus ini aplikasinya bisa ga ya diperbaharui udah bertahun tahun tp tetap mengecewakan,negatif
Pengguna Google,5,04/24/2026 3:56,4.16.1,sangat membantu utk masyarakat kecil,negatif
Pengguna Google,1,04/24/2026 3:51,4.16.1,hendak mengganti pasword yg lupa tapi ga bisa erorr terus,negatif
Pengguna Google,5,04/24/2026 3:48,4.16.1,sangat senang dan membantu,negatif
Pengguna Google,1,04/24/2026 3:43,4.16.1,kode otp ga masuk masuk,negatif
Pengguna Google,5,04/24/2026 3:39,4.16.1,pelayanan cepat,positif
Pengguna Google,5,04/24/2026 3:36,4.16.1,alhamdulillah amanah,positif
Pengguna Google,1,04/24/2026 3:31,4.16.1,kode otp nomer hp ga kekirim,negatif
Pengguna Google,5,04/24/2026 3:19,4.16.1,untuk saat ini segi proses pendaftaran atau scan masih suka terganggu coba tolong lebih di perbaiki lg kedepannya,positif
Pengguna Google,1,04/24/2026 3:09,4.16.1,pea bgt modif prop buat ngegame malah masuk kategori root aneh nih apk,negatif
Pengguna Google,1,04/24/2026 3:08,4.16.1,kode ga muncul padahal mau daftar gmn si,negatif
Pengguna Google,5,04/24/2026 2:53,4.16.1,lambat tp pasti,negatif
Pengguna Google,5,04/24/2026 2:46,4.16.1,proses mudah terimakasih,negatif
Pengguna Google,4,04/24/2026 2:45,4.16.1,bagus,positif
Pengguna Google,5,04/24/2026 2:41,4.16.0,good,negatif
Pengguna Google,5,04/24/2026 2:37,4.16.1,bagus mudah di gunakan,positif
Pengguna Google,5,04/24/2026 2:28,4.16.1,aplikasi yang sangat baik,positif
Pengguna Google,5,04/24/2026 2:26,4.16.1,bagus bingit,positif
Pengguna Google,1,04/24/2026 2:25,4.16.1,kenapa sih susah banget dapet sms kode otp nya sampai pakai nomor ngga bisa bisa pas lagi butuh banget ini malah aplikasi nya ga jelas bgt biar jadi eval kritikan kek gini,negatif
Pengguna Google,1,04/24/2026 2:23,4.16.1,login nya susah tolong diperbaiki servernya,positif
Pengguna Google,5,04/24/2026 2:21,4.16.1,good,negatif
Pengguna Google,1,04/24/2026 2:10,4.16.1,daftarnya susah aplikasi keluar sendiri saat verif setelah update malah logout gak guna banget,negatif
Pengguna Google,5,04/24/2026 2:10,4.16.1,sangat bagus,positif
Pengguna Google,2,04/24/2026 2:03,4.16.1,permintaan anda belum dapat diproses silahkan coba lagi knapa sih bgitu terus aplikasi udh diperbarui sinyalku bagus muncul notif bgitu terus,positif
Pengguna Google,5,04/24/2026 2:02,4.16.1,assalamualaikum,negatif
Pengguna Google,1,04/24/2026 1:56,4.16.1,yang bener aja mau daftar butuh kode otp tapi ga di kirim kirim kocak,negatif
Pengguna Google,1,04/24/2026 1:49,4.16.1,jujur aplikasi ini jdi ribet karna sistemnya banyak masalah tidak pernah diperbaiki diupdate kecewa pdhal udh banyak pengguna,negatif
Pengguna Google,5,04/24/2026 1:48,4.16.1,ok,negatif
Pengguna Google,4,04/24/2026 1:35,4.16.1,keren gak ribet,positif
Pengguna Google,5,04/24/2026 1:15,4.16.1,aplikasi ini memudahkan semua nya okke,negatif
Pengguna Google,1,04/24/2026 1:10,4.16.1,aplikasi pemerintah yang sudah banyak penggunanya tpi tidak pernah diperbaiki sistemnya parahhh,negatif
Pengguna Google,1,04/24/2026 1:03,4.16.1,apasih kirim otp aja gak tembus tembus klw butuh pulsa bilang dong,negatif
Pengguna Google,5,04/24/2026 1:01,4.16.1,sangat membantu,negatif
Pengguna Google,5,04/24/2026 0:58,4.16.1,sangat membantu mengubah data secara aman,positif
Pengguna Google,5,04/24/2026 0:40,4.16.1,mantapp,positif
Pengguna Google,5,04/24/2026 0:23,4.16.1,nice,negatif
Pengguna Google,1,04/23/2026 23:51,4.16.1,nunggu kode verifikasi no telpon apakah agak terlalu lama yah ka,negatif
Pengguna Google,5,04/23/2026 23:48,4.16.1,top deh,positif
Pengguna Google,5,04/23/2026 23:47,4.16.1,keren dah,positif
Pengguna Google,5,04/23/2026 23:45,4.16.1,knp gak bisa login,negatif
Pengguna Google,5,04/23/2026 23:38,4.16.1,terbantu banget ada aplikasi mobile jkn ini bagus banget,positif
Pengguna Google,1,04/23/2026 23:02,4.16.1,verifikasi nya ga jelas banget baru registrasi aja sudah dipersulit gimana penggunaannya masa verifikasi wajah dikatain terlalu gelap mulu padahal udah di luar ruangan terus verifikasi nomor hp udah seminggu aku coba terus tetap ga ada kode yang dikirim dan sudah aku coba pakai nomor ku yang ke dua tetap tidak bisa,negatif
Pengguna Google,5,04/23/2026 22:48,4.16.1,mudah diakses cepat responsif,positif
Pengguna Google,5,04/23/2026 21:08,4.16.1,alhamdulilah ayo maju terus,negatif
Pengguna Google,4,04/23/2026 20:01,4.16.1,baik memuaskan,positif
Pengguna Google,4,04/23/2026 19:14,4.16.1,ok,negatif
Pengguna Google,5,04/23/2026 18:25,4.16.1,apk ss,negatif
Pengguna Google,5,04/23/2026 18:24,4.16.1,trimakasih sudah ada program ini,negatif
Pengguna Google,5,04/23/2026 18:18,4.16.1,mobil jkn emang top,positif
Pengguna Google,2,04/23/2026 18:18,4.16.1,stuck di otp sms perbaiki tolong,positif
Pengguna Google,1,04/23/2026 17:36,4.16.1,sangat tidak membantu,negatif
Pengguna Google,4,04/23/2026 17:18,4.16.1,membantu,negatif
Pengguna Google,3,04/23/2026 16:28,4.16.0,menghabiskan memori internal hampir gb untuk aplikasinya saja,negatif
Pengguna Google,5,04/23/2026 16:18,4.16.1,mntap,negatif
Pengguna Google,5,04/23/2026 16:08,4.16.1,bermanfaat,negatif
Pengguna Google,3,04/23/2026 16:05,4.16.1,aplikasi yang sangat dibutuhkan justru payah sering eror tolong diperbaiki lah banyak yang membutuhkan jkn ini,positif
Pengguna Google,5,04/23/2026 16:03,4.16.1,seluruh keluarga saya terlindungi bpjs terimakasih,negatif
Pengguna Google,1,04/23/2026 15:55,4.16.1,konyol mempersulit bukan mempermudag,negatif
Pengguna Google,1,04/23/2026 15:54,4.16.1,ini gimana sihhhh tolong di perbaiki yaa masa mau log in nunggu kode verifikasi lewat nmr hp aja lama bangettt ini mau mempermudah apa memperumit tujuan di buat apk sih harusnya untk mempermudah ya tapi ini,negatif
Pengguna Google,1,04/23/2026 15:43,4.16.1,aplikasi busuk verif susah otp ga masuk,negatif
Pengguna Google,5,04/23/2026 15:36,4.16.1,ok,negatif
Pengguna Google,5,04/23/2026 15:20,4.16.1,mudah mengaplikasikan nya,negatif
Pengguna Google,5,04/23/2026 15:14,4.16.1,sangat mudah,negatif
Pengguna Google,5,04/23/2026 14:49,4.16.1,sangat bagus,positif
Pengguna Google,5,04/23/2026 14:40,4.16.1,ok,negatif
Pengguna Google,5,04/23/2026 14:31,4.16.1,udh sampe kali data di cek benar semua ehh malah gak bisa bisa daftar apaan sih ini aplikasi gak jelas,negatif
Pengguna Google,1,04/23/2026 14:22,4.16.1,aplikasi payah jangan mao download percuma gk bisa,negatif
Pengguna Google,5,04/23/2026 14:16,4.16.1,semoga bermanfaat,negatif
Pengguna Google,5,04/23/2026 14:12,4.16.1,luar biasa,negatif
Pengguna Google,5,04/23/2026 13:56,4.16.1,sangat bagus dan membantu,positif
Pengguna Google,1,04/23/2026 13:44,4.16.1,kacau min code otp ga masuk melulu tiap hari mau daftar code otp ga masuk,negatif
Pengguna Google,1,04/23/2026 13:43,4.16.1,aplikasi sampah ngga dapet kode otp dicoba berkali kali nungguin ratusan detik ngga guna diulang,negatif
Pengguna Google,1,04/23/2026 13:39,4.16.1,aplikasinya tidak memudahkan masa ia kode verifikasi untuk nomor handphone pembuatan akun jkn nya tidak pernah dikirimkan giliran kode untuk email lancar mohon diperbaiki lagi sistem aplikasinya asli tidak memudahkan tapi mempersulit pembuatan akun jkn stuck di kode verifikasi nomor handphone yang katanya wajib ada ini,positif
Pengguna Google,3,04/23/2026 13:29,4.16.1,aplikasi ini bikin malas petugas di faskes saya sudah panik bawa anak sakit ke faskes sudah nunjukin kartu bpjs bukanya dilayani harus daftar online harus install dulu aplikasi terus apa kerjaan mereka klo kita harus daftar sendiri bukanya langsung dilayani malah dikerjain harusnya yg datang langsung dilayani bukanya disuruh daftar online setelah daftar onlih harus ke mereka juga melaporkan sudah daftar ribet amat orang mau priksa disuruh macem bagaimana klo ga punya hp pemalas,negatif
Pengguna Google,1,04/23/2026 13:21,4.16.1,payah payah payah nih aplikasi,negatif
Pengguna Google,5,04/23/2026 13:20,4.16.1,fasilitas pindah faskes mudah digunakan,negatif
Pengguna Google,5,04/23/2026 13:20,4.16.1,baik memuaskan,positif
Pengguna Google,5,04/23/2026 13:16,4.16.1,aplikasi yg sangat membantu kita,negatif
Pengguna Google,2,04/23/2026 13:14,4.16.1,mau daftarin akun gabisa mulu jelek bgt,negatif
Pengguna Google,4,04/23/2026 13:06,4.15.0,alhamdulilah,negatif
Pengguna Google,1,04/23/2026 13:00,4.16.1,ga jelasss mau verifikasi nomor hp malah tidak bisa aplikasi apaan ini tolong diperbaiki,positif
Pengguna Google,1,04/23/2026 12:57,4.16.1,aplikasi gk jelas sering logout tiba gk semua org tua hapal password dan nik nyusahin,negatif
Pengguna Google,5,04/23/2026 12:56,4.16.1,josjis,negatif
Pengguna Google,1,04/23/2026 12:53,4.16.1,eror daftar g bisa bisa pulsa ada data ada hp ada tp g bisa mang g bahaya tah klo pasien kritis,negatif
Pengguna Google,5,04/23/2026 12:48,4.16.1,sangat baik aplikasi,positif
Pengguna Google,1,04/23/2026 12:44,4.16.1,aplikasi tololll kode sms kaga dikirim,negatif
Pengguna Google,5,04/23/2026 12:35,4.16.1,aplikasi mantap,positif
Pengguna Google,5,04/23/2026 12:32,4.16.1,bagus,positif
Pengguna Google,3,04/23/2026 12:23,4.16.1,udah coba beberapa kali tetep kode otp gada masuk lewat sms kalo lewat google masuk walaupun cukup lama,negatif
Pengguna Google,5,04/23/2026 12:11,4.16.1,baguss,positif
Pengguna Google,5,04/23/2026 12:09,4.16.1,pindah poskes gampang,negatif
Pengguna Google,1,04/23/2026 12:07,4.16.1,apk ampas kode otp selalu tidak masuk,negatif
Pengguna Google,5,04/23/2026 12:06,4.15.0,subhanallah,negatif
Pengguna Google,5,04/23/2026 12:05,4.16.1,sangat membantu,negatif
Pengguna Google,5,04/23/2026 11:56,4.16.1,bagus sangat membantu,positif
Pengguna Google,1,04/23/2026 11:39,4.16.1,buruk,negatif
Pengguna Google,1,04/23/2026 11:36,4.16.1,gajelas ini masa kirim kode sms otp ga muncul muncul,negatif
Pengguna Google,5,04/23/2026 11:28,4.16.1,baik,positif
Pengguna Google,4,04/23/2026 11:28,4.16.1,lumayan bagus,positif
Pengguna Google,5,04/23/2026 11:26,4.16.1,mudah dan langsung,negatif
Pengguna Google,1,04/23/2026 11:22,4.16.1,ga usah download percuma mau daftar aja ga bisa,negatif
Pengguna Google,5,04/23/2026 11:16,4.16.1,mantap,positif
Pengguna Google,5,04/23/2026 11:11,4.16.1,semoga selalu bisa membantu,negatif
Pengguna Google,1,04/23/2026 11:08,4.16.1,kode otp nggak masuk,negatif
Pengguna Google,5,04/23/2026 11:07,4.15.0,bagus,positif
Pengguna Google,5,04/23/2026 11:04,4.16.1,coba kalo verifikasi sms tuh kirim kodenya cepet jngn lama ini udh brapa menit g muncul muncul kode verifikasi nya gimana sih,negatif
Pengguna Google,5,04/23/2026 11:04,4.16.1,mantaplah,positif
Pengguna Google,5,04/23/2026 10:51,4.16.1,bagus,positif
Pengguna Google,5,04/23/2026 10:43,4.16.1,cara daftarnya gmna ya,negatif
Pengguna Google,5,04/23/2026 10:32,4.16.1,sangat berguna,negatif
Pengguna Google,5,04/23/2026 10:32,4.16.1,okk,negatif
Pengguna Google,1,04/23/2026 10:31,4.16.1,daftarin orng tua harus pakai verif muka udah lama gagal terus di ulang pas bisa lanjut mau verif lewat sms nggk masuk kodenya pas mau masuk ke aplikasi harus ulang lagi dari awal padahal untuk verif muka orang tua itu susah banget padahal udh tahap masukin nomer benahin lagi apa aplikasinya biar gampang digunakan ngeselin bangetttt gagal terus,negatif
Pengguna Google,5,04/23/2026 10:24,4.14.0,sangat membantu,negatif
Pengguna Google,1,04/23/2026 10:15,4.16.1,aplikasi gak jelas vermuk gagal terus di poco x pro kocak ni apk,negatif
Pengguna Google,5,04/23/2026 10:15,4.16.1,cepat dan mudah di gunakan,positif
Pengguna Google,5,04/23/2026 10:13,4.16.1,lebih cepat aksesnya,positif
Pengguna Google,1,04/23/2026 10:01,4.16.1,apaan si kesel bngt minta kode otp no tlpn aja ga muncul pake no semua kek gtu mulu sama aja ga muncul tu kode nya kode google aja muncul ni kode nomor tlpn di tungguin sampe lebih x mna lama ga ada mulu tolong la jgn di persulit gini benerin kek gimna kek padahal mau daftar dan butuh bngttt,negatif
Pengguna Google,1,04/23/2026 9:56,4.16.1,stecu banget,negatif
Pengguna Google,5,04/23/2026 9:44,4.16.1,mempermudah dalam segala hal,negatif
Pengguna Google,5,04/23/2026 9:24,4.16.1,terimakasih,negatif
Pengguna Google,1,04/23/2026 9:13,4.16.1,sering keluar sendiri padahal baru buka beberapa jam yg lalu terus gak bisa daftar online juga makin susah gak usah ada apk ini kalo kyak gini percuma banget ini kalo ada bintang udah gua bikin minus apk busuk ngabisin angaran doang,negatif
Pengguna Google,5,04/23/2026 9:11,4.16.1,ok,negatif
Pengguna Google,5,04/23/2026 9:06,4.12.0,ok,negatif
Pengguna Google,5,04/23/2026 9:03,4.16.1,lebih update lagi data nya,negatif
Pengguna Google,5,04/23/2026 8:46,4.16.1,tidak bisa menerima notifikasi sms dan email,negatif
Pengguna Google,1,04/23/2026 8:43,4.16.1,apk sampahhhh,negatif
Pengguna Google,5,04/23/2026 8:23,4.16.1,sangat mudah d pahami,negatif
Pengguna Google,1,04/23/2026 8:21,4.16.1,pulsa tidak cukup untuk menerima sms dari bank kenapa keluar notif itu terus setiap verifikasi kode nya gak keluar keluarnya itu terus,negatif
Pengguna Google,5,04/23/2026 8:20,4.16.1,sejauh ini oke,positif
Pengguna Google,5,04/23/2026 8:20,4.16.1,bagus,positif
Pengguna Google,1,04/23/2026 8:06,4.16.1,aplikasinya sering error ngga bisa login nomor ktp dan password sudah sama tapi tetap ngga bisa bikin frustasi,negatif
Pengguna Google,1,04/23/2026 8:05,4.16.1,tolong di perbaiki dong biar mudah daftarnya malah di persulit dikit eror parah loading masuk sampai sehari ngk jadi,negatif
Pengguna Google,5,04/23/2026 8:04,4.16.1,bagus,positif
Pengguna Google,5,04/23/2026 7:59,4.16.1,oke banget,positif
Pengguna Google,1,04/23/2026 7:53,4.16.1,aplikasi gak guna kode otp udah kali msih gak di kirim cepet mati aja ni aplikasi,negatif
Pengguna Google,1,04/23/2026 7:38,4.16.1,fitur verifikasi wajah nya susah banget anjir ga kena kena padahal selalu ngikutin perintahnya,negatif
Pengguna Google,5,04/23/2026 7:36,4.13.1,aplikasi update terus ya biar tambah bagus pelayanannya,positif
Pengguna Google,5,04/23/2026 7:14,4.16.1,oke,positif
Pengguna Google,5,04/23/2026 6:59,4.16.1,sangat bagus memudahkan,positif
Pengguna Google,5,04/23/2026 6:28,4.16.1,bagus,positif
Pengguna Google,5,04/23/2026 6:25,4.16.1,good,negatif
Pengguna Google,1,04/23/2026 6:22,4.16.1,verifikasi nomer eror beli nomer baru masih ga bisa pake nomer yang lain katanya masukan verifikasi tapi tidak ada sms mau anda gimana,positif
Pengguna Google,5,04/23/2026 6:05,4.16.1,trima kasih pelayanan terbaik,positif
Pengguna Google,5,04/23/2026 6:03,4.16.1,semoga semakin hari semakin baik memudahkan peserta dalam berobat,positif
Pengguna Google,5,04/23/2026 5:45,4.16.1,bagus cepat mantul,positif
Pengguna Google,5,04/23/2026 5:44,4.16.1,alhamdulillah cukup mudah di gunakannya,negatif
Pengguna Google,5,04/23/2026 5:44,4.16.1,mudah di akses tersedia banyak fitur untuk mengurus persoalan bpjs agar tidak harus datang ke kantornya karena jarak yang jauh,negatif
Pengguna Google,1,04/23/2026 5:37,4.16.1,burukk sekali daftar juga susah otp tidak ada mempersulit tidak ada fitur bantuan cs jelekkk jelekkkkk,negatif
Pengguna Google,5,04/23/2026 5:35,4.16.1,aplikasinya bagus sangat membantu,positif
Pengguna Google,1,04/23/2026 5:27,4.16.1,lama banget sms otp masuk padahal sinyal bagus ga ada kendala malah dipersulit kode yang ga masuk masuk apk ga jelas,negatif
Pengguna Google,5,04/23/2026 5:24,4.16.1,bagus,positif
Pengguna Google,5,04/23/2026 5:24,4.16.1,pelayanan bagus cepat memuaskan,positif
Pengguna Google,4,04/23/2026 4:50,4.16.1,pelayanan cukup baik,positif
Pengguna Google,5,04/23/2026 4:46,4.16.1,keren,positif
Pengguna Google,5,04/23/2026 4:39,4.16.0,bagus tapi perlu ditingkatkan lagi,positif
Pengguna Google,5,04/23/2026 4:30,4.16.1,good,negatif
Pengguna Google,5,04/23/2026 4:28,4.14.0,sangat bagus,positif
Pengguna Google,5,04/23/2026 4:23,4.16.1,bagus sangat membantu,positif
Pengguna Google,5,04/23/2026 4:18,4.13.1,knp gk bisa di download,negatif
Pengguna Google,5,04/23/2026 4:11,4.16.1,sangat membantu apk jkn ini sangat bagus pelayanannya,positif
Pengguna Google,5,04/23/2026 4:10,4.16.1,puas,positif
Pengguna Google,1,04/23/2026 4:00,4.16.1,ribet,negatif
Pengguna Google,5,04/23/2026 4:00,4.16.1,bagus,positif
Pengguna Google,5,04/23/2026 3:58,4.16.1,pelayanan bagus,positif
Pengguna Google,5,04/23/2026 3:54,4.16.1,semoga manfaat,negatif
Pengguna Google,5,04/23/2026 3:47,4.16.1,bagus,positif
Pengguna Google,5,04/23/2026 3:28,4.16.1,sangat membantu,negatif
Pengguna Google,5,04/23/2026 3:23,4.16.1,oke mantap,positif
Pengguna Google,5,04/23/2026 3:20,4.16.1,udah pilih lupa pasword tapi nunggu otpnya nggak di kirim suruh ulang lagi ulang lagi sampai habis plsa semskin kesini kenapa semakin rumit tolong dipermudah lagi kenapa banyak pertanyaan seperti ini tapi nggak satupun di jawab atau di respon,negatif
Pengguna Google,5,04/23/2026 3:13,4.16.1,pelayanan bagus dan ramah,positif
Pengguna Google,1,04/23/2026 3:10,4.16.1,ini kenapa mau login tidak bisa di proses,negatif
Pengguna Google,1,04/23/2026 3:06,4.16.1,benar mengecewakan mahal bikin aplikasi tapi aplikasi belum siap dijalan kan saya mau verifikasi kode otp tapi kodenya tidak keluar udah ditunggu lama sama aja awalnya saya pikir cuma saya ternyata pengguna lain juga merasakannya,negatif
Pengguna Google,5,04/23/2026 3:00,4.16.1,bagus dan bermanfaat,positif
Pengguna Google,1,04/23/2026 2:57,4.16.1,hal yg mudah manual sekarang jadi sulit coba pikir daftarin yg lansia susah verifikasi wajah dah itu kode sms gak di kirim kirim klo gak mampu bikin app tarik aja,negatif
Pengguna Google,1,04/23/2026 2:56,4.16.1,ga jelas anjir gw mau bayar aja susah alasannya nomor va salah gimana sih anjir ini aplikasi wkwkw emang ga bener,negatif
Pengguna Google,1,04/23/2026 2:54,4.16.1,sandi benar no telfon aktif ada pulsa nya tetep ndak bisa,negatif
Pengguna Google,5,04/23/2026 2:53,4.16.1,good job,negatif
Pengguna Google,5,04/23/2026 2:52,4.16.1,trimakasih jkn sdh sangat membantuku dan klg,negatif
Pengguna Google,1,04/23/2026 2:51,4.16.1,jelek banget aplikasi ini mau login selalu aja force closed sudah unisntal lalu instal ulang izin di centang semua masih aja forced close apa pengembang tidak bisa memperbaiki aplikasi ini,negatif
Pengguna Google,1,04/23/2026 2:50,4.16.1,tdk tau ini aplikasi apa,negatif
Pengguna Google,5,04/23/2026 2:44,4.16.1,mantap,positif
Pengguna Google,2,04/23/2026 2:35,4.16.1,lumayan lah dan bintang dulu ya,negatif
Pengguna Google,1,04/23/2026 2:27,4.16.1,aplikasi tolol nomor hp di gunakan peserta lain,negatif
Pengguna Google,1,04/23/2026 2:27,4.16.1,tolong untuk kirim kode otp jangan melalui sms saja kalau bisa melalui whatsapp juga terimakasih,negatif
Pengguna Google,5,04/23/2026 2:18,4.16.1,pelayanan sdh baik,positif
Pengguna Google,5,04/23/2026 2:14,4.16.1,ok lah pokoknya mah,negatif
Pengguna Google,3,04/23/2026 2:12,4.16.1,baik dan membantu,positif
Pengguna Google,1,04/23/2026 2:07,4.16.1,harusnya aplikasi ini jauh lebih baik dari pada aplikasi lain bukan jt orang saja yg mendownload aplikasi ini bukan kah distiap aplikasi yg masuk ke palystor dapat uang untuk devlover nya,positif
Pengguna Google,1,04/23/2026 1:57,4.0.1,aplikasi udah di unduh pas minta kode verifikasi kok malah lewat sms harus di permudah lewat wa aja mau berobat aja dipersulit udah ikuti prosedur mau verifikasi malah otp lewat sms harusnya lewat wa klo sms orang udah ga di gunakan pake whatsapp tolong di tindak lanjutin masalah aplikasi ini,negatif
Pengguna Google,4,04/23/2026 1:57,4.16.1,edit aplikasi agar ramah orang tua dan navigasi dibikin mudah saja terima kasih,positif
Pengguna Google,5,04/23/2026 1:55,4.16.1,sangat membantu untuk pemeriksaan kesehatan,negatif
Pengguna Google,1,04/23/2026 1:51,4.16.1,susah login karena kode otp tidak terkirim,negatif
Pengguna Google,1,04/23/2026 1:48,4.16.1,bapuk aplikasi nya ga bisa login nik sudah benar password benar tapi ada notif pop up permintaan belum bisa di proses,negatif
Pengguna Google,5,04/23/2026 1:46,4.16.1,cepat n mudah,positif
Pengguna Google,1,04/23/2026 1:35,4.16.1,aplikasi ga jls daftar login aja susah gmn mau bikni tolong dong diperbaiki tujuannya kan untuk mempermudah tapi gaada tuh mudah mudahnya apk gajelassssss bikin emosi udh bbrp kali instal uninstal ttp aja sama aku kira error sekali duakali eh masih bgtu aja brrti emng apk nya yg gajelassss,negatif
Pengguna Google,5,04/23/2026 1:33,4.16.1,sangat membantu,negatif
Pengguna Google,5,04/23/2026 1:28,4.16.1,bagus,positif
Pengguna Google,5,04/23/2026 1:27,4.16.1,sangat membantu,negatif
Pengguna Google,5,04/23/2026 1:27,4.16.1,sekarang app nya udh bagus bgt,positif
Pengguna Google,1,04/23/2026 1:16,4.16.1,kocak,negatif
Pengguna Google,5,04/23/2026 1:15,4.16.1,bagus untuk era modern,positif
Pengguna Google,1,04/23/2026 1:14,4.16.1,baru mau daftar ga bisa kirim otp lewat nomor hp gimana sih,negatif
Pengguna Google,4,04/23/2026 1:13,4.16.1,oke baik,positif
Pengguna Google,1,04/23/2026 1:12,4.16.1,aplikasi gak berjalan di hp root lah hp dari awal beli lagak pernah diutak atik apalagi diroot,negatif
Pengguna Google,5,04/23/2026 1:03,4.16.1,sangat puas,positif
Pengguna Google,5,04/23/2026 1:02,4.16.1,sangatlah membantu,negatif
Pengguna Google,5,04/23/2026 0:49,4.16.1,memudahkan tidak perlu ke kantor,negatif
Pengguna Google,3,04/23/2026 0:39,4.16.1,admin ngantuk gimana mau daftar otp aja ga dikirim udh nunggu jam,negatif
Pengguna Google,5,04/23/2026 0:33,4.16.1,alhamdulillah aplikasi ini cukup efektif,negatif
Pengguna Google,5,04/23/2026 0:32,4.16.1,sangat membatu,negatif
Pengguna Google,4,04/23/2026 0:19,4.13.1,nice,negatif
Pengguna Google,5,04/23/2026 0:19,4.16.1,like is the best,positif
Pengguna Google,5,04/23/2026 0:10,4.16.1,bagusss dan cepat sekali pelayanannya,positif
Pengguna Google,1,04/23/2026 0:02,4.16.1,kamera buat verifikasinya gangguan jelek,negatif
Pengguna Google,5,04/22/2026 23:59,4.16.1,good,negatif
Pengguna Google,3,04/22/2026 23:47,4.16.1,tidak bisa ngambil antrian di jkn kecewa,negatif
Pengguna Google,5,04/22/2026 23:41,4.16.1,selama ada mobile jadi semua mudah baik perpindahan faskes daftar online dll nya ga lama antri jadi nya mohon terus di perbaiki untuk yg di desa,negatif
Pengguna Google,1,04/22/2026 23:37,4.16.1,gimana yahh setelah saya liat komentar yang lain terkait pengiriman notif kode otp sms yang tidak terkirim banyak juga yah kendala nya tolong ini di perbaiki ya soalnya saya sudah kali mencoba ttp tidak ad notif yang masuk di sms saya kalo ini terkendala sinyal maaf deh ya sinyal sy full wifi juga sinyal bagus bagus saja di pake internet maupun nonton youtube tolong yah segera di perbaiki mengecewakan,positif
Pengguna Google,5,04/22/2026 23:07,4.16.1,mempermudah untuk daftar ke faskes pertama tanpa harus antri panjang bisa di sesuaikan waktu nya,positif
Pengguna Google,4,04/22/2026 23:00,4.16.1,mantag,negatif
Pengguna Google,1,04/22/2026 22:42,4.16.1,kode otp gak di kirim udah sehari semalam,negatif
Pengguna Google,5,04/22/2026 22:42,4.14.0,sangat membantu,negatif
Pengguna Google,5,04/22/2026 22:31,4.16.1,sangat membantu,negatif
Pengguna Google,5,04/22/2026 22:28,4.16.1,menjadi cepat pelayanan nya,positif
Pengguna Google,1,04/22/2026 21:46,4.16.1,mau daftar anterian aja muter teross rakyate karo dipikir bos ojo duite tok,negatif
Pengguna Google,5,04/22/2026 21:11,4.16.1,terimakasih sangat membantu,negatif
Pengguna Google,1,04/22/2026 21:07,4.16.1,login sebanyak banyaknya ttp gk bisa masuk,negatif
Pengguna Google,2,04/22/2026 21:07,4.16.1,gabisa dapet kode otp mulu,negatif
Pengguna Google,5,04/22/2026 20:57,4.16.1,pokoknya bagus deh,positif
Pengguna Google,5,04/22/2026 20:36,4.16.1,bpjs sy ditangguhkan karena kesalahan data dari kemensos yang menganggap saya anggota tni polri asn anggota dewan padahal saya warga sipil biasa,negatif
Pengguna Google,5,04/22/2026 18:40,4.16.1,terimakasih aplikasi ini sangat membantu masyarakat terimakasih untuk seluruh pemerintah yang terkait,negatif
Pengguna Google,5,04/22/2026 18:19,4.16.1,bisa terkontrol kesehatan saya,negatif
Pengguna Google,1,04/22/2026 18:17,4.16.1,percuma ada aplikasi mau daptar cek up aja ga bisa bisa padahal dah ada surat rujukan dari hari sebelum rujukan reservasi udah penuh sama aja bohong ada aplikasi singkronisasi sama rumah sakit nya ga kongkrit,negatif
Pengguna Google,5,04/22/2026 17:49,4.16.1,the best,positif
Pengguna Google,1,04/22/2026 17:46,4.16.1,aplikasi kagak jelas mau login aja susah,negatif
Pengguna Google,5,04/22/2026 17:41,4.16.1,ok bngt,negatif
Pengguna Google,5,04/22/2026 17:03,4.16.1,mudah di akses,negatif
Pengguna Google,5,04/22/2026 16:45,4.16.1,bgus bnget,negatif
Pengguna Google,5,04/22/2026 16:30,4.16.1,mudah aplikasi dan membantu,negatif
Pengguna Google,5,04/22/2026 16:11,4.16.1,ka tolong kenala kode otp dari nomer telepon gk ada ya kak gak di kirim kirm,negatif
Pengguna Google,5,04/22/2026 16:01,4.16.1,ok,negatif
Pengguna Google,1,04/22/2026 15:57,4.16.1,jeleqq banegt sihhh sistemnya ini nunggu otp kaga kekirim hihhh sebel banget dibenahi donggg aduhhhh,negatif
Pengguna Google,5,04/22/2026 15:44,4.16.1,baik sekali,positif
Pengguna Google,5,04/22/2026 15:43,4.16.1,mudah dan cepat,positif
Pengguna Google,5,04/22/2026 15:41,4.16.1,aplikasi mobile jkn sangat bagus dan memuaskan,positif
Pengguna Google,5,04/22/2026 15:31,4.16.1,aplikasi yang sangat bermanfaat,negatif
Pengguna Google,5,04/22/2026 15:25,4.16.1,jkn sangat bagus pokonya kren,positif
Pengguna Google,1,04/22/2026 15:22,4.16.1,aplikasi tolol dibilang salah mulu input ktp sampe terblokir padahal udah benar nomor ktpnya,negatif
Pengguna Google,5,04/22/2026 15:19,4.16.0,sangat mudah digunakan,negatif
Pengguna Google,5,04/22/2026 15:16,4.16.1,top,positif
Pengguna Google,5,04/22/2026 15:07,4.16.1,sangat bermanfaat,negatif
Pengguna Google,5,04/22/2026 15:00,4.16.1,apps jkn sangat bagus dan sangat membantu untuk pendaftaran kesehatan bpjs,positif
Pengguna Google,5,04/22/2026 14:59,4.16.1,agak lemot ketika masuk aplikasi,negatif
Pengguna Google,5,04/22/2026 14:56,4.16.1,bagus tapi kurang cepat tanggap denda sudah di bayar tpi sya cek masih dalam masa denda,positif
Pengguna Google,5,04/22/2026 14:50,4.16.1,bagus,positif
Pengguna Google,1,04/22/2026 14:32,4.16.1,aplikasi goblokkk,negatif
Pengguna Google,5,04/22/2026 14:24,4.16.1,aksesnya semangkin mudah,negatif
Pengguna Google,5,04/22/2026 14:23,4.16.1,bagus,positif
Pengguna Google,5,04/22/2026 13:44,4.16.1,alamat nya suka ganti sendiri aneh,negatif
Pengguna Google,1,04/22/2026 13:37,4.16.1,ga bisa daftar login juga ga bisa,negatif
Pengguna Google,5,04/22/2026 13:34,4.16.1,baguss,positif
Pengguna Google,1,04/22/2026 13:29,4.16.1,aplikasi tidak bisa di buka sering error bug force close terus keluar sendiri tolong mohon di perbaiki ya ke depannya terimakasih,negatif
Pengguna Google,5,04/22/2026 13:26,4.16.1,top,positif
Pengguna Google,1,04/22/2026 13:21,4.16.1,ribet,negatif
Pengguna Google,2,04/22/2026 13:19,4.16.1,aplikasi nya rusak ini,negatif
Pengguna Google,1,04/22/2026 13:18,4.16.1,klo aplikasi tidak terpakai harus selalu terus daftar ulang daftar ulangnya ribet orang sakit di kasi bangun untuk verifikasi muka jadi ini aplikasi untuk selalu kita sakit agar tidak daftar ulang lagi faaahhh,negatif
Pengguna Google,5,04/22/2026 13:10,4.16.1,kurang paham cara gunakan nya,negatif
Pengguna Google,5,04/22/2026 13:01,4.16.1,bagus mantap,positif
Pengguna Google,4,04/22/2026 12:48,4.16.1,mantap,positif
Pengguna Google,5,04/22/2026 12:29,4.16.1,top,positif
Pengguna Google,5,04/22/2026 12:28,4.16.1,keren,positif
Pengguna Google,4,04/22/2026 12:25,4.16.1,agak ribet,negatif
Pengguna Google,5,04/22/2026 12:24,4.16.1,baik,positif
Pengguna Google,5,04/22/2026 12:24,4.16.1,sangat bermanfaat,negatif
Pengguna Google,1,04/22/2026 12:19,4.16.1,mau ubah no aja susahnya minta ampun,negatif
Pengguna Google,5,04/22/2026 12:18,4.16.1,samgaattt baikk dan membantu sekali,positif
Pengguna Google,2,04/22/2026 12:15,4.16.1,mau masuk aja susah amat verifikasi udah tapi gak ada masuk di sms udh nomor ni,negatif
Pengguna Google,4,04/22/2026 12:12,4.16.1,bagus sangat bermanfaat,positif
Pengguna Google,1,04/22/2026 12:10,4.16.1,kenapa yaa apa yg berbau pemerintah bawaan nya gw dah ga percaya aj ternyata bner cek no hp blom terdaftar pas daftar verifikasi wajah ga bisa pdahal cahaya terang poto jernih muka udh di dlem kotak ga ngedip ga bergerak tpi ada menit gda pengaruh apa,negatif
Pengguna Google,5,04/22/2026 12:07,4.16.1,kenapa siih aplikasi ini tiba tiba log out bagian mau log in masukin nik udah bner dibilang nik nya salah tolong dong diperbaiki lagii sistem nya,positif
Pengguna Google,5,04/22/2026 11:58,4.16.1,mudah praktis,negatif
Pengguna Google,5,04/22/2026 11:55,4.16.1,sangat bagus,positif
Pengguna Google,5,04/22/2026 11:54,4.16.1,aplikasi mudah dan sangat membantu,negatif
Pengguna Google,1,04/22/2026 11:47,4.16.1,gile dari coba daftar sampe sekarang masih gagal,negatif
Pengguna Google,5,04/22/2026 11:27,4.16.1,sangat membantu,negatif
Pengguna Google,5,04/22/2026 11:23,4.16.1,lumayanlah tingkatkan terus aplikasinya,negatif
Pengguna Google,2,04/22/2026 11:22,4.16.1,serper ngleg captcha muter sinyal bagus,positif
Pengguna Google,1,04/22/2026 11:08,4.16.1,daftar selalu gagal permintaan sedang diproses tapi belum juga di terima sudah tahun tolong diperbaiki developer,positif
Pengguna Google,5,04/22/2026 10:54,4.16.1,baik,positif
Pengguna Google,5,04/22/2026 10:53,4.16.1,sangat mambantu trimakasi banyak,negatif
Pengguna Google,5,04/22/2026 10:49,4.16.1,bagusss,positif
Pengguna Google,5,04/22/2026 10:46,4.16.1,oke punya,positif
Pengguna Google,5,04/22/2026 10:40,4.16.1,sangat puas,positif
Pengguna Google,5,04/22/2026 10:35,4.16.0,aplikasi ini sangat bermanfaat bagi peserta,negatif
Pengguna Google,5,04/22/2026 10:34,4.16.1,mantap,positif
Pengguna Google,5,04/22/2026 10:24,4.16.1,memudahkan untuk kontrol,negatif
Pengguna Google,1,04/22/2026 10:19,4.16.1,aplikasi gak jelas banyak bug dan juga mempersulit waktu mau daftar,negatif
Pengguna Google,5,04/22/2026 10:15,4.16.1,mudah dan cepat,positif
Pengguna Google,5,04/22/2026 10:08,4.16.1,aplikasinya mudah dipakai dan dipahami responnya juga cepat,positif
Pengguna Google,1,04/22/2026 10:07,4.16.1,apaan si mau kirim kode otp kok ga bisa bisa udah ke berapa kali ini nunggu gaada nunggu gaada sialan bangett katanya kirim otp dikenakan biaya udah berapa duit ini hah beberapa kali ngirim tolong dong perbaiki ga ngerti,positif
Pengguna Google,5,04/22/2026 9:53,4.16.1,akses mudah tampilan ui juga mudah dipahami hanya saja terkadang koneksi internet terputus mohon diperbaiki masalah koneksinya terima kasih,positif
Pengguna Google,5,04/22/2026 9:50,4.16.1,mempermudah,negatif
Pengguna Google,1,04/22/2026 9:49,4.16.1,registrasi sulit saat menuggu kode dari sms kode verifikasi,negatif
Pengguna Google,5,04/22/2026 9:40,4.16.1,luar biasa,negatif
Pengguna Google,1,04/22/2026 9:34,4.16.1,aplikasi gaguna,negatif
Pengguna Google,5,04/22/2026 9:26,4.16.1,ok mntap,negatif
Pengguna Google,5,04/22/2026 9:25,4.16.1,aman,positif
Pengguna Google,5,04/22/2026 9:20,4.16.1,memudahkan pas berobat,negatif
Pengguna Google,1,04/22/2026 9:20,4.16.1,pendaftaran antrian online selalu gagal alasan offline tidak ada koneksi internet padahal di coba buat skrining online log out sama log in bisa udah di coba pakai kuota data sama wifi pun tetep sama tiap kali pendaftaran antrian online selalu gagal padahal aplikasi terkoneksi internet payah,negatif
Pengguna Google,5,04/22/2026 9:20,4.16.1,good,negatif
Pengguna Google,5,04/22/2026 9:16,4.16.1,oke,positif
Pengguna Google,1,04/22/2026 9:12,4.16.1,app dongo org sakit disuruh verif muka ribet bgt,negatif
Pengguna Google,5,04/22/2026 9:07,4.16.1,terimakasih sangat puas dan menyenangkan semua pelayanan,positif
Pengguna Google,1,04/22/2026 9:06,4.16.1,aplikasi yg bikin ribet mau daftar aja gak bisa padahal baru pertama daftar malah no hp sdh terdaftar peserta lain buat apa pakai apk kalo ujung nya hrs ke rs tujuan dulu apk terburuk yg ada di ps,negatif
Pengguna Google,3,04/22/2026 8:55,4.16.1,membantu,negatif
Pengguna Google,5,04/22/2026 8:49,4.16.1,good,negatif
Pengguna Google,1,04/22/2026 8:49,4.16.1,kode otp sms tidak masuk,negatif
Pengguna Google,5,04/22/2026 8:44,4.16.0,jkn sangat membantu sekli buat saya ega perlu hrs mengantri lama di rmh sakit tinggal dateng aja uda langsung panggilan masuk karena sebelum nya uda daftar dluaan di onlin,negatif
Pengguna Google,5,04/22/2026 8:26,4.16.1,sangat membantu terimakasih jkn,negatif
Pengguna Google,4,04/22/2026 8:25,4.15.0,cukup membantu,negatif
Pengguna Google,5,04/22/2026 8:17,4.16.1,sangat bagus,positif
Pengguna Google,5,04/22/2026 8:10,4.16.1,bagus mantap,positif
Pengguna Google,2,04/22/2026 8:05,4.0.1,aplikasi tidak user friendly untuk masuk dibatasi user jika login dengan user lebih tidak bisa masuk dan tidak ada penyelesaian di aplikasi apakah aplikasi niat untuk digunakan masyarakat atau tidak,negatif
Pengguna Google,1,04/22/2026 7:48,4.16.1,gak ada aplikasi pemerintah yang bagus,positif
Pengguna Google,4,04/22/2026 7:45,4.16.1,kenapaa di waktu verivikasi muka malah ga bisa sih klau gitu gmn mau terdaftar,negatif
Pengguna Google,5,04/22/2026 7:41,4.16.1,sangat membantu,negatif
Pengguna Google,5,04/22/2026 7:38,4.16.1,semoga bermanfaat selalu amanah,positif
Pengguna Google,5,04/22/2026 7:33,4.16.1,ini jkn gmna si no antrian pake aplikasi tpi gak bisa di screenshot,negatif
Pengguna Google,1,04/22/2026 7:30,4.16.1,mau daftar buat control lnjttan gk bs app y gk mnjmin mlh dilmpar sono sini klo bkin app yg up to date lh yg gmpng dphmi sm pngguna y jgn mlh bkin ksel mlu antara sever sm pngguna,negatif
Pengguna Google,1,04/22/2026 7:20,4.16.1,aplikasinya sangat busuk mau minta otp aja gak bisa sangat mempersulit orang aplikasi busuk,negatif
Pengguna Google,5,04/22/2026 7:14,4.15.0,mantap banget dah,positif
Pengguna Google,1,04/22/2026 7:06,4.16.1,paling ribet daftar aplikasi ini semua gabisa tapi giliran mau ke rs harus pake apk ini sangat tidak kompetitif disaat diperlukan tolong diperbaiki lagi mau daftar aja susah apk ini,positif
Pengguna Google,5,04/22/2026 6:58,4.16.1,baik,positif
Pengguna Google,5,04/22/2026 6:55,4.16.1,mantap,positif
Pengguna Google,1,04/22/2026 6:54,4.16.1,minn tolong perbaiki lagii ini aplikasi tiap masuk suka ke log out sendiri aneh bangett truss pas udh daftar nik sama sandi nya salah truss padahal udah bener yg ituu tolong dong apk ini jangan di persulit kasiann yg berobat jalann,positif
Pengguna Google,5,04/22/2026 6:49,4.16.1,mudah an semakin lancar dan baik pelayanannya,positif
Pengguna Google,1,04/22/2026 6:49,4.16.1,authentikasi otp sms nya tolong dibenerin,negatif
Pengguna Google,1,04/22/2026 6:49,4.16.1,gagal terus parah apk,negatif
Pengguna Google,1,04/22/2026 6:35,4.16.1,mentang punya pemerintah layanan sering error,negatif
Pengguna Google,5,04/22/2026 6:30,4.16.1,mudah di gunakan dan bermanfaat untuk kesehatan keluarga saya,negatif
Pengguna Google,1,04/22/2026 6:29,4.16.1,ga berguna ga bisa masuk,negatif
Pengguna Google,5,04/22/2026 6:27,4.16.1,mantap,positif
Pengguna Google,1,04/22/2026 6:26,4.16.1,masa otp ga masuk masuk padahal internet bagus gmn sih nyusahin orang yang make bpjs,positif
Pengguna Google,5,04/22/2026 6:22,4.16.1,apl yg simple mudah digunakan n terpercaya trimakasih jkn mobile,negatif
Pengguna Google,1,04/22/2026 6:21,4.16.1,gak bisa verifikasi wajah gak tau wajah saya yang jelek atau giman tolong di perbaiki lagi sistemnya,negatif
Pengguna Google,5,04/22/2026 6:12,4.16.1,sangat baik,positif
Pengguna Google,1,04/22/2026 6:09,4.16.1,kenapa gk bisa daftar online buat konsultasi ke rs padahal rujukan masih berlaku data sudah di input kan katanya iuran sudah bayar,negatif
Pengguna Google,5,04/22/2026 6:04,4.16.1,ok,negatif
Pengguna Google,5,04/22/2026 6:03,4.16.1,cocok bagus,positif
Pengguna Google,5,04/22/2026 5:56,4.16.1,tidak ada kesulitan,negatif
Pengguna Google,1,04/22/2026 5:50,4.16.1,aplikasi knt face recognition lama gambar ga stabil force close mulu dev mobile app lu kek mmx,negatif
Pengguna Google,1,04/22/2026 5:34,4.16.1,woy coba geh tuh aplikasi di perbaiki lagi aplikasi pemerintah jelek amat kualitas nya mau log in aja susah krena lupa pasword nya payah amat,negatif
Pengguna Google,1,04/22/2026 5:33,4.16.1,kode otpnya susah banget,negatif
Pengguna Google,5,04/22/2026 5:29,4.16.1,semoga selalu meningkat dan bertumbuh,negatif
Pengguna Google,5,04/22/2026 5:27,4.16.1,sejauh ini bagus,positif
Pengguna Google,5,04/22/2026 5:26,4.16.1,mantap,positif
Pengguna Google,5,04/22/2026 5:11,4.16.1,sangat mempermudah tinggal daftar dan ambil nmr antrian setealah itu kita ke klinik tunjukan nmr antrian,negatif
Pengguna Google,5,04/22/2026 5:10,4.16.1,bagus,positif
Pengguna Google,5,04/22/2026 5:07,4.16.1,sangat membantu pelayanan bpjs dirumah sakit,negatif
Pengguna Google,1,04/22/2026 4:54,4.16.1,sering logout sendiri mana loginnya susah lagi,negatif
Pengguna Google,1,04/22/2026 4:54,4.16.1,aplikasi kentut mau daftar gagal terus udah kaya ale ale coba lagi coba lagi,negatif
Pengguna Google,5,04/22/2026 4:51,4.16.1,mantap,positif
Pengguna Google,3,04/22/2026 4:50,4.16.1,bagus,positif
Pengguna Google,5,04/22/2026 4:33,4.16.1,aplikasih yg mudah dan ringan bisa membantu secara online tdk lemot semoga bermanfaat,negatif
Pengguna Google,1,04/22/2026 4:33,4.16.1,kode otp ngga masuk,negatif
Pengguna Google,5,04/22/2026 4:32,4.16.1,pelayanan top,positif
Pengguna Google,5,04/22/2026 4:25,4.16.1,best banget sekarang urus bpjs mudah dengan mobile jkn asal semua data benar cek lagi gunakan pin dan password anda dengan baik dan benar terimakasih mjkn,positif
Pengguna Google,3,04/22/2026 4:24,4.16.1,mungkin diadakan penggabungan suami n istri yang sama kerja ke dalam akun jadi meski hp akun bisa buka data keluarga karena kk,negatif
Pengguna Google,1,04/22/2026 4:23,4.16.1,ini kenapa pas daftar pake no tlfn gak bisa yaa,negatif
Pengguna Google,1,04/22/2026 4:22,4.16.1,ini kenapa dah udah ngirim verifikasi ke sms tapi gagal terus padahal sinyal lancar bagus apk gjls,positif
Pengguna Google,5,04/22/2026 4:21,4.16.1,terima kasih mobil jkn telah membantu dan mempermudahkan,negatif
Pengguna Google,5,04/22/2026 4:14,4.16.1,sukses lancar dipermudah,positif
Pengguna Google,5,04/22/2026 4:09,4.16.1,saangat nyaman dipakai,positif
Pengguna Google,1,04/22/2026 4:06,4.16.1,percuma ada aplikasi diminta install saat pendaftaran di kantor tapi nyatanya tidak bisa verifikasi nomor ditunggu menit berkali kali tetap tidak ada kode diterima pandawa pun juga tidak ada manfaatnya tidak membantu sama sekali,negatif
Pengguna Google,1,04/22/2026 3:48,4.16.1,pokonx jelek bangattttt nga jelass katanya gacor apanya yg gacor mungkin jelek gacornx ini pemerintah nga baca komentar atau gimana yahhh nga ada satupun komentar yg bagus,negatif
Pengguna Google,5,04/22/2026 3:46,4.16.1,aplikasi sangat berguna untuk faskes,negatif
Pengguna Google,5,04/22/2026 3:45,4.16.1,panduan dari mobile jkn sangat mudah di mengerti dan sangat bermanfaat,negatif
Pengguna Google,2,04/22/2026 3:42,4.16.1,mengecewakan sudah disimpan sandi dan password out sendiri dan minta login ulang mana lupa sandi lagi jadi gak bisa diakses,negatif
Pengguna Google,5,04/22/2026 3:38,4.16.0,sejauh ini sangat nyaman menggunakan apk jkn mobile,positif
Pengguna Google,5,04/22/2026 3:37,4.16.1,aplikasi ini mudah dijalankan,negatif
Pengguna Google,5,04/22/2026 3:33,4.16.1,sangat membantu,negatif
Pengguna Google,1,04/22/2026 3:26,4.16.1,apk gembel,negatif
Pengguna Google,3,04/22/2026 3:26,4.16.1,makin lama sistem makin buruk tolonglah segera perbaiki lagi tuh sistem bukanya mempermudah tapi mempersulit trus apa gunanya aplikaai ini dibuat,negatif
Pengguna Google,1,04/22/2026 3:24,4.16.1,berkali kali mendaftar akun melalui mobile jkn selalu gagal pas proses verifikasi,negatif
Pengguna Google,1,04/22/2026 3:22,4.16.1,udah coba masuk daftar tp gk bisa bisa solusinya apa mimin,negatif
Pengguna Google,2,04/22/2026 3:22,4.16.1,sring gk bisa di gunakan daptar online,negatif
Pengguna Google,1,04/22/2026 3:21,4.16.1,kenapa kok saya sudah registrasi ketika mau verifikasi malah tidak bisa dengan notif daftar nomer kosong aneh bgt jadi susah mau berobat harus online dulu,negatif
Pengguna Google,1,04/22/2026 3:18,4.16.1,apk jelek login gabisa,negatif
Pengguna Google,5,04/22/2026 3:07,4.16.1,mempermudah pengurusan tidak perlu datang dan antri panjang membuang waktu cukup dengan online sudah terselesaikan,negatif
Pengguna Google,5,04/22/2026 3:04,4.16.1,sangat membantu,negatif
Pengguna Google,5,04/22/2026 3:03,4.16.1,lumayan membantu aplikasi bpjs jin ini,negatif
Pengguna Google,5,04/22/2026 2:52,4.14.0,mendapatkan pelayanan yg baik,positif
Pengguna Google,5,04/22/2026 2:47,4.16.1,sangat membantu,negatif
Pengguna Google,5,04/22/2026 2:44,4.16.0,mantap bgt aplikasi nya semua jadi lebih mudah terimakasih mobile jkn semua lebih mudah,positif
Pengguna Google,1,04/22/2026 2:41,4.16.1,otp sms aja ga masuk masuk,negatif
Pengguna Google,5,04/22/2026 2:37,4.16.1,ok,negatif
Pengguna Google,1,04/22/2026 2:29,4.16.1,minta kode otp sms g msuk yang maunya hemat waktu jadi tersita di apk ini seharusnya kalau belum siap apk nya jangan di berlakukan dulu udah ribet bikin emosi,negatif
Pengguna Google,5,04/22/2026 2:28,4.16.1,sangat membantu respon cepat,positif
Pengguna Google,1,04/22/2026 2:04,4.16.1,nunggu otp aja ga masuk ada apk malah ruwet sial,negatif
Pengguna Google,5,04/22/2026 2:00,4.15.0,bagus sgt membantu,positif
